stem,image_path,iou,dice,ap
cju0qkwl35piu0993l0dewei2,/Users/brian/Desktop/VCL318/Swin-ViT/ViTUnet vs SwinUnet/Dataset/processed/Kvasir-SEG/images/cju0qkwl35piu0993l0dewei2.jpg,0.949146,0.973909,0.997763
cju0qoxqj9q6s0835b43399p4,/Users/brian/Desktop/VCL318/Swin-ViT/ViTUnet vs SwinUnet/Dataset/processed/Kvasir-SEG/images/cju0qoxqj9q6s0835b43399p4.jpg,0.742028,0.851913,0.982616
cju0qx73cjw570799j4n5cjze,/Users/brian/Desktop/VCL318/Swin-ViT/ViTUnet vs SwinUnet/Dataset/processed/Kvasir-SEG/images/cju0qx73cjw570799j4n5cjze.jpg,0.944305,0.971355,0.997316
cju0roawvklrq0799vmjorwfv,/Users/brian/Desktop/VCL318/Swin-ViT/ViTUnet vs SwinUnet/Dataset/processed/Kvasir-SEG/images/cju0roawvklrq0799vmjorwfv.jpg,0.895497,0.944868,0.990197
cju0rx1idathl0835detmsp84,/Users/brian/Desktop/VCL318/Swin-ViT/ViTUnet vs SwinUnet/Dataset/processed/Kvasir-SEG/images/cju0rx1idathl0835detmsp84.jpg,0.903141,0.949106,0.977431
cju0s2a9ekvms080138tjjpxr,/Users/brian/Desktop/VCL318/Swin-ViT/ViTUnet vs SwinUnet/Dataset/processed/Kvasir-SEG/images/cju0s2a9ekvms080138tjjpxr.jpg,0.953465,0.976178,0.999002
cju0s690hkp960855tjuaqvv0,/Users/brian/Desktop/VCL318/Swin-ViT/ViTUnet vs SwinUnet/Dataset/processed/Kvasir-SEG/images/cju0s690hkp960855tjuaqvv0.jpg,0.92163,0.959217,0.994018
cju0sr5ghl0nd08789uzf1raf,/Users/brian/Desktop/VCL318/Swin-ViT/ViTUnet vs SwinUnet/Dataset/processed/Kvasir-SEG/images/cju0sr5ghl0nd08789uzf1raf.jpg,0.910554,0.953183,0.993924
cju0sxqiclckk08551ycbwhno,/Users/brian/Desktop/VCL318/Swin-ViT/ViTUnet vs SwinUnet/Dataset/processed/Kvasir-SEG/images/cju0sxqiclckk08551ycbwhno.jpg,0.934239,0.966002,0.997313
cju0t4oil7vzk099370nun5h9,/Users/brian/Desktop/VCL318/Swin-ViT/ViTUnet vs SwinUnet/Dataset/processed/Kvasir-SEG/images/cju0t4oil7vzk099370nun5h9.jpg,0.96499,0.982183,0.998955
cju0tl3uz8blh0993wxvn7ly3,/Users/brian/Desktop/VCL318/Swin-ViT/ViTUnet vs SwinUnet/Dataset/processed/Kvasir-SEG/images/cju0tl3uz8blh0993wxvn7ly3.jpg,0.058966,0.111366,0.047102
cju0u2g7pmnux0801vkk47ivj,/Users/brian/Desktop/VCL318/Swin-ViT/ViTUnet vs SwinUnet/Dataset/processed/Kvasir-SEG/images/cju0u2g7pmnux0801vkk47ivj.jpg,0.971492,0.98554,0.999414
cju0u82z3cuma0835wlxrnrjv,/Users/brian/Desktop/VCL318/Swin-ViT/ViTUnet vs SwinUnet/Dataset/processed/Kvasir-SEG/images/cju0u82z3cuma0835wlxrnrjv.jpg,0.953723,0.976314,0.996956
cju0ue769mxii08019zqgdbxn,/Users/brian/Desktop/VCL318/Swin-ViT/ViTUnet vs SwinUnet/Dataset/processed/Kvasir-SEG/images/cju0ue769mxii08019zqgdbxn.jpg,0.891892,0.942857,0.979453
cju0vtox5ain6099360pu62rp,/Users/brian/Desktop/VCL318/Swin-ViT/ViTUnet vs SwinUnet/Dataset/processed/Kvasir-SEG/images/cju0vtox5ain6099360pu62rp.jpg,0.917774,0.957124,0.995865
cju13cgqmnhwn0988yrainhcp,/Users/brian/Desktop/VCL318/Swin-ViT/ViTUnet vs SwinUnet/Dataset/processed/Kvasir-SEG/images/cju13cgqmnhwn0988yrainhcp.jpg,0.938294,0.968165,0.998226
cju13fwthn9mq0835gacxgy01,/Users/brian/Desktop/VCL318/Swin-ViT/ViTUnet vs SwinUnet/Dataset/processed/Kvasir-SEG/images/cju13fwthn9mq0835gacxgy01.jpg,0.947691,0.973143,0.997439
cju13hp5rnbjx0835bf0jowgx,/Users/brian/Desktop/VCL318/Swin-ViT/ViTUnet vs SwinUnet/Dataset/processed/Kvasir-SEG/images/cju13hp5rnbjx0835bf0jowgx.jpg,0.955949,0.977478,0.998444
cju14g8o4xui30878gkgbrvqj,/Users/brian/Desktop/VCL318/Swin-ViT/ViTUnet vs SwinUnet/Dataset/processed/Kvasir-SEG/images/cju14g8o4xui30878gkgbrvqj.jpg,0.919883,0.95827,0.99588
cju14hjh2ob2o0835ouz3r5aa,/Users/brian/Desktop/VCL318/Swin-ViT/ViTUnet vs SwinUnet/Dataset/processed/Kvasir-SEG/images/cju14hjh2ob2o0835ouz3r5aa.jpg,0.938315,0.968176,0.997028
cju14pxbaoksp0835qzorx6g6,/Users/brian/Desktop/VCL318/Swin-ViT/ViTUnet vs SwinUnet/Dataset/processed/Kvasir-SEG/images/cju14pxbaoksp0835qzorx6g6.jpg,0.970165,0.984857,0.99945
cju15czxqp3lv0835jvhgzurz,/Users/brian/Desktop/VCL318/Swin-ViT/ViTUnet vs SwinUnet/Dataset/processed/Kvasir-SEG/images/cju15czxqp3lv0835jvhgzurz.jpg,0.942881,0.970601,0.997502
cju15jr8jz8sb0855ukmkswkz,/Users/brian/Desktop/VCL318/Swin-ViT/ViTUnet vs SwinUnet/Dataset/processed/Kvasir-SEG/images/cju15jr8jz8sb0855ukmkswkz.jpg,0.978635,0.989202,0.999754
cju15l5ubz9yh0855b3ivdpse,/Users/brian/Desktop/VCL318/Swin-ViT/ViTUnet vs SwinUnet/Dataset/processed/Kvasir-SEG/images/cju15l5ubz9yh0855b3ivdpse.jpg,0.929532,0.963479,0.9968
cju15mhjczc8z0801kit5c6di,/Users/brian/Desktop/VCL318/Swin-ViT/ViTUnet vs SwinUnet/Dataset/processed/Kvasir-SEG/images/cju15mhjczc8z0801kit5c6di.jpg,0.944738,0.971584,0.997039
cju15ptjtppz40988odsm9azx,/Users/brian/Desktop/VCL318/Swin-ViT/ViTUnet vs SwinUnet/Dataset/processed/Kvasir-SEG/images/cju15ptjtppz40988odsm9azx.jpg,0.905473,0.950392,0.990361
cju15wdt3zla10801odjiw7sy,/Users/brian/Desktop/VCL318/Swin-ViT/ViTUnet vs SwinUnet/Dataset/processed/Kvasir-SEG/images/cju15wdt3zla10801odjiw7sy.jpg,0.954314,0.976623,0.998214
cju160wshltz10993i1gmqxbe,/Users/brian/Desktop/VCL318/Swin-ViT/ViTUnet vs SwinUnet/Dataset/processed/Kvasir-SEG/images/cju160wshltz10993i1gmqxbe.jpg,0.924167,0.960589,0.995623
cju16ach3m1da0993r1dq3sn2,/Users/brian/Desktop/VCL318/Swin-ViT/ViTUnet vs SwinUnet/Dataset/processed/Kvasir-SEG/images/cju16ach3m1da0993r1dq3sn2.jpg,0.967212,0.983333,0.998969
cju16b6ynq8e40988m8vx0xnj,/Users/brian/Desktop/VCL318/Swin-ViT/ViTUnet vs SwinUnet/Dataset/processed/Kvasir-SEG/images/cju16b6ynq8e40988m8vx0xnj.jpg,0.907975,0.951768,0.992169
cju16d65tzw9d0799ouslsw25,/Users/brian/Desktop/VCL318/Swin-ViT/ViTUnet vs SwinUnet/Dataset/processed/Kvasir-SEG/images/cju16d65tzw9d0799ouslsw25.jpg,0.897397,0.945924,0.997945
cju16fpvhzypl0799p9phnlx6,/Users/brian/Desktop/VCL318/Swin-ViT/ViTUnet vs SwinUnet/Dataset/processed/Kvasir-SEG/images/cju16fpvhzypl0799p9phnlx6.jpg,0.935971,0.966927,0.997132
cju16jgnyzp970878melv7r25,/Users/brian/Desktop/VCL318/Swin-ViT/ViTUnet vs SwinUnet/Dataset/processed/Kvasir-SEG/images/cju16jgnyzp970878melv7r25.jpg,0.921792,0.959305,0.994696
cju16whaj0e7n0855q7b6cjkm,/Users/brian/Desktop/VCL318/Swin-ViT/ViTUnet vs SwinUnet/Dataset/processed/Kvasir-SEG/images/cju16whaj0e7n0855q7b6cjkm.jpg,0.900325,0.947548,0.986446
cju171py4qiha0835u8sl59ds,/Users/brian/Desktop/VCL318/Swin-ViT/ViTUnet vs SwinUnet/Dataset/processed/Kvasir-SEG/images/cju171py4qiha0835u8sl59ds.jpg,0.928185,0.962755,0.995295
cju175facms5f0993a5tjikvt,/Users/brian/Desktop/VCL318/Swin-ViT/ViTUnet vs SwinUnet/Dataset/processed/Kvasir-SEG/images/cju175facms5f0993a5tjikvt.jpg,0.94163,0.969938,0.997811
cju17bz250pgd0799u1hqkj5u,/Users/brian/Desktop/VCL318/Swin-ViT/ViTUnet vs SwinUnet/Dataset/processed/Kvasir-SEG/images/cju17bz250pgd0799u1hqkj5u.jpg,0.950404,0.974572,0.997952
cju17g6ykn1cs0993dww6qdi8,/Users/brian/Desktop/VCL318/Swin-ViT/ViTUnet vs SwinUnet/Dataset/processed/Kvasir-SEG/images/cju17g6ykn1cs0993dww6qdi8.jpg,0.926481,0.961838,0.993622
cju17hw9hr9c5098800fu4u8e,/Users/brian/Desktop/VCL318/Swin-ViT/ViTUnet vs SwinUnet/Dataset/processed/Kvasir-SEG/images/cju17hw9hr9c5098800fu4u8e.jpg,0.928181,0.962753,0.997933
cju17otoe119u0799nqcbl8n1,/Users/brian/Desktop/VCL318/Swin-ViT/ViTUnet vs SwinUnet/Dataset/processed/Kvasir-SEG/images/cju17otoe119u0799nqcbl8n1.jpg,0.899373,0.947021,0.994541
cju17r8il13910799dr2wme2e,/Users/brian/Desktop/VCL318/Swin-ViT/ViTUnet vs SwinUnet/Dataset/processed/Kvasir-SEG/images/cju17r8il13910799dr2wme2e.jpg,0.903904,0.949527,0.996309
cju17v6ih0u7808783zcbg1jy,/Users/brian/Desktop/VCL318/Swin-ViT/ViTUnet vs SwinUnet/Dataset/processed/Kvasir-SEG/images/cju17v6ih0u7808783zcbg1jy.jpg,0.962718,0.981005,0.998701
cju17x0j4nfc10993y31pvlgs,/Users/brian/Desktop/VCL318/Swin-ViT/ViTUnet vs SwinUnet/Dataset/processed/Kvasir-SEG/images/cju17x0j4nfc10993y31pvlgs.jpg,0.832358,0.90851,0.996198
cju17z0qongpa0993de4boim4,/Users/brian/Desktop/VCL318/Swin-ViT/ViTUnet vs SwinUnet/Dataset/processed/Kvasir-SEG/images/cju17z0qongpa0993de4boim4.jpg,0.909387,0.952544,0.991637
cju1819curo000988pd5xcqme,/Users/brian/Desktop/VCL318/Swin-ViT/ViTUnet vs SwinUnet/Dataset/processed/Kvasir-SEG/images/cju1819curo000988pd5xcqme.jpg,0.96187,0.980564,0.998302
cju183od81ff608017ekzif89,/Users/brian/Desktop/VCL318/Swin-ViT/ViTUnet vs SwinUnet/Dataset/processed/Kvasir-SEG/images/cju183od81ff608017ekzif89.jpg,0.939612,0.968866,0.996613
cju1871y11d6r0799k6cw4yze,/Users/brian/Desktop/VCL318/Swin-ViT/ViTUnet vs SwinUnet/Dataset/processed/Kvasir-SEG/images/cju1871y11d6r0799k6cw4yze.jpg,0.952405,0.975622,0.998253
cju18849rrsgr0988p90hkygb,/Users/brian/Desktop/VCL318/Swin-ViT/ViTUnet vs SwinUnet/Dataset/processed/Kvasir-SEG/images/cju18849rrsgr0988p90hkygb.jpg,0.960633,0.979921,0.999071
cju18gzrq18zw0878wbf4ftw6,/Users/brian/Desktop/VCL318/Swin-ViT/ViTUnet vs SwinUnet/Dataset/processed/Kvasir-SEG/images/cju18gzrq18zw0878wbf4ftw6.jpg,0.941757,0.970005,0.996556
cju18ibp219ub08783i6o98g7,/Users/brian/Desktop/VCL318/Swin-ViT/ViTUnet vs SwinUnet/Dataset/processed/Kvasir-SEG/images/cju18ibp219ub08783i6o98g7.jpg,0.7926,0.884302,0.944571
cju18kevfrojc0835bn90f1in,/Users/brian/Desktop/VCL318/Swin-ViT/ViTUnet vs SwinUnet/Dataset/processed/Kvasir-SEG/images/cju18kevfrojc0835bn90f1in.jpg,0.927176,0.962212,0.996115
cju1alwgo30z60855fm3y23sm,/Users/brian/Desktop/VCL318/Swin-ViT/ViTUnet vs SwinUnet/Dataset/processed/Kvasir-SEG/images/cju1alwgo30z60855fm3y23sm.jpg,0.949841,0.974275,0.99791
cju1amqw6p8pw0993d9gc5crl,/Users/brian/Desktop/VCL318/Swin-ViT/ViTUnet vs SwinUnet/Dataset/processed/Kvasir-SEG/images/cju1amqw6p8pw0993d9gc5crl.jpg,0.900225,0.947493,0.993127
cju1aqqv02qwz0878a5cyhr67,/Users/brian/Desktop/VCL318/Swin-ViT/ViTUnet vs SwinUnet/Dataset/processed/Kvasir-SEG/images/cju1aqqv02qwz0878a5cyhr67.jpg,0.919069,0.957828,0.997616
cju1ats0y372e08011yazcsxm,/Users/brian/Desktop/VCL318/Swin-ViT/ViTUnet vs SwinUnet/Dataset/processed/Kvasir-SEG/images/cju1ats0y372e08011yazcsxm.jpg,0.949622,0.97416,0.998182
cju1b0y2e396p08558ois175d,/Users/brian/Desktop/VCL318/Swin-ViT/ViTUnet vs SwinUnet/Dataset/processed/Kvasir-SEG/images/cju1b0y2e396p08558ois175d.jpg,0.92033,0.958512,0.995328
cju1b3zgj3d8e0801kpolea6c,/Users/brian/Desktop/VCL318/Swin-ViT/ViTUnet vs SwinUnet/Dataset/processed/Kvasir-SEG/images/cju1b3zgj3d8e0801kpolea6c.jpg,0.930655,0.964082,0.996838
cju1b75x63ddl0799sdp0i2j3,/Users/brian/Desktop/VCL318/Swin-ViT/ViTUnet vs SwinUnet/Dataset/processed/Kvasir-SEG/images/cju1b75x63ddl0799sdp0i2j3.jpg,0.862166,0.925982,0.967774
cju1bhnfitmge0835ynls0l6b,/Users/brian/Desktop/VCL318/Swin-ViT/ViTUnet vs SwinUnet/Dataset/processed/Kvasir-SEG/images/cju1bhnfitmge0835ynls0l6b.jpg,0.911166,0.953519,0.996191
cju1bm8063nmh07996rsjjemq,/Users/brian/Desktop/VCL318/Swin-ViT/ViTUnet vs SwinUnet/Dataset/processed/Kvasir-SEG/images/cju1bm8063nmh07996rsjjemq.jpg,0.941222,0.969721,0.997801
cju1brhsj3rls0855a1vgdlen,/Users/brian/Desktop/VCL318/Swin-ViT/ViTUnet vs SwinUnet/Dataset/processed/Kvasir-SEG/images/cju1brhsj3rls0855a1vgdlen.jpg,0.932574,0.965111,0.99662
cju1c0qb4tzi308355wtsnp0y,/Users/brian/Desktop/VCL318/Swin-ViT/ViTUnet vs SwinUnet/Dataset/processed/Kvasir-SEG/images/cju1c0qb4tzi308355wtsnp0y.jpg,0.96156,0.980403,0.998947
cju1c3218411b08014g9f6gig,/Users/brian/Desktop/VCL318/Swin-ViT/ViTUnet vs SwinUnet/Dataset/processed/Kvasir-SEG/images/cju1c3218411b08014g9f6gig.jpg,0.952084,0.975454,0.99786
cju1c4fcu40hl07992b8gj0c8,/Users/brian/Desktop/VCL318/Swin-ViT/ViTUnet vs SwinUnet/Dataset/processed/Kvasir-SEG/images/cju1c4fcu40hl07992b8gj0c8.jpg,0.893275,0.94363,0.991817
cju1c6yfz42md08550zgoz3pw,/Users/brian/Desktop/VCL318/Swin-ViT/ViTUnet vs SwinUnet/Dataset/processed/Kvasir-SEG/images/cju1c6yfz42md08550zgoz3pw.jpg,0.980701,0.990257,0.999656
cju1c8ffau5770835g0g343o8,/Users/brian/Desktop/VCL318/Swin-ViT/ViTUnet vs SwinUnet/Dataset/processed/Kvasir-SEG/images/cju1c8ffau5770835g0g343o8.jpg,0.848064,0.917786,0.985572
cju1cbokpuiw70988j4lq1fpi,/Users/brian/Desktop/VCL318/Swin-ViT/ViTUnet vs SwinUnet/Dataset/processed/Kvasir-SEG/images/cju1cbokpuiw70988j4lq1fpi.jpg,0.890156,0.941886,0.99449
cju1cdxvz48hw0801i0fjwcnk,/Users/brian/Desktop/VCL318/Swin-ViT/ViTUnet vs SwinUnet/Dataset/processed/Kvasir-SEG/images/cju1cdxvz48hw0801i0fjwcnk.jpg,0.927348,0.962305,0.996446
cju1cfhyg48bb0799cl5pr2jh,/Users/brian/Desktop/VCL318/Swin-ViT/ViTUnet vs SwinUnet/Dataset/processed/Kvasir-SEG/images/cju1cfhyg48bb0799cl5pr2jh.jpg,0.959499,0.979331,0.999306
cju1cj3f0qi5n0993ut8f49rj,/Users/brian/Desktop/VCL318/Swin-ViT/ViTUnet vs SwinUnet/Dataset/processed/Kvasir-SEG/images/cju1cj3f0qi5n0993ut8f49rj.jpg,0.935963,0.966922,0.996494
cju1cnnziug1l0835yh4ropyg,/Users/brian/Desktop/VCL318/Swin-ViT/ViTUnet vs SwinUnet/Dataset/processed/Kvasir-SEG/images/cju1cnnziug1l0835yh4ropyg.jpg,0.915021,0.955625,0.99409
cju1cqc7n4gpy0855jt246k68,/Users/brian/Desktop/VCL318/Swin-ViT/ViTUnet vs SwinUnet/Dataset/processed/Kvasir-SEG/images/cju1cqc7n4gpy0855jt246k68.jpg,0.898558,0.946569,0.991832
cju1csmlc4ht10799b8ymmghg,/Users/brian/Desktop/VCL318/Swin-ViT/ViTUnet vs SwinUnet/Dataset/processed/Kvasir-SEG/images/cju1csmlc4ht10799b8ymmghg.jpg,0.944913,0.971676,0.99817
cju1cu1u2474n0878tt7v4tdr,/Users/brian/Desktop/VCL318/Swin-ViT/ViTUnet vs SwinUnet/Dataset/processed/Kvasir-SEG/images/cju1cu1u2474n0878tt7v4tdr.jpg,0.846999,0.917162,0.97642
cju1cvkfwqrec0993wbp1jlzm,/Users/brian/Desktop/VCL318/Swin-ViT/ViTUnet vs SwinUnet/Dataset/processed/Kvasir-SEG/images/cju1cvkfwqrec0993wbp1jlzm.jpg,0.927004,0.962119,0.996696
cju1cyjb5qtie0993njqne9m3,/Users/brian/Desktop/VCL318/Swin-ViT/ViTUnet vs SwinUnet/Dataset/processed/Kvasir-SEG/images/cju1cyjb5qtie0993njqne9m3.jpg,0.968038,0.98376,0.999223
cju1d31sp4d4k0878r3fr02ul,/Users/brian/Desktop/VCL318/Swin-ViT/ViTUnet vs SwinUnet/Dataset/processed/Kvasir-SEG/images/cju1d31sp4d4k0878r3fr02ul.jpg,0.947184,0.972876,0.996687
cju1d50a94qf50855wsowacrc,/Users/brian/Desktop/VCL318/Swin-ViT/ViTUnet vs SwinUnet/Dataset/processed/Kvasir-SEG/images/cju1d50a94qf50855wsowacrc.jpg,0.947402,0.972991,0.997877
cju1d96gsv62d09881b3wecw2,/Users/brian/Desktop/VCL318/Swin-ViT/ViTUnet vs SwinUnet/Dataset/processed/Kvasir-SEG/images/cju1d96gsv62d09881b3wecw2.jpg,0.94871,0.97368,0.997979
cju1ddr6p4k5z08780uuuzit2,/Users/brian/Desktop/VCL318/Swin-ViT/ViTUnet vs SwinUnet/Dataset/processed/Kvasir-SEG/images/cju1ddr6p4k5z08780uuuzit2.jpg,0.875965,0.933882,0.972642
cju1dfeupuzlw0835gnxip369,/Users/brian/Desktop/VCL318/Swin-ViT/ViTUnet vs SwinUnet/Dataset/processed/Kvasir-SEG/images/cju1dfeupuzlw0835gnxip369.jpg,0.942789,0.970552,0.997994
cju1dg44i4z3w0801nyz4p6zf,/Users/brian/Desktop/VCL318/Swin-ViT/ViTUnet vs SwinUnet/Dataset/processed/Kvasir-SEG/images/cju1dg44i4z3w0801nyz4p6zf.jpg,0.0,0.0,0.006911
cju1dhfok4mhe0878jlgrag0h,/Users/brian/Desktop/VCL318/Swin-ViT/ViTUnet vs SwinUnet/Dataset/processed/Kvasir-SEG/images/cju1dhfok4mhe0878jlgrag0h.jpg,0.940697,0.969442,0.997546
cju1dia8hvc6v098827mgffnm,/Users/brian/Desktop/VCL318/Swin-ViT/ViTUnet vs SwinUnet/Dataset/processed/Kvasir-SEG/images/cju1dia8hvc6v098827mgffnm.jpg,0.923927,0.96046,0.996706
cju1djtprvd7b0988thwwrg09,/Users/brian/Desktop/VCL318/Swin-ViT/ViTUnet vs SwinUnet/Dataset/processed/Kvasir-SEG/images/cju1djtprvd7b0988thwwrg09.jpg,0.949952,0.974334,0.997199
cju1dnz61vfp40988e78bkjga,/Users/brian/Desktop/VCL318/Swin-ViT/ViTUnet vs SwinUnet/Dataset/processed/Kvasir-SEG/images/cju1dnz61vfp40988e78bkjga.jpg,0.874499,0.933048,0.992536
cju1dq3x1vgx109889c7wyirg,/Users/brian/Desktop/VCL318/Swin-ViT/ViTUnet vs SwinUnet/Dataset/processed/Kvasir-SEG/images/cju1dq3x1vgx109889c7wyirg.jpg,0.955372,0.977177,0.996335
cju1drnhbrb9409935wi7vkhg,/Users/brian/Desktop/VCL318/Swin-ViT/ViTUnet vs SwinUnet/Dataset/processed/Kvasir-SEG/images/cju1drnhbrb9409935wi7vkhg.jpg,0.073623,0.137149,0.41254
cju1efbr0rqxz09931z0lf4vf,/Users/brian/Desktop/VCL318/Swin-ViT/ViTUnet vs SwinUnet/Dataset/processed/Kvasir-SEG/images/cju1efbr0rqxz09931z0lf4vf.jpg,0.89742,0.945937,0.985461
cju1egh885m1l0855ci1lt37c,/Users/brian/Desktop/VCL318/Swin-ViT/ViTUnet vs SwinUnet/Dataset/processed/Kvasir-SEG/images/cju1egh885m1l0855ci1lt37c.jpg,0.915789,0.956044,0.991688
cju1egx9pvz2n0988eoy8jp23,/Users/brian/Desktop/VCL318/Swin-ViT/ViTUnet vs SwinUnet/Dataset/processed/Kvasir-SEG/images/cju1egx9pvz2n0988eoy8jp23.jpg,0.882955,0.937839,0.991321
cju1ejj7dvqfa0835ra184v5m,/Users/brian/Desktop/VCL318/Swin-ViT/ViTUnet vs SwinUnet/Dataset/processed/Kvasir-SEG/images/cju1ejj7dvqfa0835ra184v5m.jpg,0.948632,0.973639,0.997664
cju1erep75us208553i4ofwwe,/Users/brian/Desktop/VCL318/Swin-ViT/ViTUnet vs SwinUnet/Dataset/processed/Kvasir-SEG/images/cju1erep75us208553i4ofwwe.jpg,0.958976,0.979058,0.998538
cju1euant5l960878iqj5vvto,/Users/brian/Desktop/VCL318/Swin-ViT/ViTUnet vs SwinUnet/Dataset/processed/Kvasir-SEG/images/cju1euant5l960878iqj5vvto.jpg,0.800349,0.889104,0.979603
cju1euuc65wm00799m4sjdnnn,/Users/brian/Desktop/VCL318/Swin-ViT/ViTUnet vs SwinUnet/Dataset/processed/Kvasir-SEG/images/cju1euuc65wm00799m4sjdnnn.jpg,0.931225,0.964388,0.995356
cju1ewnoh5z030855vpex9uzt,/Users/brian/Desktop/VCL318/Swin-ViT/ViTUnet vs SwinUnet/Dataset/processed/Kvasir-SEG/images/cju1ewnoh5z030855vpex9uzt.jpg,0.95214,0.975483,0.998869
cju1expq45zst0855rjqwwj4m,/Users/brian/Desktop/VCL318/Swin-ViT/ViTUnet vs SwinUnet/Dataset/processed/Kvasir-SEG/images/cju1expq45zst0855rjqwwj4m.jpg,0.965467,0.98243,0.999082
cju1f15k3w4ct0835cmde6ypo,/Users/brian/Desktop/VCL318/Swin-ViT/ViTUnet vs SwinUnet/Dataset/processed/Kvasir-SEG/images/cju1f15k3w4ct0835cmde6ypo.jpg,0.929356,0.963385,0.997812
cju1f320ewfyu0988ndz6blh5,/Users/brian/Desktop/VCL318/Swin-ViT/ViTUnet vs SwinUnet/Dataset/processed/Kvasir-SEG/images/cju1f320ewfyu0988ndz6blh5.jpg,0.920924,0.958834,0.988534
cju1f5x1164xv08555654c24r,/Users/brian/Desktop/VCL318/Swin-ViT/ViTUnet vs SwinUnet/Dataset/processed/Kvasir-SEG/images/cju1f5x1164xv08555654c24r.jpg,0.958055,0.978578,0.998631
cju1f79yhsb5w0993txub59ol,/Users/brian/Desktop/VCL318/Swin-ViT/ViTUnet vs SwinUnet/Dataset/processed/Kvasir-SEG/images/cju1f79yhsb5w0993txub59ol.jpg,0.905009,0.950136,0.991706
cju1f8w0t65en0799m9oacq0q,/Users/brian/Desktop/VCL318/Swin-ViT/ViTUnet vs SwinUnet/Dataset/processed/Kvasir-SEG/images/cju1f8w0t65en0799m9oacq0q.jpg,0.929832,0.96364,0.996558
cju1fb9236a110801yvg0fwju,/Users/brian/Desktop/VCL318/Swin-ViT/ViTUnet vs SwinUnet/Dataset/processed/Kvasir-SEG/images/cju1fb9236a110801yvg0fwju.jpg,0.921317,0.959048,0.994932
cju1ffnjn6ctm08015perkg37,/Users/brian/Desktop/VCL318/Swin-ViT/ViTUnet vs SwinUnet/Dataset/processed/Kvasir-SEG/images/cju1ffnjn6ctm08015perkg37.jpg,0.949112,0.973892,0.998117
cju1fj6axwfp30835ukhuzhw9,/Users/brian/Desktop/VCL318/Swin-ViT/ViTUnet vs SwinUnet/Dataset/processed/Kvasir-SEG/images/cju1fj6axwfp30835ukhuzhw9.jpg,0.960168,0.979679,0.998806
cju1fjsb4sipq09931lvd8e41,/Users/brian/Desktop/VCL318/Swin-ViT/ViTUnet vs SwinUnet/Dataset/processed/Kvasir-SEG/images/cju1fjsb4sipq09931lvd8e41.jpg,0.805097,0.892026,0.983153
cju1fm3id6gl50801r3fok20c,/Users/brian/Desktop/VCL318/Swin-ViT/ViTUnet vs SwinUnet/Dataset/processed/Kvasir-SEG/images/cju1fm3id6gl50801r3fok20c.jpg,0.424283,0.595785,0.916193
cju1fmsyf6gxb0801cimx2gle,/Users/brian/Desktop/VCL318/Swin-ViT/ViTUnet vs SwinUnet/Dataset/processed/Kvasir-SEG/images/cju1fmsyf6gxb0801cimx2gle.jpg,0.948681,0.973665,0.998069
cju1fr4etsmrr09933u4t4aql,/Users/brian/Desktop/VCL318/Swin-ViT/ViTUnet vs SwinUnet/Dataset/processed/Kvasir-SEG/images/cju1fr4etsmrr09933u4t4aql.jpg,0.974528,0.9871,0.999387
cju1ftaji6isw0855108yqcse,/Users/brian/Desktop/VCL318/Swin-ViT/ViTUnet vs SwinUnet/Dataset/processed/Kvasir-SEG/images/cju1ftaji6isw0855108yqcse.jpg,0.941554,0.969897,0.996733
cju1fuoa4wmc50835qfd11sp9,/Users/brian/Desktop/VCL318/Swin-ViT/ViTUnet vs SwinUnet/Dataset/processed/Kvasir-SEG/images/cju1fuoa4wmc50835qfd11sp9.jpg,0.948024,0.973319,0.998363
cju1fyb1d69et0878muzdak9u,/Users/brian/Desktop/VCL318/Swin-ViT/ViTUnet vs SwinUnet/Dataset/processed/Kvasir-SEG/images/cju1fyb1d69et0878muzdak9u.jpg,0.464042,0.633919,0.876543
cju1g20bdwq6u0835e16xugcd,/Users/brian/Desktop/VCL318/Swin-ViT/ViTUnet vs SwinUnet/Dataset/processed/Kvasir-SEG/images/cju1g20bdwq6u0835e16xugcd.jpg,0.977856,0.988804,0.999537
cju1g4nsb6ngy0799l4ezm8ab,/Users/brian/Desktop/VCL318/Swin-ViT/ViTUnet vs SwinUnet/Dataset/processed/Kvasir-SEG/images/cju1g4nsb6ngy0799l4ezm8ab.jpg,0.947133,0.972849,0.998151
cju1gghyjwxt80835vx0wgxw0,/Users/brian/Desktop/VCL318/Swin-ViT/ViTUnet vs SwinUnet/Dataset/processed/Kvasir-SEG/images/cju1gghyjwxt80835vx0wgxw0.jpg,0.900906,0.94787,0.994069
cju1gi7jlwyld0835cdf6g6qz,/Users/brian/Desktop/VCL318/Swin-ViT/ViTUnet vs SwinUnet/Dataset/processed/Kvasir-SEG/images/cju1gi7jlwyld0835cdf6g6qz.jpg,0.9251,0.961093,0.994697
cju1gkndf6yi10801o1qnje19,/Users/brian/Desktop/VCL318/Swin-ViT/ViTUnet vs SwinUnet/Dataset/processed/Kvasir-SEG/images/cju1gkndf6yi10801o1qnje19.jpg,0.937352,0.967663,0.994887
cju1gv7106qd008784gk603mg,/Users/brian/Desktop/VCL318/Swin-ViT/ViTUnet vs SwinUnet/Dataset/processed/Kvasir-SEG/images/cju1gv7106qd008784gk603mg.jpg,0.882537,0.937604,0.969597
cju1h5w4wxajx0835mc954kxy,/Users/brian/Desktop/VCL318/Swin-ViT/ViTUnet vs SwinUnet/Dataset/processed/Kvasir-SEG/images/cju1h5w4wxajx0835mc954kxy.jpg,0.949407,0.974047,0.997973
cju1h89h6xbnx08352k2790o9,/Users/brian/Desktop/VCL318/Swin-ViT/ViTUnet vs SwinUnet/Dataset/processed/Kvasir-SEG/images/cju1h89h6xbnx08352k2790o9.jpg,0.955923,0.977465,0.99878
cju1haab178i70799tk9z8y8x,/Users/brian/Desktop/VCL318/Swin-ViT/ViTUnet vs SwinUnet/Dataset/processed/Kvasir-SEG/images/cju1haab178i70799tk9z8y8x.jpg,0.956731,0.977887,0.999219
cju1hhj6mxfp90835n3wofrap,/Users/brian/Desktop/VCL318/Swin-ViT/ViTUnet vs SwinUnet/Dataset/processed/Kvasir-SEG/images/cju1hhj6mxfp90835n3wofrap.jpg,0.930724,0.964119,0.996687
cju1hirfi7ekp0855q0vgm9qq,/Users/brian/Desktop/VCL318/Swin-ViT/ViTUnet vs SwinUnet/Dataset/processed/Kvasir-SEG/images/cju1hirfi7ekp0855q0vgm9qq.jpg,0.832237,0.908438,0.951378
cju1hmff8tkp809931jps6fbr,/Users/brian/Desktop/VCL318/Swin-ViT/ViTUnet vs SwinUnet/Dataset/processed/Kvasir-SEG/images/cju1hmff8tkp809931jps6fbr.jpg,0.908745,0.952191,0.992791
cju1hp9i2xu8e0988u2dazk7m,/Users/brian/Desktop/VCL318/Swin-ViT/ViTUnet vs SwinUnet/Dataset/processed/Kvasir-SEG/images/cju1hp9i2xu8e0988u2dazk7m.jpg,0.948634,0.97364,0.998512
cju1hs0za7jha0855vj0mdrjt,/Users/brian/Desktop/VCL318/Swin-ViT/ViTUnet vs SwinUnet/Dataset/processed/Kvasir-SEG/images/cju1hs0za7jha0855vj0mdrjt.jpg,0.970174,0.984861,0.999265
cju1hyolc7aqu0878rrkfn1lr,/Users/brian/Desktop/VCL318/Swin-ViT/ViTUnet vs SwinUnet/Dataset/processed/Kvasir-SEG/images/cju1hyolc7aqu0878rrkfn1lr.jpg,0.90931,0.952501,0.99404
cju2hdr06v2bq0799mbm3bks1,/Users/brian/Desktop/VCL318/Swin-ViT/ViTUnet vs SwinUnet/Dataset/processed/Kvasir-SEG/images/cju2hdr06v2bq0799mbm3bks1.jpg,0.965568,0.982482,0.999425
cju2hewssldzx0835ep795xu0,/Users/brian/Desktop/VCL318/Swin-ViT/ViTUnet vs SwinUnet/Dataset/processed/Kvasir-SEG/images/cju2hewssldzx0835ep795xu0.jpg,0.91244,0.954216,0.997376
cju2hfqnmhisa0993gpleeldd,/Users/brian/Desktop/VCL318/Swin-ViT/ViTUnet vs SwinUnet/Dataset/processed/Kvasir-SEG/images/cju2hfqnmhisa0993gpleeldd.jpg,0.61167,0.759051,0.704945
cju2hgsptlfam0835o3b59h1o,/Users/brian/Desktop/VCL318/Swin-ViT/ViTUnet vs SwinUnet/Dataset/processed/Kvasir-SEG/images/cju2hgsptlfam0835o3b59h1o.jpg,0.906736,0.951087,0.997427
cju2hjrqcvi2j0801bx1i6gxg,/Users/brian/Desktop/VCL318/Swin-ViT/ViTUnet vs SwinUnet/Dataset/processed/Kvasir-SEG/images/cju2hjrqcvi2j0801bx1i6gxg.jpg,0.639188,0.779883,0.772141
cju2hlm19vjjf0801o69qnber,/Users/brian/Desktop/VCL318/Swin-ViT/ViTUnet vs SwinUnet/Dataset/processed/Kvasir-SEG/images/cju2hlm19vjjf0801o69qnber.jpg,0.945831,0.972162,0.996183
cju2hos57llxm08359g92p6jj,/Users/brian/Desktop/VCL318/Swin-ViT/ViTUnet vs SwinUnet/Dataset/processed/Kvasir-SEG/images/cju2hos57llxm08359g92p6jj.jpg,0.953458,0.976175,0.996964
cju2hqt33lmra0988fr5ijv8j,/Users/brian/Desktop/VCL318/Swin-ViT/ViTUnet vs SwinUnet/Dataset/processed/Kvasir-SEG/images/cju2hqt33lmra0988fr5ijv8j.jpg,0.955933,0.97747,0.999176
cju2htabevq9108015qjei0x7,/Users/brian/Desktop/VCL318/Swin-ViT/ViTUnet vs SwinUnet/Dataset/processed/Kvasir-SEG/images/cju2htabevq9108015qjei0x7.jpg,0.963223,0.981267,0.99918
cju2hugv9vget0799hhk7ksvg,/Users/brian/Desktop/VCL318/Swin-ViT/ViTUnet vs SwinUnet/Dataset/processed/Kvasir-SEG/images/cju2hugv9vget0799hhk7ksvg.jpg,0.882353,0.9375,0.98912
cju2hw5gjlr5h0988so2qqres,/Users/brian/Desktop/VCL318/Swin-ViT/ViTUnet vs SwinUnet/Dataset/processed/Kvasir-SEG/images/cju2hw5gjlr5h0988so2qqres.jpg,0.898333,0.946444,0.995611
cju2hx006vidl0799igm81vmh,/Users/brian/Desktop/VCL318/Swin-ViT/ViTUnet vs SwinUnet/Dataset/processed/Kvasir-SEG/images/cju2hx006vidl0799igm81vmh.jpg,0.92381,0.960396,0.996295
cju2i03ptvkiu0799xbbd4det,/Users/brian/Desktop/VCL318/Swin-ViT/ViTUnet vs SwinUnet/Dataset/processed/Kvasir-SEG/images/cju2i03ptvkiu0799xbbd4det.jpg,0.963087,0.981197,0.999238
cju2i3hzclw3o0988rrgh911i,/Users/brian/Desktop/VCL318/Swin-ViT/ViTUnet vs SwinUnet/Dataset/processed/Kvasir-SEG/images/cju2i3hzclw3o0988rrgh911i.jpg,0.976536,0.988128,0.999594
cju2i6acqvo6l0799u20fift8,/Users/brian/Desktop/VCL318/Swin-ViT/ViTUnet vs SwinUnet/Dataset/processed/Kvasir-SEG/images/cju2i6acqvo6l0799u20fift8.jpg,0.958433,0.978775,0.998065
cju2i8br1vqtd08784u6vmcjk,/Users/brian/Desktop/VCL318/Swin-ViT/ViTUnet vs SwinUnet/Dataset/processed/Kvasir-SEG/images/cju2i8br1vqtd08784u6vmcjk.jpg,0.969205,0.984362,0.999188
cju2iatlki5u309930zmgkv6h,/Users/brian/Desktop/VCL318/Swin-ViT/ViTUnet vs SwinUnet/Dataset/processed/Kvasir-SEG/images/cju2iatlki5u309930zmgkv6h.jpg,0.965755,0.982579,0.99906
cju2igw4gvxds0878808qj398,/Users/brian/Desktop/VCL318/Swin-ViT/ViTUnet vs SwinUnet/Dataset/processed/Kvasir-SEG/images/cju2igw4gvxds0878808qj398.jpg,0.94645,0.972488,0.997081
cju2ij9uiic2l09933ljiv6gm,/Users/brian/Desktop/VCL318/Swin-ViT/ViTUnet vs SwinUnet/Dataset/processed/Kvasir-SEG/images/cju2ij9uiic2l09933ljiv6gm.jpg,0.847514,0.917464,0.982983
cju2lberzkdzm09938cl40pog,/Users/brian/Desktop/VCL318/Swin-ViT/ViTUnet vs SwinUnet/Dataset/processed/Kvasir-SEG/images/cju2lberzkdzm09938cl40pog.jpg,0.958516,0.978819,0.999018
cju2lcyfgkf5809932fn9gucn,/Users/brian/Desktop/VCL318/Swin-ViT/ViTUnet vs SwinUnet/Dataset/processed/Kvasir-SEG/images/cju2lcyfgkf5809932fn9gucn.jpg,0.928486,0.962917,0.995384
cju2lejzcy4pc0878c9rlonot,/Users/brian/Desktop/VCL318/Swin-ViT/ViTUnet vs SwinUnet/Dataset/processed/Kvasir-SEG/images/cju2lejzcy4pc0878c9rlonot.jpg,0.966815,0.983128,0.999338
cju2lyynuymli0855g7fxgbhe,/Users/brian/Desktop/VCL318/Swin-ViT/ViTUnet vs SwinUnet/Dataset/processed/Kvasir-SEG/images/cju2lyynuymli0855g7fxgbhe.jpg,0.885493,0.93927,0.989815
cju2lz8vqktne0993fuym6drw,/Users/brian/Desktop/VCL318/Swin-ViT/ViTUnet vs SwinUnet/Dataset/processed/Kvasir-SEG/images/cju2lz8vqktne0993fuym6drw.jpg,0.953074,0.975973,0.998631
cju2m56cryvqd0801gtn2yp8t,/Users/brian/Desktop/VCL318/Swin-ViT/ViTUnet vs SwinUnet/Dataset/processed/Kvasir-SEG/images/cju2m56cryvqd0801gtn2yp8t.jpg,0.943756,0.971064,0.998347
cju2m71z2ywwv080131bcrsd3,/Users/brian/Desktop/VCL318/Swin-ViT/ViTUnet vs SwinUnet/Dataset/processed/Kvasir-SEG/images/cju2m71z2ywwv080131bcrsd3.jpg,0.935477,0.966663,0.997309
cju2ma647l0nj0993ot4deq2q,/Users/brian/Desktop/VCL318/Swin-ViT/ViTUnet vs SwinUnet/Dataset/processed/Kvasir-SEG/images/cju2ma647l0nj0993ot4deq2q.jpg,0.93613,0.967011,0.997195
cju2mfjndoz700988b9lc3zeq,/Users/brian/Desktop/VCL318/Swin-ViT/ViTUnet vs SwinUnet/Dataset/processed/Kvasir-SEG/images/cju2mfjndoz700988b9lc3zeq.jpg,0.93814,0.968083,0.996518
cju2mh8t6p07008350e01tx2a,/Users/brian/Desktop/VCL318/Swin-ViT/ViTUnet vs SwinUnet/Dataset/processed/Kvasir-SEG/images/cju2mh8t6p07008350e01tx2a.jpg,0.954531,0.976737,0.998623
cju2nbdpmlmcj0993s1cht0dz,/Users/brian/Desktop/VCL318/Swin-ViT/ViTUnet vs SwinUnet/Dataset/processed/Kvasir-SEG/images/cju2nbdpmlmcj0993s1cht0dz.jpg,0.92995,0.963704,0.996425
cju2nd7l7z98o0799gfjvyfmw,/Users/brian/Desktop/VCL318/Swin-ViT/ViTUnet vs SwinUnet/Dataset/processed/Kvasir-SEG/images/cju2nd7l7z98o0799gfjvyfmw.jpg,0.972785,0.986205,0.99943
cju2nfnvxzdkd0878399axlco,/Users/brian/Desktop/VCL318/Swin-ViT/ViTUnet vs SwinUnet/Dataset/processed/Kvasir-SEG/images/cju2nfnvxzdkd0878399axlco.jpg,0.945523,0.971999,0.996496
cju2nguelpmlj0835rojdn097,/Users/brian/Desktop/VCL318/Swin-ViT/ViTUnet vs SwinUnet/Dataset/processed/Kvasir-SEG/images/cju2nguelpmlj0835rojdn097.jpg,0.95714,0.9781,0.998479
cju2nnqrqzp580855z8mhzgd6,/Users/brian/Desktop/VCL318/Swin-ViT/ViTUnet vs SwinUnet/Dataset/processed/Kvasir-SEG/images/cju2nnqrqzp580855z8mhzgd6.jpg,0.960001,0.979593,0.997393
cju2np2k9zi3v079992ypxqkn,/Users/brian/Desktop/VCL318/Swin-ViT/ViTUnet vs SwinUnet/Dataset/processed/Kvasir-SEG/images/cju2np2k9zi3v079992ypxqkn.jpg,0.926639,0.961923,0.993868
cju2nqapmzvk20801f9us40dx,/Users/brian/Desktop/VCL318/Swin-ViT/ViTUnet vs SwinUnet/Dataset/processed/Kvasir-SEG/images/cju2nqapmzvk20801f9us40dx.jpg,0.919437,0.958028,0.995212
cju2nsmwjlzyl0993jl80chvz,/Users/brian/Desktop/VCL318/Swin-ViT/ViTUnet vs SwinUnet/Dataset/processed/Kvasir-SEG/images/cju2nsmwjlzyl0993jl80chvz.jpg,0.917688,0.957077,0.997752
cju2ntxtdzlvu0799xl3j9pan,/Users/brian/Desktop/VCL318/Swin-ViT/ViTUnet vs SwinUnet/Dataset/processed/Kvasir-SEG/images/cju2ntxtdzlvu0799xl3j9pan.jpg,0.861183,0.925414,0.991361
cju2nyc5f02m40801ojqbtiea,/Users/brian/Desktop/VCL318/Swin-ViT/ViTUnet vs SwinUnet/Dataset/processed/Kvasir-SEG/images/cju2nyc5f02m40801ojqbtiea.jpg,0.962028,0.980646,0.999346
cju2oi8sq0i2y0801mektzvw8,/Users/brian/Desktop/VCL318/Swin-ViT/ViTUnet vs SwinUnet/Dataset/processed/Kvasir-SEG/images/cju2oi8sq0i2y0801mektzvw8.jpg,0.965331,0.98236,0.999068
cju2okvco06xc0799kxe5n1qh,/Users/brian/Desktop/VCL318/Swin-ViT/ViTUnet vs SwinUnet/Dataset/processed/Kvasir-SEG/images/cju2okvco06xc0799kxe5n1qh.jpg,0.972672,0.986147,0.99962
cju2omjpeqj5a0988pjdlb8l1,/Users/brian/Desktop/VCL318/Swin-ViT/ViTUnet vs SwinUnet/Dataset/processed/Kvasir-SEG/images/cju2omjpeqj5a0988pjdlb8l1.jpg,0.964267,0.981809,0.99914
cju2oo0wh0bqy0878biujeyhe,/Users/brian/Desktop/VCL318/Swin-ViT/ViTUnet vs SwinUnet/Dataset/processed/Kvasir-SEG/images/cju2oo0wh0bqy0878biujeyhe.jpg,0.952704,0.975779,0.997681
cju2oq5570avm079959o20op1,/Users/brian/Desktop/VCL318/Swin-ViT/ViTUnet vs SwinUnet/Dataset/processed/Kvasir-SEG/images/cju2oq5570avm079959o20op1.jpg,0.95447,0.976705,0.998153
cju2osuru0ki00855txo0n3uu,/Users/brian/Desktop/VCL318/Swin-ViT/ViTUnet vs SwinUnet/Dataset/processed/Kvasir-SEG/images/cju2osuru0ki00855txo0n3uu.jpg,0.96579,0.982598,0.999142
cju2otvvv0l7z0855x7we8cb0,/Users/brian/Desktop/VCL318/Swin-ViT/ViTUnet vs SwinUnet/Dataset/processed/Kvasir-SEG/images/cju2otvvv0l7z0855x7we8cb0.jpg,0.934431,0.966104,0.996601
cju2ouil2mssu0993hvxsed6d,/Users/brian/Desktop/VCL318/Swin-ViT/ViTUnet vs SwinUnet/Dataset/processed/Kvasir-SEG/images/cju2ouil2mssu0993hvxsed6d.jpg,0.902424,0.94871,0.994655
cju2p0eveqtdc0835gpi3p93i,/Users/brian/Desktop/VCL318/Swin-ViT/ViTUnet vs SwinUnet/Dataset/processed/Kvasir-SEG/images/cju2p0eveqtdc0835gpi3p93i.jpg,0.961593,0.98042,0.998268
cju2p4ddkmzxj0993p94o62av,/Users/brian/Desktop/VCL318/Swin-ViT/ViTUnet vs SwinUnet/Dataset/processed/Kvasir-SEG/images/cju2p4ddkmzxj0993p94o62av.jpg,0.956828,0.977938,0.99885
cju2p91qir00k08350ddfif0w,/Users/brian/Desktop/VCL318/Swin-ViT/ViTUnet vs SwinUnet/Dataset/processed/Kvasir-SEG/images/cju2p91qir00k08350ddfif0w.jpg,0.925898,0.961524,0.995669
cju2pag1f0s4r0878h52uq83s,/Users/brian/Desktop/VCL318/Swin-ViT/ViTUnet vs SwinUnet/Dataset/processed/Kvasir-SEG/images/cju2pag1f0s4r0878h52uq83s.jpg,0.907546,0.951532,0.996114
cju2phaksnahz0993yxogjcpv,/Users/brian/Desktop/VCL318/Swin-ViT/ViTUnet vs SwinUnet/Dataset/processed/Kvasir-SEG/images/cju2phaksnahz0993yxogjcpv.jpg,0.94502,0.971733,0.997738
cju2pjb9v0ywn0878j5g5n69j,/Users/brian/Desktop/VCL318/Swin-ViT/ViTUnet vs SwinUnet/Dataset/processed/Kvasir-SEG/images/cju2pjb9v0ywn0878j5g5n69j.jpg,0.942246,0.970264,0.99288
cju2pkwt3r8b90988v2ywq1px,/Users/brian/Desktop/VCL318/Swin-ViT/ViTUnet vs SwinUnet/Dataset/processed/Kvasir-SEG/images/cju2pkwt3r8b90988v2ywq1px.jpg,0.960166,0.979678,0.998858
cju2pmhtr17a00855cvpelzb0,/Users/brian/Desktop/VCL318/Swin-ViT/ViTUnet vs SwinUnet/Dataset/processed/Kvasir-SEG/images/cju2pmhtr17a00855cvpelzb0.jpg,0.959153,0.979151,0.999231
cju2qdj95ru8g09886gfi9rsz,/Users/brian/Desktop/VCL318/Swin-ViT/ViTUnet vs SwinUnet/Dataset/processed/Kvasir-SEG/images/cju2qdj95ru8g09886gfi9rsz.jpg,0.962725,0.981009,0.999004
cju2qfie4rvz508357kad9z5o,/Users/brian/Desktop/VCL318/Swin-ViT/ViTUnet vs SwinUnet/Dataset/processed/Kvasir-SEG/images/cju2qfie4rvz508357kad9z5o.jpg,0.956292,0.977658,0.997768
cju2qh5le1ock0878oahaql7d,/Users/brian/Desktop/VCL318/Swin-ViT/ViTUnet vs SwinUnet/Dataset/processed/Kvasir-SEG/images/cju2qh5le1ock0878oahaql7d.jpg,0.963819,0.981576,0.998198
cju2qn2fzs1vy0988l243cvzy,/Users/brian/Desktop/VCL318/Swin-ViT/ViTUnet vs SwinUnet/Dataset/processed/Kvasir-SEG/images/cju2qn2fzs1vy0988l243cvzy.jpg,0.963674,0.981501,0.998896
cju2qozsk20cq0855ugrg3cri,/Users/brian/Desktop/VCL318/Swin-ViT/ViTUnet vs SwinUnet/Dataset/processed/Kvasir-SEG/images/cju2qozsk20cq0855ugrg3cri.jpg,0.952607,0.975728,0.998102
cju2qqn5ys4uo0988ewrt2ip2,/Users/brian/Desktop/VCL318/Swin-ViT/ViTUnet vs SwinUnet/Dataset/processed/Kvasir-SEG/images/cju2qqn5ys4uo0988ewrt2ip2.jpg,0.952685,0.975769,0.99749
cju2qs32r1vys07999conmbvx,/Users/brian/Desktop/VCL318/Swin-ViT/ViTUnet vs SwinUnet/Dataset/processed/Kvasir-SEG/images/cju2qs32r1vys07999conmbvx.jpg,0.851728,0.919928,0.985243
cju2qtee81yd708787bsjr75d,/Users/brian/Desktop/VCL318/Swin-ViT/ViTUnet vs SwinUnet/Dataset/processed/Kvasir-SEG/images/cju2qtee81yd708787bsjr75d.jpg,0.887958,0.940655,0.983649
cju2qu37qobl50993aw7ghcfq,/Users/brian/Desktop/VCL318/Swin-ViT/ViTUnet vs SwinUnet/Dataset/processed/Kvasir-SEG/images/cju2qu37qobl50993aw7ghcfq.jpg,0.893574,0.943796,0.980782
cju2qvuj1s9ok0835tp2k4ozh,/Users/brian/Desktop/VCL318/Swin-ViT/ViTUnet vs SwinUnet/Dataset/processed/Kvasir-SEG/images/cju2qvuj1s9ok0835tp2k4ozh.jpg,0.960632,0.979921,0.998444
cju2qxxko229x08786gvxxhur,/Users/brian/Desktop/VCL318/Swin-ViT/ViTUnet vs SwinUnet/Dataset/processed/Kvasir-SEG/images/cju2qxxko229x08786gvxxhur.jpg,0.95466,0.976804,0.998367
cju2qz06823a40878ojcz9ccx,/Users/brian/Desktop/VCL318/Swin-ViT/ViTUnet vs SwinUnet/Dataset/processed/Kvasir-SEG/images/cju2qz06823a40878ojcz9ccx.jpg,0.928734,0.96305,0.997544
cju2r11x7sdgx0988o8ule0wl,/Users/brian/Desktop/VCL318/Swin-ViT/ViTUnet vs SwinUnet/Dataset/processed/Kvasir-SEG/images/cju2r11x7sdgx0988o8ule0wl.jpg,0.971699,0.985647,0.999293
cju2r2obh2bjm08553kng0rh7,/Users/brian/Desktop/VCL318/Swin-ViT/ViTUnet vs SwinUnet/Dataset/processed/Kvasir-SEG/images/cju2r2obh2bjm08553kng0rh7.jpg,0.957645,0.978364,0.998872
cju2r6mt2om21099352pny5gw,/Users/brian/Desktop/VCL318/Swin-ViT/ViTUnet vs SwinUnet/Dataset/processed/Kvasir-SEG/images/cju2r6mt2om21099352pny5gw.jpg,0.968639,0.98407,0.999355
cju2r7h21sj9608354gzks3ae,/Users/brian/Desktop/VCL318/Swin-ViT/ViTUnet vs SwinUnet/Dataset/processed/Kvasir-SEG/images/cju2r7h21sj9608354gzks3ae.jpg,0.936752,0.967343,0.998084
cju2r91dg2k090801bh0xzbxk,/Users/brian/Desktop/VCL318/Swin-ViT/ViTUnet vs SwinUnet/Dataset/processed/Kvasir-SEG/images/cju2r91dg2k090801bh0xzbxk.jpg,0.940185,0.96917,0.998963
cju2raxlosl630988jdbfy9b0,/Users/brian/Desktop/VCL318/Swin-ViT/ViTUnet vs SwinUnet/Dataset/processed/Kvasir-SEG/images/cju2raxlosl630988jdbfy9b0.jpg,0.954113,0.976518,0.997592
cju2rga4psq9n09881z519xx0,/Users/brian/Desktop/VCL318/Swin-ViT/ViTUnet vs SwinUnet/Dataset/processed/Kvasir-SEG/images/cju2rga4psq9n09881z519xx0.jpg,0.952717,0.975786,0.998519
cju2ricdv2iys0878sv1adh0u,/Users/brian/Desktop/VCL318/Swin-ViT/ViTUnet vs SwinUnet/Dataset/processed/Kvasir-SEG/images/cju2ricdv2iys0878sv1adh0u.jpg,0.953697,0.9763,0.997988
cju2rkjfwoxys0993x768l1j2,/Users/brian/Desktop/VCL318/Swin-ViT/ViTUnet vs SwinUnet/Dataset/processed/Kvasir-SEG/images/cju2rkjfwoxys0993x768l1j2.jpg,0.948771,0.973712,0.998099
cju2rlqdnoz9k0993cpjae3x0,/Users/brian/Desktop/VCL318/Swin-ViT/ViTUnet vs SwinUnet/Dataset/processed/Kvasir-SEG/images/cju2rlqdnoz9k0993cpjae3x0.jpg,0.962308,0.980792,0.998806
cju2rmd2rsw9g09888hh1efu0,/Users/brian/Desktop/VCL318/Swin-ViT/ViTUnet vs SwinUnet/Dataset/processed/Kvasir-SEG/images/cju2rmd2rsw9g09888hh1efu0.jpg,0.691235,0.817432,0.960948
cju2rn0hasxri0835nfy3buay,/Users/brian/Desktop/VCL318/Swin-ViT/ViTUnet vs SwinUnet/Dataset/processed/Kvasir-SEG/images/cju2rn0hasxri0835nfy3buay.jpg,0.881974,0.937286,0.991222
cju2rnkt22xep0801as160g9t,/Users/brian/Desktop/VCL318/Swin-ViT/ViTUnet vs SwinUnet/Dataset/processed/Kvasir-SEG/images/cju2rnkt22xep0801as160g9t.jpg,0.823691,0.903323,0.970771
cju2ro5jqsy680988pi6qsujw,/Users/brian/Desktop/VCL318/Swin-ViT/ViTUnet vs SwinUnet/Dataset/processed/Kvasir-SEG/images/cju2ro5jqsy680988pi6qsujw.jpg,0.905265,0.950277,0.992852
cju2rpa30t07b0835im0erql0,/Users/brian/Desktop/VCL318/Swin-ViT/ViTUnet vs SwinUnet/Dataset/processed/Kvasir-SEG/images/cju2rpa30t07b0835im0erql0.jpg,0.946249,0.972382,0.997366
cju2rqo702wpx0855fn7d5cxh,/Users/brian/Desktop/VCL318/Swin-ViT/ViTUnet vs SwinUnet/Dataset/processed/Kvasir-SEG/images/cju2rqo702wpx0855fn7d5cxh.jpg,0.925828,0.961486,0.995211
cju2rxm8rpbaf0993o3qr2oph,/Users/brian/Desktop/VCL318/Swin-ViT/ViTUnet vs SwinUnet/Dataset/processed/Kvasir-SEG/images/cju2rxm8rpbaf0993o3qr2oph.jpg,0.934949,0.966381,0.998477
cju2rz4k434s70855wwx3ddtx,/Users/brian/Desktop/VCL318/Swin-ViT/ViTUnet vs SwinUnet/Dataset/processed/Kvasir-SEG/images/cju2rz4k434s70855wwx3ddtx.jpg,0.847598,0.917514,0.926985
cju2rzpsmtb0f0835jabkbao1,/Users/brian/Desktop/VCL318/Swin-ViT/ViTUnet vs SwinUnet/Dataset/processed/Kvasir-SEG/images/cju2rzpsmtb0f0835jabkbao1.jpg,0.842201,0.914342,0.961974
cju2s16zp317h0799gr67jqc2,/Users/brian/Desktop/VCL318/Swin-ViT/ViTUnet vs SwinUnet/Dataset/processed/Kvasir-SEG/images/cju2s16zp317h0799gr67jqc2.jpg,0.969455,0.98449,0.999349
cju2s2527pfyr0993l3h1149a,/Users/brian/Desktop/VCL318/Swin-ViT/ViTUnet vs SwinUnet/Dataset/processed/Kvasir-SEG/images/cju2s2527pfyr0993l3h1149a.jpg,0.936949,0.967448,0.997353
cju2s9g11pnra0993gn4eh793,/Users/brian/Desktop/VCL318/Swin-ViT/ViTUnet vs SwinUnet/Dataset/processed/Kvasir-SEG/images/cju2s9g11pnra0993gn4eh793.jpg,0.963854,0.981595,0.998694
cju2saez63gxl08559ucjq3kt,/Users/brian/Desktop/VCL318/Swin-ViT/ViTUnet vs SwinUnet/Dataset/processed/Kvasir-SEG/images/cju2saez63gxl08559ucjq3kt.jpg,0.949825,0.974267,0.998138
cju2sevf53lkx08558h5bpaig,/Users/brian/Desktop/VCL318/Swin-ViT/ViTUnet vs SwinUnet/Dataset/processed/Kvasir-SEG/images/cju2sevf53lkx08558h5bpaig.jpg,0.948487,0.973563,0.997644
cju2sggy13na70855tbeoqgha,/Users/brian/Desktop/VCL318/Swin-ViT/ViTUnet vs SwinUnet/Dataset/processed/Kvasir-SEG/images/cju2sggy13na70855tbeoqgha.jpg,0.947289,0.972931,0.998124
cju2spdagu1l50835da1f46fr,/Users/brian/Desktop/VCL318/Swin-ViT/ViTUnet vs SwinUnet/Dataset/processed/Kvasir-SEG/images/cju2spdagu1l50835da1f46fr.jpg,0.926039,0.9616,0.993282
cju2srvy5440s0801y1ba9akr,/Users/brian/Desktop/VCL318/Swin-ViT/ViTUnet vs SwinUnet/Dataset/processed/Kvasir-SEG/images/cju2srvy5440s0801y1ba9akr.jpg,0.953264,0.976073,0.998262
cju2sszfq3uye0878sucelzk2,/Users/brian/Desktop/VCL318/Swin-ViT/ViTUnet vs SwinUnet/Dataset/processed/Kvasir-SEG/images/cju2sszfq3uye0878sucelzk2.jpg,0.641442,0.781559,0.979153
cju2suk42469908015ngmq6f2,/Users/brian/Desktop/VCL318/Swin-ViT/ViTUnet vs SwinUnet/Dataset/processed/Kvasir-SEG/images/cju2suk42469908015ngmq6f2.jpg,0.955662,0.977328,0.998166
cju2sxf3iqbpv09937iksn8ep,/Users/brian/Desktop/VCL318/Swin-ViT/ViTUnet vs SwinUnet/Dataset/processed/Kvasir-SEG/images/cju2sxf3iqbpv09937iksn8ep.jpg,0.934471,0.966126,0.996386
cju2syxa93yw40799x2iuwabz,/Users/brian/Desktop/VCL318/Swin-ViT/ViTUnet vs SwinUnet/Dataset/processed/Kvasir-SEG/images/cju2syxa93yw40799x2iuwabz.jpg,0.889661,0.941609,0.990678
cju2t16vuucaq0835xcpsivn2,/Users/brian/Desktop/VCL318/Swin-ViT/ViTUnet vs SwinUnet/Dataset/processed/Kvasir-SEG/images/cju2t16vuucaq0835xcpsivn2.jpg,0.945665,0.972074,0.997237
cju2t2ivz43i10878zeg8r1br,/Users/brian/Desktop/VCL318/Swin-ViT/ViTUnet vs SwinUnet/Dataset/processed/Kvasir-SEG/images/cju2t2ivz43i10878zeg8r1br.jpg,0.921964,0.959398,0.997991
cju2t3ibkuecr0835o7si16zv,/Users/brian/Desktop/VCL318/Swin-ViT/ViTUnet vs SwinUnet/Dataset/processed/Kvasir-SEG/images/cju2t3ibkuecr0835o7si16zv.jpg,0.870302,0.930654,0.98885
cju2t62nq45jl0799odpufwx6,/Users/brian/Desktop/VCL318/Swin-ViT/ViTUnet vs SwinUnet/Dataset/processed/Kvasir-SEG/images/cju2t62nq45jl0799odpufwx6.jpg,0.962229,0.980751,0.999152
cju2t9tdwuk700835kv0ljmtl,/Users/brian/Desktop/VCL318/Swin-ViT/ViTUnet vs SwinUnet/Dataset/processed/Kvasir-SEG/images/cju2t9tdwuk700835kv0ljmtl.jpg,0.958569,0.978847,0.998957
cju2ti1du4idn0878giuozonw,/Users/brian/Desktop/VCL318/Swin-ViT/ViTUnet vs SwinUnet/Dataset/processed/Kvasir-SEG/images/cju2ti1du4idn0878giuozonw.jpg,0.930462,0.963979,0.996938
cju2tjrog4jy30878pawyazqc,/Users/brian/Desktop/VCL318/Swin-ViT/ViTUnet vs SwinUnet/Dataset/processed/Kvasir-SEG/images/cju2tjrog4jy30878pawyazqc.jpg,0.94262,0.970463,0.997263
cju2top2ruxxy0988p1svx36g,/Users/brian/Desktop/VCL318/Swin-ViT/ViTUnet vs SwinUnet/Dataset/processed/Kvasir-SEG/images/cju2top2ruxxy0988p1svx36g.jpg,0.945492,0.971982,0.998438
cju2tpfa5uyx408359datxqqj,/Users/brian/Desktop/VCL318/Swin-ViT/ViTUnet vs SwinUnet/Dataset/processed/Kvasir-SEG/images/cju2tpfa5uyx408359datxqqj.jpg,0.912621,0.954315,0.9938
cju2tqfgw4oat0799rn0g5b2z,/Users/brian/Desktop/VCL318/Swin-ViT/ViTUnet vs SwinUnet/Dataset/processed/Kvasir-SEG/images/cju2tqfgw4oat0799rn0g5b2z.jpg,0.956529,0.977781,0.998131
cju2trbpkv0c00988hxla5dzz,/Users/brian/Desktop/VCL318/Swin-ViT/ViTUnet vs SwinUnet/Dataset/processed/Kvasir-SEG/images/cju2trbpkv0c00988hxla5dzz.jpg,0.966369,0.982897,0.999168
cju2trtjf4qjd0878a2zle9v9,/Users/brian/Desktop/VCL318/Swin-ViT/ViTUnet vs SwinUnet/Dataset/processed/Kvasir-SEG/images/cju2trtjf4qjd0878a2zle9v9.jpg,0.793717,0.884997,0.960268
cju2tvrvm53ws0801a0jfjdxg,/Users/brian/Desktop/VCL318/Swin-ViT/ViTUnet vs SwinUnet/Dataset/processed/Kvasir-SEG/images/cju2tvrvm53ws0801a0jfjdxg.jpg,0.939546,0.968831,0.997466
cju2txjfzv60w098839dcimys,/Users/brian/Desktop/VCL318/Swin-ViT/ViTUnet vs SwinUnet/Dataset/processed/Kvasir-SEG/images/cju2txjfzv60w098839dcimys.jpg,0.960637,0.979923,0.998833
cju2tzypl4wss0799ow05oxb9,/Users/brian/Desktop/VCL318/Swin-ViT/ViTUnet vs SwinUnet/Dataset/processed/Kvasir-SEG/images/cju2tzypl4wss0799ow05oxb9.jpg,0.973842,0.986748,0.999606
cju2u2b9o4zvp08788qb9nqxj,/Users/brian/Desktop/VCL318/Swin-ViT/ViTUnet vs SwinUnet/Dataset/processed/Kvasir-SEG/images/cju2u2b9o4zvp08788qb9nqxj.jpg,0.96761,0.983538,0.999245
cju2u4pymvc720988wsxrmi84,/Users/brian/Desktop/VCL318/Swin-ViT/ViTUnet vs SwinUnet/Dataset/processed/Kvasir-SEG/images/cju2u4pymvc720988wsxrmi84.jpg,0.967255,0.983355,0.999218
cju2u73dj53oz0878486k8k4b,/Users/brian/Desktop/VCL318/Swin-ViT/ViTUnet vs SwinUnet/Dataset/processed/Kvasir-SEG/images/cju2u73dj53oz0878486k8k4b.jpg,0.960319,0.979758,0.999348
cju2ueb6j5ado0878vf5md13o,/Users/brian/Desktop/VCL318/Swin-ViT/ViTUnet vs SwinUnet/Dataset/processed/Kvasir-SEG/images/cju2ueb6j5ado0878vf5md13o.jpg,0.95341,0.976149,0.997362
cju2ulk385h170799rlklxob0,/Users/brian/Desktop/VCL318/Swin-ViT/ViTUnet vs SwinUnet/Dataset/processed/Kvasir-SEG/images/cju2ulk385h170799rlklxob0.jpg,0.920625,0.958672,0.992084
cju2uokeg5jm20799xwgsyz89,/Users/brian/Desktop/VCL318/Swin-ViT/ViTUnet vs SwinUnet/Dataset/processed/Kvasir-SEG/images/cju2uokeg5jm20799xwgsyz89.jpg,0.938078,0.96805,0.997791
cju2upu4evw7g08358guwozxv,/Users/brian/Desktop/VCL318/Swin-ViT/ViTUnet vs SwinUnet/Dataset/processed/Kvasir-SEG/images/cju2upu4evw7g08358guwozxv.jpg,0.937107,0.967532,0.998586
cju2urqpwvxw70835rvndvtsi,/Users/brian/Desktop/VCL318/Swin-ViT/ViTUnet vs SwinUnet/Dataset/processed/Kvasir-SEG/images/cju2urqpwvxw70835rvndvtsi.jpg,0.954212,0.97657,0.99843
cju2uwz9f5yf1085506cfamfx,/Users/brian/Desktop/VCL318/Swin-ViT/ViTUnet vs SwinUnet/Dataset/processed/Kvasir-SEG/images/cju2uwz9f5yf1085506cfamfx.jpg,0.963383,0.98135,0.999096
cju2uy8ox62jo0801g88hh42z,/Users/brian/Desktop/VCL318/Swin-ViT/ViTUnet vs SwinUnet/Dataset/processed/Kvasir-SEG/images/cju2uy8ox62jo0801g88hh42z.jpg,0.934988,0.966402,0.997166
cju2uzabhs6er0993x3aaf87p,/Users/brian/Desktop/VCL318/Swin-ViT/ViTUnet vs SwinUnet/Dataset/processed/Kvasir-SEG/images/cju2uzabhs6er0993x3aaf87p.jpg,0.947699,0.973147,0.995822
cju2wtwj87kys0855kx6mddzw,/Users/brian/Desktop/VCL318/Swin-ViT/ViTUnet vs SwinUnet/Dataset/processed/Kvasir-SEG/images/cju2wtwj87kys0855kx6mddzw.jpg,0.956856,0.977953,0.998454
cju2wve9v7esz0878mxsdcy04,/Users/brian/Desktop/VCL318/Swin-ViT/ViTUnet vs SwinUnet/Dataset/processed/Kvasir-SEG/images/cju2wve9v7esz0878mxsdcy04.jpg,0.935673,0.966767,0.997659
cju2wx0gh7fpz0878wwyd9ep8,/Users/brian/Desktop/VCL318/Swin-ViT/ViTUnet vs SwinUnet/Dataset/processed/Kvasir-SEG/images/cju2wx0gh7fpz0878wwyd9ep8.jpg,0.924257,0.960638,0.996291
cju2wxv0hxs2f09884w48v8fi,/Users/brian/Desktop/VCL318/Swin-ViT/ViTUnet vs SwinUnet/Dataset/processed/Kvasir-SEG/images/cju2wxv0hxs2f09884w48v8fi.jpg,0.833008,0.908897,0.987791
cju2wzu8wxtgu09880ku9x1pg,/Users/brian/Desktop/VCL318/Swin-ViT/ViTUnet vs SwinUnet/Dataset/processed/Kvasir-SEG/images/cju2wzu8wxtgu09880ku9x1pg.jpg,0.961018,0.980122,0.999044
cju2x7vw87mu30878hye2ca0m,/Users/brian/Desktop/VCL318/Swin-ViT/ViTUnet vs SwinUnet/Dataset/processed/Kvasir-SEG/images/cju2x7vw87mu30878hye2ca0m.jpg,0.932159,0.964889,0.997322
cju2xa3i4y0160988i679zsqd,/Users/brian/Desktop/VCL318/Swin-ViT/ViTUnet vs SwinUnet/Dataset/processed/Kvasir-SEG/images/cju2xa3i4y0160988i679zsqd.jpg,0.944455,0.971434,0.994466
cju2xbk0080y80801eghyddi2,/Users/brian/Desktop/VCL318/Swin-ViT/ViTUnet vs SwinUnet/Dataset/processed/Kvasir-SEG/images/cju2xbk0080y80801eghyddi2.jpg,0.949987,0.974352,0.998229
cju2xd75m82720801q4s4ik3n,/Users/brian/Desktop/VCL318/Swin-ViT/ViTUnet vs SwinUnet/Dataset/processed/Kvasir-SEG/images/cju2xd75m82720801q4s4ik3n.jpg,0.966858,0.98315,0.999296
cju2xf8e5y2wm08359vcgk09b,/Users/brian/Desktop/VCL318/Swin-ViT/ViTUnet vs SwinUnet/Dataset/processed/Kvasir-SEG/images/cju2xf8e5y2wm08359vcgk09b.jpg,0.974303,0.986985,0.999459
cju2xjz2ju8pe0993ysv9wg17,/Users/brian/Desktop/VCL318/Swin-ViT/ViTUnet vs SwinUnet/Dataset/processed/Kvasir-SEG/images/cju2xjz2ju8pe0993ysv9wg17.jpg,0.956786,0.977916,0.998859
cju2xlcqxy9c60988vjacdznb,/Users/brian/Desktop/VCL318/Swin-ViT/ViTUnet vs SwinUnet/Dataset/processed/Kvasir-SEG/images/cju2xlcqxy9c60988vjacdznb.jpg,0.956165,0.977591,0.998763
cju2xs6na81t20878pt6nkfip,/Users/brian/Desktop/VCL318/Swin-ViT/ViTUnet vs SwinUnet/Dataset/processed/Kvasir-SEG/images/cju2xs6na81t20878pt6nkfip.jpg,0.935452,0.96665,0.994472
cju2xwm1s84l50799i60mq0pu,/Users/brian/Desktop/VCL318/Swin-ViT/ViTUnet vs SwinUnet/Dataset/processed/Kvasir-SEG/images/cju2xwm1s84l50799i60mq0pu.jpg,0.939754,0.968941,0.995959
cju2xyd9vyi7m098831qcucse,/Users/brian/Desktop/VCL318/Swin-ViT/ViTUnet vs SwinUnet/Dataset/processed/Kvasir-SEG/images/cju2xyd9vyi7m098831qcucse.jpg,0.968084,0.983783,0.999215
cju2y0z6g87p10878fpk5d3rq,/Users/brian/Desktop/VCL318/Swin-ViT/ViTUnet vs SwinUnet/Dataset/processed/Kvasir-SEG/images/cju2y0z6g87p10878fpk5d3rq.jpg,0.935731,0.966799,0.995693
cju2y26c588bo07993ksd8eoz,/Users/brian/Desktop/VCL318/Swin-ViT/ViTUnet vs SwinUnet/Dataset/processed/Kvasir-SEG/images/cju2y26c588bo07993ksd8eoz.jpg,0.947119,0.972842,0.99799
cju2y40d8ulqo0993q0adtgtb,/Users/brian/Desktop/VCL318/Swin-ViT/ViTUnet vs SwinUnet/Dataset/processed/Kvasir-SEG/images/cju2y40d8ulqo0993q0adtgtb.jpg,0.925999,0.961578,0.995712
cju2y5zas8m7f0801d34g5owq,/Users/brian/Desktop/VCL318/Swin-ViT/ViTUnet vs SwinUnet/Dataset/processed/Kvasir-SEG/images/cju2y5zas8m7f0801d34g5owq.jpg,0.930911,0.96422,0.996055
cju2y8s56ymqr083541ggdsml,/Users/brian/Desktop/VCL318/Swin-ViT/ViTUnet vs SwinUnet/Dataset/processed/Kvasir-SEG/images/cju2y8s56ymqr083541ggdsml.jpg,0.944351,0.971379,0.997174
cju2yb31a8e8u0878wdashg7o,/Users/brian/Desktop/VCL318/Swin-ViT/ViTUnet vs SwinUnet/Dataset/processed/Kvasir-SEG/images/cju2yb31a8e8u0878wdashg7o.jpg,0.953509,0.976201,0.999028
cju2ycp1u8g2r0799jslnp7cz,/Users/brian/Desktop/VCL318/Swin-ViT/ViTUnet vs SwinUnet/Dataset/processed/Kvasir-SEG/images/cju2ycp1u8g2r0799jslnp7cz.jpg,0.878483,0.935311,0.98692
cju2yg5ht8i4p087800js8hp4,/Users/brian/Desktop/VCL318/Swin-ViT/ViTUnet vs SwinUnet/Dataset/processed/Kvasir-SEG/images/cju2yg5ht8i4p087800js8hp4.jpg,0.941241,0.969731,0.997225
cju2yi9tz8vky0801yqip0xyl,/Users/brian/Desktop/VCL318/Swin-ViT/ViTUnet vs SwinUnet/Dataset/processed/Kvasir-SEG/images/cju2yi9tz8vky0801yqip0xyl.jpg,0.966294,0.982858,0.999331
cju2yljr0yzhw0988ecf271ly,/Users/brian/Desktop/VCL318/Swin-ViT/ViTUnet vs SwinUnet/Dataset/processed/Kvasir-SEG/images/cju2yljr0yzhw0988ecf271ly.jpg,0.878668,0.935416,0.980723
cju2yo1j1v0qz09934o0e683p,/Users/brian/Desktop/VCL318/Swin-ViT/ViTUnet vs SwinUnet/Dataset/processed/Kvasir-SEG/images/cju2yo1j1v0qz09934o0e683p.jpg,0.969585,0.984557,0.999122
cju2ysg748ru80878sp6j0gm0,/Users/brian/Desktop/VCL318/Swin-ViT/ViTUnet vs SwinUnet/Dataset/processed/Kvasir-SEG/images/cju2ysg748ru80878sp6j0gm0.jpg,0.910039,0.952901,0.991769
cju2yv4imv6cz099314jveiib,/Users/brian/Desktop/VCL318/Swin-ViT/ViTUnet vs SwinUnet/Dataset/processed/Kvasir-SEG/images/cju2yv4imv6cz099314jveiib.jpg,0.954025,0.976472,0.998438
cju2yw4s7z7p20988lmf2gdgd,/Users/brian/Desktop/VCL318/Swin-ViT/ViTUnet vs SwinUnet/Dataset/processed/Kvasir-SEG/images/cju2yw4s7z7p20988lmf2gdgd.jpg,0.935428,0.966637,0.99793
cju2yyhsp933j0855hp32e012,/Users/brian/Desktop/VCL318/Swin-ViT/ViTUnet vs SwinUnet/Dataset/processed/Kvasir-SEG/images/cju2yyhsp933j0855hp32e012.jpg,0.962001,0.980632,0.998778
cju2z1nxlzaj40835wj81s1iy,/Users/brian/Desktop/VCL318/Swin-ViT/ViTUnet vs SwinUnet/Dataset/processed/Kvasir-SEG/images/cju2z1nxlzaj40835wj81s1iy.jpg,0.957955,0.978526,0.997929
cju2z2x3nvd3c099350zgty7w,/Users/brian/Desktop/VCL318/Swin-ViT/ViTUnet vs SwinUnet/Dataset/processed/Kvasir-SEG/images/cju2z2x3nvd3c099350zgty7w.jpg,0.968022,0.983751,0.999112
cju2z45kuzf6d0988nz2c819m,/Users/brian/Desktop/VCL318/Swin-ViT/ViTUnet vs SwinUnet/Dataset/processed/Kvasir-SEG/images/cju2z45kuzf6d0988nz2c819m.jpg,0.943826,0.971102,0.997636
cju2z6ez69g4u0801qwt088lw,/Users/brian/Desktop/VCL318/Swin-ViT/ViTUnet vs SwinUnet/Dataset/processed/Kvasir-SEG/images/cju2z6ez69g4u0801qwt088lw.jpg,0.955313,0.977146,0.999068
cju2z9vlp9j0w0801oag91sy9,/Users/brian/Desktop/VCL318/Swin-ViT/ViTUnet vs SwinUnet/Dataset/processed/Kvasir-SEG/images/cju2z9vlp9j0w0801oag91sy9.jpg,0.934139,0.965948,0.982853
cju2zblxw9848087853csbrx1,/Users/brian/Desktop/VCL318/Swin-ViT/ViTUnet vs SwinUnet/Dataset/processed/Kvasir-SEG/images/cju2zblxw9848087853csbrx1.jpg,0.935197,0.966513,0.997099
cju2zdhsczmn50988z64qwg2q,/Users/brian/Desktop/VCL318/Swin-ViT/ViTUnet vs SwinUnet/Dataset/processed/Kvasir-SEG/images/cju2zdhsczmn50988z64qwg2q.jpg,0.729589,0.843656,0.855607
cju2zdvjn9h7r08553cp4eed5,/Users/brian/Desktop/VCL318/Swin-ViT/ViTUnet vs SwinUnet/Dataset/processed/Kvasir-SEG/images/cju2zdvjn9h7r08553cp4eed5.jpg,0.960568,0.979887,0.998683
cju2zgbj9zmrw0835nnlzxj4c,/Users/brian/Desktop/VCL318/Swin-ViT/ViTUnet vs SwinUnet/Dataset/processed/Kvasir-SEG/images/cju2zgbj9zmrw0835nnlzxj4c.jpg,0.961481,0.980362,0.998781
cju2zi4l09f5807991s8do2b2,/Users/brian/Desktop/VCL318/Swin-ViT/ViTUnet vs SwinUnet/Dataset/processed/Kvasir-SEG/images/cju2zi4l09f5807991s8do2b2.jpg,0.945656,0.972069,0.997777
cju2zjcvj9qma0801dk71hhi0,/Users/brian/Desktop/VCL318/Swin-ViT/ViTUnet vs SwinUnet/Dataset/processed/Kvasir-SEG/images/cju2zjcvj9qma0801dk71hhi0.jpg,0.941486,0.969861,0.997385
cju2zkpdl9h7t0799ix60teqg,/Users/brian/Desktop/VCL318/Swin-ViT/ViTUnet vs SwinUnet/Dataset/processed/Kvasir-SEG/images/cju2zkpdl9h7t0799ix60teqg.jpg,0.941299,0.969762,0.997524
cju2zm0axztpe0988r8s9twjr,/Users/brian/Desktop/VCL318/Swin-ViT/ViTUnet vs SwinUnet/Dataset/processed/Kvasir-SEG/images/cju2zm0axztpe0988r8s9twjr.jpg,0.9624,0.98084,0.999016
cju2zo0fwzv580988qlijd2xa,/Users/brian/Desktop/VCL318/Swin-ViT/ViTUnet vs SwinUnet/Dataset/processed/Kvasir-SEG/images/cju2zo0fwzv580988qlijd2xa.jpg,0.65843,0.79404,0.855902
cju2zp89k9q1g0855k1x0f1xa,/Users/brian/Desktop/VCL318/Swin-ViT/ViTUnet vs SwinUnet/Dataset/processed/Kvasir-SEG/images/cju2zp89k9q1g0855k1x0f1xa.jpg,0.916955,0.956679,0.994033
cju2zpw4q9vzr0801p0lysjdl,/Users/brian/Desktop/VCL318/Swin-ViT/ViTUnet vs SwinUnet/Dataset/processed/Kvasir-SEG/images/cju2zpw4q9vzr0801p0lysjdl.jpg,0.858889,0.924088,0.988319
cju2zr3c3vwb00993jn06bbaz,/Users/brian/Desktop/VCL318/Swin-ViT/ViTUnet vs SwinUnet/Dataset/processed/Kvasir-SEG/images/cju2zr3c3vwb00993jn06bbaz.jpg,0.947408,0.972994,0.998248
cju2zrojo9kcd0878ld2epejq,/Users/brian/Desktop/VCL318/Swin-ViT/ViTUnet vs SwinUnet/Dataset/processed/Kvasir-SEG/images/cju2zrojo9kcd0878ld2epejq.jpg,0.91974,0.958192,0.994792
cju2zwg05a0oy0801yr73ig7g,/Users/brian/Desktop/VCL318/Swin-ViT/ViTUnet vs SwinUnet/Dataset/processed/Kvasir-SEG/images/cju2zwg05a0oy0801yr73ig7g.jpg,0.961322,0.98028,0.998886
cju2zxja9w1eh09933609ho9z,/Users/brian/Desktop/VCL318/Swin-ViT/ViTUnet vs SwinUnet/Dataset/processed/Kvasir-SEG/images/cju2zxja9w1eh09933609ho9z.jpg,0.918787,0.957675,0.996606
cju2zy1e49pqk0878t6ncqn12,/Users/brian/Desktop/VCL318/Swin-ViT/ViTUnet vs SwinUnet/Dataset/processed/Kvasir-SEG/images/cju2zy1e49pqk0878t6ncqn12.jpg,0.553142,0.712287,0.868107
cju300m3s04fg0988uzupuf7z,/Users/brian/Desktop/VCL318/Swin-ViT/ViTUnet vs SwinUnet/Dataset/processed/Kvasir-SEG/images/cju300m3s04fg0988uzupuf7z.jpg,0.961762,0.980508,0.998957
cju302fqq9spc0878rrygyzzz,/Users/brian/Desktop/VCL318/Swin-ViT/ViTUnet vs SwinUnet/Dataset/processed/Kvasir-SEG/images/cju302fqq9spc0878rrygyzzz.jpg,0.762014,0.864935,0.987022
cju303j5r062k098835zxfds5,/Users/brian/Desktop/VCL318/Swin-ViT/ViTUnet vs SwinUnet/Dataset/processed/Kvasir-SEG/images/cju303j5r062k098835zxfds5.jpg,0.941863,0.970061,0.998628
cju30525w04r10835ygp257sb,/Users/brian/Desktop/VCL318/Swin-ViT/ViTUnet vs SwinUnet/Dataset/processed/Kvasir-SEG/images/cju30525w04r10835ygp257sb.jpg,0.952187,0.975508,0.998211
cju306x7w05nb0835cunv799x,/Users/brian/Desktop/VCL318/Swin-ViT/ViTUnet vs SwinUnet/Dataset/processed/Kvasir-SEG/images/cju306x7w05nb0835cunv799x.jpg,0.949153,0.973913,0.998042
cju30ajhw09sx0988qyahx9s8,/Users/brian/Desktop/VCL318/Swin-ViT/ViTUnet vs SwinUnet/Dataset/processed/Kvasir-SEG/images/cju30ajhw09sx0988qyahx9s8.jpg,0.928962,0.963173,0.996011
cju30bmab08bi0835mvlr6e0r,/Users/brian/Desktop/VCL318/Swin-ViT/ViTUnet vs SwinUnet/Dataset/processed/Kvasir-SEG/images/cju30bmab08bi0835mvlr6e0r.jpg,0.964704,0.982035,0.998782
cju30df2j09dd08351ayx2t6w,/Users/brian/Desktop/VCL318/Swin-ViT/ViTUnet vs SwinUnet/Dataset/processed/Kvasir-SEG/images/cju30df2j09dd08351ayx2t6w.jpg,0.948948,0.973805,0.998145
cju30ftgja7170855xl9bkdm0,/Users/brian/Desktop/VCL318/Swin-ViT/ViTUnet vs SwinUnet/Dataset/processed/Kvasir-SEG/images/cju30ftgja7170855xl9bkdm0.jpg,0.943384,0.970867,0.997246
cju30gxjq0djk0988jytm49rs,/Users/brian/Desktop/VCL318/Swin-ViT/ViTUnet vs SwinUnet/Dataset/processed/Kvasir-SEG/images/cju30gxjq0djk0988jytm49rs.jpg,0.922627,0.959757,0.996381
cju30ia8da2bq0799klnehml2,/Users/brian/Desktop/VCL318/Swin-ViT/ViTUnet vs SwinUnet/Dataset/processed/Kvasir-SEG/images/cju30ia8da2bq0799klnehml2.jpg,0.965629,0.982514,0.999117
cju30j1rgadut0801vuyrsnt8,/Users/brian/Desktop/VCL318/Swin-ViT/ViTUnet vs SwinUnet/Dataset/processed/Kvasir-SEG/images/cju30j1rgadut0801vuyrsnt8.jpg,0.836248,0.910823,0.94696
cju30k2z40ds308353kdew70n,/Users/brian/Desktop/VCL318/Swin-ViT/ViTUnet vs SwinUnet/Dataset/processed/Kvasir-SEG/images/cju30k2z40ds308353kdew70n.jpg,0.941176,0.969697,0.997896
cju30lncba3ny0878jwnous8n,/Users/brian/Desktop/VCL318/Swin-ViT/ViTUnet vs SwinUnet/Dataset/processed/Kvasir-SEG/images/cju30lncba3ny0878jwnous8n.jpg,0.949214,0.973946,0.997868
cju30mm25a53s0799qa5wiqe8,/Users/brian/Desktop/VCL318/Swin-ViT/ViTUnet vs SwinUnet/Dataset/processed/Kvasir-SEG/images/cju30mm25a53s0799qa5wiqe8.jpg,0.875179,0.933435,0.992908
cju30nyxe0gfb0835p256yoju,/Users/brian/Desktop/VCL318/Swin-ViT/ViTUnet vs SwinUnet/Dataset/processed/Kvasir-SEG/images/cju30nyxe0gfb0835p256yoju.jpg,0.545856,0.706218,0.955564
cju30ov1oah920801mi8thuyg,/Users/brian/Desktop/VCL318/Swin-ViT/ViTUnet vs SwinUnet/Dataset/processed/Kvasir-SEG/images/cju30ov1oah920801mi8thuyg.jpg,0.950215,0.974472,0.997974
cju30qbm1ad3x0855znuhpz9u,/Users/brian/Desktop/VCL318/Swin-ViT/ViTUnet vs SwinUnet/Dataset/processed/Kvasir-SEG/images/cju30qbm1ad3x0855znuhpz9u.jpg,0.972146,0.985877,0.999348
cju30u1hbakn808019g15nb8b,/Users/brian/Desktop/VCL318/Swin-ViT/ViTUnet vs SwinUnet/Dataset/processed/Kvasir-SEG/images/cju30u1hbakn808019g15nb8b.jpg,0.9512,0.97499,0.998629
cju30xqmh0ni00835ix3batv1,/Users/brian/Desktop/VCL318/Swin-ViT/ViTUnet vs SwinUnet/Dataset/processed/Kvasir-SEG/images/cju30xqmh0ni00835ix3batv1.jpg,0.948346,0.973488,0.998298
cju30ywtc0oar0835bp2en7ec,/Users/brian/Desktop/VCL318/Swin-ViT/ViTUnet vs SwinUnet/Dataset/processed/Kvasir-SEG/images/cju30ywtc0oar0835bp2en7ec.jpg,0.954987,0.976975,0.999066
cju310f6val1v0855xo8tc3gu,/Users/brian/Desktop/VCL318/Swin-ViT/ViTUnet vs SwinUnet/Dataset/processed/Kvasir-SEG/images/cju310f6val1v0855xo8tc3gu.jpg,0.673611,0.804979,0.969326
cju3128yi0rpu0988o4oo5n8n,/Users/brian/Desktop/VCL318/Swin-ViT/ViTUnet vs SwinUnet/Dataset/processed/Kvasir-SEG/images/cju3128yi0rpu0988o4oo5n8n.jpg,0.94025,0.969205,0.998885
cju31rb7vb6110801p9rhacuw,/Users/brian/Desktop/VCL318/Swin-ViT/ViTUnet vs SwinUnet/Dataset/processed/Kvasir-SEG/images/cju31rb7vb6110801p9rhacuw.jpg,0.952958,0.975913,0.997543
cju31t8xd17bk0835rnb893jk,/Users/brian/Desktop/VCL318/Swin-ViT/ViTUnet vs SwinUnet/Dataset/processed/Kvasir-SEG/images/cju31t8xd17bk0835rnb893jk.jpg,0.370904,0.541109,0.699754
cju31ugmfb3dz0855xtqshki6,/Users/brian/Desktop/VCL318/Swin-ViT/ViTUnet vs SwinUnet/Dataset/processed/Kvasir-SEG/images/cju31ugmfb3dz0855xtqshki6.jpg,0.945497,0.971985,0.998471
cju31w6goazci0799n014ly1q,/Users/brian/Desktop/VCL318/Swin-ViT/ViTUnet vs SwinUnet/Dataset/processed/Kvasir-SEG/images/cju31w6goazci0799n014ly1q.jpg,0.961366,0.980303,0.998626
cju31y80qbawn0801twwm2l5s,/Users/brian/Desktop/VCL318/Swin-ViT/ViTUnet vs SwinUnet/Dataset/processed/Kvasir-SEG/images/cju31y80qbawn0801twwm2l5s.jpg,0.950336,0.974536,0.998851
cju320gyvbch60801v2amdi2g,/Users/brian/Desktop/VCL318/Swin-ViT/ViTUnet vs SwinUnet/Dataset/processed/Kvasir-SEG/images/cju320gyvbch60801v2amdi2g.jpg,0.941573,0.969908,0.997384
cju323ypb1fbb0988gx5rzudb,/Users/brian/Desktop/VCL318/Swin-ViT/ViTUnet vs SwinUnet/Dataset/processed/Kvasir-SEG/images/cju323ypb1fbb0988gx5rzudb.jpg,0.966288,0.982855,0.998677
cju324q101fhe08350wae9cif,/Users/brian/Desktop/VCL318/Swin-ViT/ViTUnet vs SwinUnet/Dataset/processed/Kvasir-SEG/images/cju324q101fhe08350wae9cif.jpg,0.883011,0.937871,0.98144
cju326h4v1gxw08352px40p7r,/Users/brian/Desktop/VCL318/Swin-ViT/ViTUnet vs SwinUnet/Dataset/processed/Kvasir-SEG/images/cju326h4v1gxw08352px40p7r.jpg,0.941635,0.96994,0.994168
cju3280wv1ir009882jze27tc,/Users/brian/Desktop/VCL318/Swin-ViT/ViTUnet vs SwinUnet/Dataset/processed/Kvasir-SEG/images/cju3280wv1ir009882jze27tc.jpg,0.965641,0.98252,0.999194
cju32a52lb9rc0799xi40qs00,/Users/brian/Desktop/VCL318/Swin-ViT/ViTUnet vs SwinUnet/Dataset/processed/Kvasir-SEG/images/cju32a52lb9rc0799xi40qs00.jpg,0.912329,0.954155,0.98353
cju32csyfblyh080170aa3x5p,/Users/brian/Desktop/VCL318/Swin-ViT/ViTUnet vs SwinUnet/Dataset/processed/Kvasir-SEG/images/cju32csyfblyh080170aa3x5p.jpg,0.948177,0.973399,0.997391
cju32fhnhbds40799broyoptc,/Users/brian/Desktop/VCL318/Swin-ViT/ViTUnet vs SwinUnet/Dataset/processed/Kvasir-SEG/images/cju32fhnhbds40799broyoptc.jpg,0.942293,0.970289,0.997782
cju32gzs6xo8x0993r8tedbpb,/Users/brian/Desktop/VCL318/Swin-ViT/ViTUnet vs SwinUnet/Dataset/processed/Kvasir-SEG/images/cju32gzs6xo8x0993r8tedbpb.jpg,0.933362,0.965533,0.994165
cju32jcdabepz0878d0cznmfe,/Users/brian/Desktop/VCL318/Swin-ViT/ViTUnet vs SwinUnet/Dataset/processed/Kvasir-SEG/images/cju32jcdabepz0878d0cznmfe.jpg,0.953028,0.975949,0.998489
cju32l161bi1v07990vm376in,/Users/brian/Desktop/VCL318/Swin-ViT/ViTUnet vs SwinUnet/Dataset/processed/Kvasir-SEG/images/cju32l161bi1v07990vm376in.jpg,0.954874,0.976916,0.998629
cju32phw2bv130801yj7bkouq,/Users/brian/Desktop/VCL318/Swin-ViT/ViTUnet vs SwinUnet/Dataset/processed/Kvasir-SEG/images/cju32phw2bv130801yj7bkouq.jpg,0.96001,0.979597,0.998621
cju32pzh9bpw10855q4vaxfhe,/Users/brian/Desktop/VCL318/Swin-ViT/ViTUnet vs SwinUnet/Dataset/processed/Kvasir-SEG/images/cju32pzh9bpw10855q4vaxfhe.jpg,0.757173,0.861808,0.902805
cju32qr9tbvsj08013pkpjenq,/Users/brian/Desktop/VCL318/Swin-ViT/ViTUnet vs SwinUnet/Dataset/processed/Kvasir-SEG/images/cju32qr9tbvsj08013pkpjenq.jpg,0.931261,0.964407,0.996211
cju32srle1xfq083575i3fl75,/Users/brian/Desktop/VCL318/Swin-ViT/ViTUnet vs SwinUnet/Dataset/processed/Kvasir-SEG/images/cju32srle1xfq083575i3fl75.jpg,0.960526,0.979866,0.999093
cju32upim1z7u0988l883nqp6,/Users/brian/Desktop/VCL318/Swin-ViT/ViTUnet vs SwinUnet/Dataset/processed/Kvasir-SEG/images/cju32upim1z7u0988l883nqp6.jpg,0.955204,0.977089,0.998385
cju32zhbnc1oy0801iyv1ix6p,/Users/brian/Desktop/VCL318/Swin-ViT/ViTUnet vs SwinUnet/Dataset/processed/Kvasir-SEG/images/cju32zhbnc1oy0801iyv1ix6p.jpg,0.957155,0.978108,0.997899
cju330ofbc2l30801th5g3hw6,/Users/brian/Desktop/VCL318/Swin-ViT/ViTUnet vs SwinUnet/Dataset/processed/Kvasir-SEG/images/cju330ofbc2l30801th5g3hw6.jpg,0.908528,0.952072,0.990124
cju33231uy4gi0993qc7b1jch,/Users/brian/Desktop/VCL318/Swin-ViT/ViTUnet vs SwinUnet/Dataset/processed/Kvasir-SEG/images/cju33231uy4gi0993qc7b1jch.jpg,0.890546,0.942104,0.990834
cju334jzo261t0835yqudnfs1,/Users/brian/Desktop/VCL318/Swin-ViT/ViTUnet vs SwinUnet/Dataset/processed/Kvasir-SEG/images/cju334jzo261t0835yqudnfs1.jpg,0.94077,0.969481,0.989868
cju336l68y7if0993wf092166,/Users/brian/Desktop/VCL318/Swin-ViT/ViTUnet vs SwinUnet/Dataset/processed/Kvasir-SEG/images/cju336l68y7if0993wf092166.jpg,0.956902,0.977976,0.998421
cju3381d8bz3h07991xtl7ra0,/Users/brian/Desktop/VCL318/Swin-ViT/ViTUnet vs SwinUnet/Dataset/processed/Kvasir-SEG/images/cju3381d8bz3h07991xtl7ra0.jpg,0.954615,0.97678,0.99897
cju33belnbyhm0878yxl42233,/Users/brian/Desktop/VCL318/Swin-ViT/ViTUnet vs SwinUnet/Dataset/processed/Kvasir-SEG/images/cju33belnbyhm0878yxl42233.jpg,0.936225,0.967062,0.996332
cju33eqwbcch208012jikwdky,/Users/brian/Desktop/VCL318/Swin-ViT/ViTUnet vs SwinUnet/Dataset/processed/Kvasir-SEG/images/cju33eqwbcch208012jikwdky.jpg,0.923767,0.960373,0.994858
cju33jon3ygbj0993pu22a4k6,/Users/brian/Desktop/VCL318/Swin-ViT/ViTUnet vs SwinUnet/Dataset/processed/Kvasir-SEG/images/cju33jon3ygbj0993pu22a4k6.jpg,0.92452,0.96078,0.996393
cju33mirdc8mj0799k33wzoes,/Users/brian/Desktop/VCL318/Swin-ViT/ViTUnet vs SwinUnet/Dataset/processed/Kvasir-SEG/images/cju33mirdc8mj0799k33wzoes.jpg,0.960681,0.979946,0.998654
cju33o12x2jm50988944mxq0v,/Users/brian/Desktop/VCL318/Swin-ViT/ViTUnet vs SwinUnet/Dataset/processed/Kvasir-SEG/images/cju33o12x2jm50988944mxq0v.jpg,0.944,0.971193,0.997363
cju33qpdvc9g0087825jhf3s9,/Users/brian/Desktop/VCL318/Swin-ViT/ViTUnet vs SwinUnet/Dataset/processed/Kvasir-SEG/images/cju33qpdvc9g0087825jhf3s9.jpg,0.873958,0.93274,0.990751
cju33w4sdcivk0855x879zht7,/Users/brian/Desktop/VCL318/Swin-ViT/ViTUnet vs SwinUnet/Dataset/processed/Kvasir-SEG/images/cju33w4sdcivk0855x879zht7.jpg,0.953959,0.976437,0.998918
cju33x0f22peh0988g0ln7w5v,/Users/brian/Desktop/VCL318/Swin-ViT/ViTUnet vs SwinUnet/Dataset/processed/Kvasir-SEG/images/cju33x0f22peh0988g0ln7w5v.jpg,0.882018,0.937311,0.987716
cju33yemn2qb20988wfjxximx,/Users/brian/Desktop/VCL318/Swin-ViT/ViTUnet vs SwinUnet/Dataset/processed/Kvasir-SEG/images/cju33yemn2qb20988wfjxximx.jpg,0.913672,0.954889,0.995196
cju33za6l2qy70988jhrlp2ev,/Users/brian/Desktop/VCL318/Swin-ViT/ViTUnet vs SwinUnet/Dataset/processed/Kvasir-SEG/images/cju33za6l2qy70988jhrlp2ev.jpg,0.913681,0.954894,0.992567
cju34aozyyy830993bn16u32n,/Users/brian/Desktop/VCL318/Swin-ViT/ViTUnet vs SwinUnet/Dataset/processed/Kvasir-SEG/images/cju34aozyyy830993bn16u32n.jpg,0.963862,0.981598,0.998998
cju34c1xfyz920993itxkkfad,/Users/brian/Desktop/VCL318/Swin-ViT/ViTUnet vs SwinUnet/Dataset/processed/Kvasir-SEG/images/cju34c1xfyz920993itxkkfad.jpg,0.95843,0.978774,0.998804
cju34ds2531520988qjpqt6e3,/Users/brian/Desktop/VCL318/Swin-ViT/ViTUnet vs SwinUnet/Dataset/processed/Kvasir-SEG/images/cju34ds2531520988qjpqt6e3.jpg,0.475981,0.644969,0.893009
cju34eqjpcpm508788b3lhp97,/Users/brian/Desktop/VCL318/Swin-ViT/ViTUnet vs SwinUnet/Dataset/processed/Kvasir-SEG/images/cju34eqjpcpm508788b3lhp97.jpg,0.96432,0.981836,0.999338
cju34fojcctcf0799ebolbvkn,/Users/brian/Desktop/VCL318/Swin-ViT/ViTUnet vs SwinUnet/Dataset/processed/Kvasir-SEG/images/cju34fojcctcf0799ebolbvkn.jpg,0.884666,0.938804,0.990125
cju34i3qvcyog0855qiejxx5w,/Users/brian/Desktop/VCL318/Swin-ViT/ViTUnet vs SwinUnet/Dataset/processed/Kvasir-SEG/images/cju34i3qvcyog0855qiejxx5w.jpg,0.965242,0.982313,0.99853
cju34m7h536wq0988xz7gx79v,/Users/brian/Desktop/VCL318/Swin-ViT/ViTUnet vs SwinUnet/Dataset/processed/Kvasir-SEG/images/cju34m7h536wq0988xz7gx79v.jpg,0.920621,0.95867,0.996472
cju34o6dbd2lo0855aqlcy1hs,/Users/brian/Desktop/VCL318/Swin-ViT/ViTUnet vs SwinUnet/Dataset/processed/Kvasir-SEG/images/cju34o6dbd2lo0855aqlcy1hs.jpg,0.928601,0.962979,0.996417
cju34ouumcznz07996gg1xq7v,/Users/brian/Desktop/VCL318/Swin-ViT/ViTUnet vs SwinUnet/Dataset/processed/Kvasir-SEG/images/cju34ouumcznz07996gg1xq7v.jpg,0.933091,0.965387,0.997725
cju34repocy5208780gswillm,/Users/brian/Desktop/VCL318/Swin-ViT/ViTUnet vs SwinUnet/Dataset/processed/Kvasir-SEG/images/cju34repocy5208780gswillm.jpg,0.967283,0.98337,0.999042
cju34sh43d8zm08019xbwhc0o,/Users/brian/Desktop/VCL318/Swin-ViT/ViTUnet vs SwinUnet/Dataset/processed/Kvasir-SEG/images/cju34sh43d8zm08019xbwhc0o.jpg,0.90542,0.950363,0.994693
cju34uhepd3dd0799hs8782ad,/Users/brian/Desktop/VCL318/Swin-ViT/ViTUnet vs SwinUnet/Dataset/processed/Kvasir-SEG/images/cju34uhepd3dd0799hs8782ad.jpg,0.919101,0.957845,0.99635
cju34xspwzenf0993cyzajv9n,/Users/brian/Desktop/VCL318/Swin-ViT/ViTUnet vs SwinUnet/Dataset/processed/Kvasir-SEG/images/cju34xspwzenf0993cyzajv9n.jpg,0.94306,0.970696,0.997676
cju34ymm8d6700799uop0cw33,/Users/brian/Desktop/VCL318/Swin-ViT/ViTUnet vs SwinUnet/Dataset/processed/Kvasir-SEG/images/cju34ymm8d6700799uop0cw33.jpg,0.944,0.971193,0.996327
cju34zivp3fq80988opxbaqyn,/Users/brian/Desktop/VCL318/Swin-ViT/ViTUnet vs SwinUnet/Dataset/processed/Kvasir-SEG/images/cju34zivp3fq80988opxbaqyn.jpg,0.952034,0.975428,0.998328
cju3518w2d838079939fqztbc,/Users/brian/Desktop/VCL318/Swin-ViT/ViTUnet vs SwinUnet/Dataset/processed/Kvasir-SEG/images/cju3518w2d838079939fqztbc.jpg,0.940964,0.969584,0.996029
cju3521y5d5mq0878t3ezsu4p,/Users/brian/Desktop/VCL318/Swin-ViT/ViTUnet vs SwinUnet/Dataset/processed/Kvasir-SEG/images/cju3521y5d5mq0878t3ezsu4p.jpg,0.947236,0.972903,0.997741
cju353d1eda8c07992afde611,/Users/brian/Desktop/VCL318/Swin-ViT/ViTUnet vs SwinUnet/Dataset/processed/Kvasir-SEG/images/cju353d1eda8c07992afde611.jpg,0.962047,0.980656,0.999243
cju35740hzm0g0993zl5ic246,/Users/brian/Desktop/VCL318/Swin-ViT/ViTUnet vs SwinUnet/Dataset/processed/Kvasir-SEG/images/cju35740hzm0g0993zl5ic246.jpg,0.891881,0.942851,0.982758
cju357rxxdaz30878y2esjpjt,/Users/brian/Desktop/VCL318/Swin-ViT/ViTUnet vs SwinUnet/Dataset/processed/Kvasir-SEG/images/cju357rxxdaz30878y2esjpjt.jpg,0.92455,0.960796,0.996696
cju358pwtdby20878cg7nm0np,/Users/brian/Desktop/VCL318/Swin-ViT/ViTUnet vs SwinUnet/Dataset/processed/Kvasir-SEG/images/cju358pwtdby20878cg7nm0np.jpg,0.944942,0.971692,0.998554
cju35a77vdj4n08556jj2lgmc,/Users/brian/Desktop/VCL318/Swin-ViT/ViTUnet vs SwinUnet/Dataset/processed/Kvasir-SEG/images/cju35a77vdj4n08556jj2lgmc.jpg,0.958007,0.978553,0.99886
cju35atpxdjot0855q46aqrd0,/Users/brian/Desktop/VCL318/Swin-ViT/ViTUnet vs SwinUnet/Dataset/processed/Kvasir-SEG/images/cju35atpxdjot0855q46aqrd0.jpg,0.797498,0.887342,0.935213
cju35c4wzdhow0799h6eq4sgs,/Users/brian/Desktop/VCL318/Swin-ViT/ViTUnet vs SwinUnet/Dataset/processed/Kvasir-SEG/images/cju35c4wzdhow0799h6eq4sgs.jpg,0.479304,0.648013,0.915808
cju35eg0tdmjt085525sb4bua,/Users/brian/Desktop/VCL318/Swin-ViT/ViTUnet vs SwinUnet/Dataset/processed/Kvasir-SEG/images/cju35eg0tdmjt085525sb4bua.jpg,0.925243,0.96117,0.989522
cju35fxqyzt5p0993vusm54qz,/Users/brian/Desktop/VCL318/Swin-ViT/ViTUnet vs SwinUnet/Dataset/processed/Kvasir-SEG/images/cju35fxqyzt5p0993vusm54qz.jpg,0.958419,0.978768,0.998434
cju35i2e63uxr0835h7zgkg9k,/Users/brian/Desktop/VCL318/Swin-ViT/ViTUnet vs SwinUnet/Dataset/processed/Kvasir-SEG/images/cju35i2e63uxr0835h7zgkg9k.jpg,0.949678,0.974189,0.998242
cju35k2fr3vc50988c85qkrwg,/Users/brian/Desktop/VCL318/Swin-ViT/ViTUnet vs SwinUnet/Dataset/processed/Kvasir-SEG/images/cju35k2fr3vc50988c85qkrwg.jpg,0.83966,0.912843,0.959269
cju35ldepdtlm0801yv79y8vu,/Users/brian/Desktop/VCL318/Swin-ViT/ViTUnet vs SwinUnet/Dataset/processed/Kvasir-SEG/images/cju35ldepdtlm0801yv79y8vu.jpg,0.919386,0.958,0.99361
cju35mdz73x890835eynq1h9v,/Users/brian/Desktop/VCL318/Swin-ViT/ViTUnet vs SwinUnet/Dataset/processed/Kvasir-SEG/images/cju35mdz73x890835eynq1h9v.jpg,0.96045,0.979826,0.998849
cju35oyvd3y850988km12hdz1,/Users/brian/Desktop/VCL318/Swin-ViT/ViTUnet vs SwinUnet/Dataset/processed/Kvasir-SEG/images/cju35oyvd3y850988km12hdz1.jpg,0.949384,0.974035,0.998116
cju3tp94kfstl08181awh6z49,/Users/brian/Desktop/VCL318/Swin-ViT/ViTUnet vs SwinUnet/Dataset/processed/Kvasir-SEG/images/cju3tp94kfstl08181awh6z49.jpg,0.969469,0.984498,0.999395
cju3tsh4lfsok0987w6x3a0v1,/Users/brian/Desktop/VCL318/Swin-ViT/ViTUnet vs SwinUnet/Dataset/processed/Kvasir-SEG/images/cju3tsh4lfsok0987w6x3a0v1.jpg,0.932025,0.964817,0.995913
cju3ttznuftyf09875t11850w,/Users/brian/Desktop/VCL318/Swin-ViT/ViTUnet vs SwinUnet/Dataset/processed/Kvasir-SEG/images/cju3ttznuftyf09875t11850w.jpg,0.960997,0.980111,0.998912
cju3tvffffx5f0818t5ov22al,/Users/brian/Desktop/VCL318/Swin-ViT/ViTUnet vs SwinUnet/Dataset/processed/Kvasir-SEG/images/cju3tvffffx5f0818t5ov22al.jpg,0.930915,0.964222,0.992617
cju3tx1qyg0c907552fglumhc,/Users/brian/Desktop/VCL318/Swin-ViT/ViTUnet vs SwinUnet/Dataset/processed/Kvasir-SEG/images/cju3tx1qyg0c907552fglumhc.jpg,0.924469,0.960752,0.996202
cju3u1c8tfyqx08503iedc3mx,/Users/brian/Desktop/VCL318/Swin-ViT/ViTUnet vs SwinUnet/Dataset/processed/Kvasir-SEG/images/cju3u1c8tfyqx08503iedc3mx.jpg,0.947567,0.973078,0.997257
cju3u39fog1bo0871lxjrabks,/Users/brian/Desktop/VCL318/Swin-ViT/ViTUnet vs SwinUnet/Dataset/processed/Kvasir-SEG/images/cju3u39fog1bo0871lxjrabks.jpg,0.969575,0.984552,0.999432
cju3u4lxmg59o0755rz42b9en,/Users/brian/Desktop/VCL318/Swin-ViT/ViTUnet vs SwinUnet/Dataset/processed/Kvasir-SEG/images/cju3u4lxmg59o0755rz42b9en.jpg,0.958796,0.978964,0.999078
cju3u815rg4ek0850vvhtcvcm,/Users/brian/Desktop/VCL318/Swin-ViT/ViTUnet vs SwinUnet/Dataset/processed/Kvasir-SEG/images/cju3u815rg4ek0850vvhtcvcm.jpg,0.97399,0.986824,0.999487
cju3ua8u0g9rg0801uayhdxhu,/Users/brian/Desktop/VCL318/Swin-ViT/ViTUnet vs SwinUnet/Dataset/processed/Kvasir-SEG/images/cju3ua8u0g9rg0801uayhdxhu.jpg,0.953473,0.976182,0.998742
cju3uhb79gcgr0871orbrbi3x,/Users/brian/Desktop/VCL318/Swin-ViT/ViTUnet vs SwinUnet/Dataset/processed/Kvasir-SEG/images/cju3uhb79gcgr0871orbrbi3x.jpg,0.188697,0.317485,0.2979
cju3ul8dogf1z09872y2ecowp,/Users/brian/Desktop/VCL318/Swin-ViT/ViTUnet vs SwinUnet/Dataset/processed/Kvasir-SEG/images/cju3ul8dogf1z09872y2ecowp.jpg,0.947542,0.973065,0.997834
cju3umoh1geet0817cmpef5am,/Users/brian/Desktop/VCL318/Swin-ViT/ViTUnet vs SwinUnet/Dataset/processed/Kvasir-SEG/images/cju3umoh1geet0817cmpef5am.jpg,0.938117,0.968071,0.997467
cju3uwz6ogsp10801h2r3bj5l,/Users/brian/Desktop/VCL318/Swin-ViT/ViTUnet vs SwinUnet/Dataset/processed/Kvasir-SEG/images/cju3uwz6ogsp10801h2r3bj5l.jpg,0.92747,0.96237,0.996219
cju3uz4o6gr9z0850lhxyxvsj,/Users/brian/Desktop/VCL318/Swin-ViT/ViTUnet vs SwinUnet/Dataset/processed/Kvasir-SEG/images/cju3uz4o6gr9z0850lhxyxvsj.jpg,0.964684,0.982024,0.998998
cju3v0fl3gwce0755qkjhzmd4,/Users/brian/Desktop/VCL318/Swin-ViT/ViTUnet vs SwinUnet/Dataset/processed/Kvasir-SEG/images/cju3v0fl3gwce0755qkjhzmd4.jpg,0.958337,0.978725,0.998703
cju3v11mrgwwb0755u242ygye,/Users/brian/Desktop/VCL318/Swin-ViT/ViTUnet vs SwinUnet/Dataset/processed/Kvasir-SEG/images/cju3v11mrgwwb0755u242ygye.jpg,0.944674,0.97155,0.997011
cju3v3ac9gyz30755hfqwyp1i,/Users/brian/Desktop/VCL318/Swin-ViT/ViTUnet vs SwinUnet/Dataset/processed/Kvasir-SEG/images/cju3v3ac9gyz30755hfqwyp1i.jpg,0.871425,0.931296,0.960493
cju3v56bwgy8v0871w14pz8fx,/Users/brian/Desktop/VCL318/Swin-ViT/ViTUnet vs SwinUnet/Dataset/processed/Kvasir-SEG/images/cju3v56bwgy8v0871w14pz8fx.jpg,0.935333,0.966586,0.996522
cju3v664kh0px0818y4y7wolf,/Users/brian/Desktop/VCL318/Swin-ViT/ViTUnet vs SwinUnet/Dataset/processed/Kvasir-SEG/images/cju3v664kh0px0818y4y7wolf.jpg,0.939956,0.969049,0.997286
cju3v72v5h1qz0818fggilwtq,/Users/brian/Desktop/VCL318/Swin-ViT/ViTUnet vs SwinUnet/Dataset/processed/Kvasir-SEG/images/cju3v72v5h1qz0818fggilwtq.jpg,0.935722,0.966794,0.997926
cju3wstckialg0871xs0vevsj,/Users/brian/Desktop/VCL318/Swin-ViT/ViTUnet vs SwinUnet/Dataset/processed/Kvasir-SEG/images/cju3wstckialg0871xs0vevsj.jpg,0.968092,0.983787,0.999346
cju3x2s11ibzi0817kk284k0j,/Users/brian/Desktop/VCL318/Swin-ViT/ViTUnet vs SwinUnet/Dataset/processed/Kvasir-SEG/images/cju3x2s11ibzi0817kk284k0j.jpg,0.898119,0.946325,0.989512
cju3x4blzieu30850x10uuvbm,/Users/brian/Desktop/VCL318/Swin-ViT/ViTUnet vs SwinUnet/Dataset/processed/Kvasir-SEG/images/cju3x4blzieu30850x10uuvbm.jpg,0.79374,0.885011,0.883312
cju3x5u2tiihx0818914gzxy1,/Users/brian/Desktop/VCL318/Swin-ViT/ViTUnet vs SwinUnet/Dataset/processed/Kvasir-SEG/images/cju3x5u2tiihx0818914gzxy1.jpg,0.978277,0.989019,0.999664
cju3x7xsaijq80818f0psavav,/Users/brian/Desktop/VCL318/Swin-ViT/ViTUnet vs SwinUnet/Dataset/processed/Kvasir-SEG/images/cju3x7xsaijq80818f0psavav.jpg,0.953627,0.976263,0.998768
cju3x9lttikfb0818a0g104zn,/Users/brian/Desktop/VCL318/Swin-ViT/ViTUnet vs SwinUnet/Dataset/processed/Kvasir-SEG/images/cju3x9lttikfb0818a0g104zn.jpg,0.933263,0.96548,0.99714
cju3xeexgii1j0817zs68tb4g,/Users/brian/Desktop/VCL318/Swin-ViT/ViTUnet vs SwinUnet/Dataset/processed/Kvasir-SEG/images/cju3xeexgii1j0817zs68tb4g.jpg,0.943947,0.971165,0.997159
cju3xga12iixg0817dijbvjxw,/Users/brian/Desktop/VCL318/Swin-ViT/ViTUnet vs SwinUnet/Dataset/processed/Kvasir-SEG/images/cju3xga12iixg0817dijbvjxw.jpg,0.947466,0.973024,0.997554
cju3xhpvvimda0987ygrpzni2,/Users/brian/Desktop/VCL318/Swin-ViT/ViTUnet vs SwinUnet/Dataset/processed/Kvasir-SEG/images/cju3xhpvvimda0987ygrpzni2.jpg,0.923602,0.960284,0.992236
cju3xiic0ilzp0850lusrb42j,/Users/brian/Desktop/VCL318/Swin-ViT/ViTUnet vs SwinUnet/Dataset/processed/Kvasir-SEG/images/cju3xiic0ilzp0850lusrb42j.jpg,0.913156,0.954607,0.996361
cju3xjqtpikx50817tppy6g84,/Users/brian/Desktop/VCL318/Swin-ViT/ViTUnet vs SwinUnet/Dataset/processed/Kvasir-SEG/images/cju3xjqtpikx50817tppy6g84.jpg,0.933633,0.965678,0.992176
cju3xl264ingx0850rcf0rshj,/Users/brian/Desktop/VCL318/Swin-ViT/ViTUnet vs SwinUnet/Dataset/processed/Kvasir-SEG/images/cju3xl264ingx0850rcf0rshj.jpg,0.94954,0.974117,0.998469
cju3xtufwiv9c0818djsc4cqd,/Users/brian/Desktop/VCL318/Swin-ViT/ViTUnet vs SwinUnet/Dataset/processed/Kvasir-SEG/images/cju3xtufwiv9c0818djsc4cqd.jpg,0.938499,0.968274,0.996976
cju3xuj20ivgp0818mij8bjrd,/Users/brian/Desktop/VCL318/Swin-ViT/ViTUnet vs SwinUnet/Dataset/processed/Kvasir-SEG/images/cju3xuj20ivgp0818mij8bjrd.jpg,0.92803,0.962672,0.996409
cju3xvoo2iqlc0817eku2r3wl,/Users/brian/Desktop/VCL318/Swin-ViT/ViTUnet vs SwinUnet/Dataset/processed/Kvasir-SEG/images/cju3xvoo2iqlc0817eku2r3wl.jpg,0.963919,0.981628,0.998897
cju3xwpgviwlx0871rwm15q7v,/Users/brian/Desktop/VCL318/Swin-ViT/ViTUnet vs SwinUnet/Dataset/processed/Kvasir-SEG/images/cju3xwpgviwlx0871rwm15q7v.jpg,0.930567,0.964035,0.996185
cju3xzvnzj0hd0755xprz39nj,/Users/brian/Desktop/VCL318/Swin-ViT/ViTUnet vs SwinUnet/Dataset/processed/Kvasir-SEG/images/cju3xzvnzj0hd0755xprz39nj.jpg,0.96875,0.984127,0.999383
cju3y0pjrj1c30755nxekxccj,/Users/brian/Desktop/VCL318/Swin-ViT/ViTUnet vs SwinUnet/Dataset/processed/Kvasir-SEG/images/cju3y0pjrj1c30755nxekxccj.jpg,0.950779,0.974768,0.998596
cju3y21quj0ir0818kgjagr15,/Users/brian/Desktop/VCL318/Swin-ViT/ViTUnet vs SwinUnet/Dataset/processed/Kvasir-SEG/images/cju3y21quj0ir0818kgjagr15.jpg,0.646413,0.785238,0.946544
cju3y54kwj3nr0801biidlb4e,/Users/brian/Desktop/VCL318/Swin-ViT/ViTUnet vs SwinUnet/Dataset/processed/Kvasir-SEG/images/cju3y54kwj3nr0801biidlb4e.jpg,0.969874,0.984707,0.9995
cju3y79ofj3va0871uqfb1mzo,/Users/brian/Desktop/VCL318/Swin-ViT/ViTUnet vs SwinUnet/Dataset/processed/Kvasir-SEG/images/cju3y79ofj3va0871uqfb1mzo.jpg,0.946914,0.972733,0.997959
cju3y9difj6th0801kd1rqm3w,/Users/brian/Desktop/VCL318/Swin-ViT/ViTUnet vs SwinUnet/Dataset/processed/Kvasir-SEG/images/cju3y9difj6th0801kd1rqm3w.jpg,0.975672,0.987686,0.999546
cju3ya7goj6at0818v2l5ay7f,/Users/brian/Desktop/VCL318/Swin-ViT/ViTUnet vs SwinUnet/Dataset/processed/Kvasir-SEG/images/cju3ya7goj6at0818v2l5ay7f.jpg,0.852681,0.920483,0.976296
cju3yb47cj1xq0817zfotbni4,/Users/brian/Desktop/VCL318/Swin-ViT/ViTUnet vs SwinUnet/Dataset/processed/Kvasir-SEG/images/cju3yb47cj1xq0817zfotbni4.jpg,0.854477,0.921529,0.980964
cju3yht87j83m08507yk1u1fg,/Users/brian/Desktop/VCL318/Swin-ViT/ViTUnet vs SwinUnet/Dataset/processed/Kvasir-SEG/images/cju3yht87j83m08507yk1u1fg.jpg,0.967746,0.983609,0.99914
cju3ykamdj9u208503pygyuc8,/Users/brian/Desktop/VCL318/Swin-ViT/ViTUnet vs SwinUnet/Dataset/processed/Kvasir-SEG/images/cju3ykamdj9u208503pygyuc8.jpg,0.701041,0.824249,0.880725
cju40jl7skiuo0817p0smlgg8,/Users/brian/Desktop/VCL318/Swin-ViT/ViTUnet vs SwinUnet/Dataset/processed/Kvasir-SEG/images/cju40jl7skiuo0817p0smlgg8.jpg,0.712795,0.832318,0.827498
cju40m0rjkpw80871z6n6yg1u,/Users/brian/Desktop/VCL318/Swin-ViT/ViTUnet vs SwinUnet/Dataset/processed/Kvasir-SEG/images/cju40m0rjkpw80871z6n6yg1u.jpg,0.924852,0.960959,0.984402
cju40poe4kt9s0755f9cnm3h5,/Users/brian/Desktop/VCL318/Swin-ViT/ViTUnet vs SwinUnet/Dataset/processed/Kvasir-SEG/images/cju40poe4kt9s0755f9cnm3h5.jpg,0.955145,0.977058,0.998131
cju40r6jrksyk0871wg98zgho,/Users/brian/Desktop/VCL318/Swin-ViT/ViTUnet vs SwinUnet/Dataset/processed/Kvasir-SEG/images/cju40r6jrksyk0871wg98zgho.jpg,0.945259,0.971859,0.997458
cju40sdwukv3k0755y99ug1k8,/Users/brian/Desktop/VCL318/Swin-ViT/ViTUnet vs SwinUnet/Dataset/processed/Kvasir-SEG/images/cju40sdwukv3k0755y99ug1k8.jpg,0.951576,0.975187,0.997718
cju40taxlkrho0987smigg0x0,/Users/brian/Desktop/VCL318/Swin-ViT/ViTUnet vs SwinUnet/Dataset/processed/Kvasir-SEG/images/cju40taxlkrho0987smigg0x0.jpg,0.946033,0.972268,0.996688
cju40u30gkuzc0871rq7t666d,/Users/brian/Desktop/VCL318/Swin-ViT/ViTUnet vs SwinUnet/Dataset/processed/Kvasir-SEG/images/cju40u30gkuzc0871rq7t666d.jpg,0.934807,0.966305,0.996077
cju40w3hbkwpn08015rbs3wko,/Users/brian/Desktop/VCL318/Swin-ViT/ViTUnet vs SwinUnet/Dataset/processed/Kvasir-SEG/images/cju40w3hbkwpn08015rbs3wko.jpg,0.942513,0.970406,0.997141
cju40wto5kxwi0755it190f2k,/Users/brian/Desktop/VCL318/Swin-ViT/ViTUnet vs SwinUnet/Dataset/processed/Kvasir-SEG/images/cju40wto5kxwi0755it190f2k.jpg,0.958641,0.978884,0.997982
cju410dnfl0960755y8lu8d79,/Users/brian/Desktop/VCL318/Swin-ViT/ViTUnet vs SwinUnet/Dataset/processed/Kvasir-SEG/images/cju410dnfl0960755y8lu8d79.jpg,0.88776,0.940543,0.981517
cju412uwlkva50850d1ps1ww7,/Users/brian/Desktop/VCL318/Swin-ViT/ViTUnet vs SwinUnet/Dataset/processed/Kvasir-SEG/images/cju412uwlkva50850d1ps1ww7.jpg,0.939214,0.968654,0.996723
cju414lf2l1lt0801rl3hjllj,/Users/brian/Desktop/VCL318/Swin-ViT/ViTUnet vs SwinUnet/Dataset/processed/Kvasir-SEG/images/cju414lf2l1lt0801rl3hjllj.jpg,0.63702,0.778268,0.89453
cju418rckl3ur08012psrx1r1,/Users/brian/Desktop/VCL318/Swin-ViT/ViTUnet vs SwinUnet/Dataset/processed/Kvasir-SEG/images/cju418rckl3ur08012psrx1r1.jpg,0.951964,0.975391,0.998257
cju41kd7yl4nm0850gil5qqwh,/Users/brian/Desktop/VCL318/Swin-ViT/ViTUnet vs SwinUnet/Dataset/processed/Kvasir-SEG/images/cju41kd7yl4nm0850gil5qqwh.jpg,0.928035,0.962675,0.992911
cju41lojblbs307555jdci937,/Users/brian/Desktop/VCL318/Swin-ViT/ViTUnet vs SwinUnet/Dataset/processed/Kvasir-SEG/images/cju41lojblbs307555jdci937.jpg,0.95304,0.975955,0.998657
cju41nz76lcxu0755cya2qefx,/Users/brian/Desktop/VCL318/Swin-ViT/ViTUnet vs SwinUnet/Dataset/processed/Kvasir-SEG/images/cju41nz76lcxu0755cya2qefx.jpg,0.968422,0.983958,0.999184
cju41p90plcsx08018cnzpndc,/Users/brian/Desktop/VCL318/Swin-ViT/ViTUnet vs SwinUnet/Dataset/processed/Kvasir-SEG/images/cju41p90plcsx08018cnzpndc.jpg,0.934491,0.966136,0.996296
cju41r6v2lcww0871ps8k8pf5,/Users/brian/Desktop/VCL318/Swin-ViT/ViTUnet vs SwinUnet/Dataset/processed/Kvasir-SEG/images/cju41r6v2lcww0871ps8k8pf5.jpg,0.955916,0.977461,0.998502
cju41s6nbleqy0755e2mslg0b,/Users/brian/Desktop/VCL318/Swin-ViT/ViTUnet vs SwinUnet/Dataset/processed/Kvasir-SEG/images/cju41s6nbleqy0755e2mslg0b.jpg,0.946586,0.97256,0.998285
cju41z76wlgbz0801qdetlvby,/Users/brian/Desktop/VCL318/Swin-ViT/ViTUnet vs SwinUnet/Dataset/processed/Kvasir-SEG/images/cju41z76wlgbz0801qdetlvby.jpg,0.938341,0.96819,0.997836
cju422cm8lfxn0818ojicxejb,/Users/brian/Desktop/VCL318/Swin-ViT/ViTUnet vs SwinUnet/Dataset/processed/Kvasir-SEG/images/cju422cm8lfxn0818ojicxejb.jpg,0.940173,0.969164,0.994747
cju424hy5lckr085073fva1ok,/Users/brian/Desktop/VCL318/Swin-ViT/ViTUnet vs SwinUnet/Dataset/processed/Kvasir-SEG/images/cju424hy5lckr085073fva1ok.jpg,0.963579,0.981452,0.999101
cju426tomlhll0818fc0i7nvh,/Users/brian/Desktop/VCL318/Swin-ViT/ViTUnet vs SwinUnet/Dataset/processed/Kvasir-SEG/images/cju426tomlhll0818fc0i7nvh.jpg,0.961698,0.980475,0.998928
cju428k5fldt108177s6g6f45,/Users/brian/Desktop/VCL318/Swin-ViT/ViTUnet vs SwinUnet/Dataset/processed/Kvasir-SEG/images/cju428k5fldt108177s6g6f45.jpg,0.954825,0.97689,0.998805
cju42dwedlmk60871jbgu4ehi,/Users/brian/Desktop/VCL318/Swin-ViT/ViTUnet vs SwinUnet/Dataset/processed/Kvasir-SEG/images/cju42dwedlmk60871jbgu4ehi.jpg,0.964719,0.982043,0.998814
cju42g865lorv07552ytz6xxa,/Users/brian/Desktop/VCL318/Swin-ViT/ViTUnet vs SwinUnet/Dataset/processed/Kvasir-SEG/images/cju42g865lorv07552ytz6xxa.jpg,0.973209,0.986423,0.999592
cju42m60jlpcm08186kqppzqv,/Users/brian/Desktop/VCL318/Swin-ViT/ViTUnet vs SwinUnet/Dataset/processed/Kvasir-SEG/images/cju42m60jlpcm08186kqppzqv.jpg,0.942248,0.970265,0.99691
cju42nm68lpyo0818xvvqmupq,/Users/brian/Desktop/VCL318/Swin-ViT/ViTUnet vs SwinUnet/Dataset/processed/Kvasir-SEG/images/cju42nm68lpyo0818xvvqmupq.jpg,0.950795,0.974777,0.998804
cju42py9mlqyd0818u3d1d7ga,/Users/brian/Desktop/VCL318/Swin-ViT/ViTUnet vs SwinUnet/Dataset/processed/Kvasir-SEG/images/cju42py9mlqyd0818u3d1d7ga.jpg,0.939411,0.968759,0.997094
cju42qet0lsq90871e50xbnuv,/Users/brian/Desktop/VCL318/Swin-ViT/ViTUnet vs SwinUnet/Dataset/processed/Kvasir-SEG/images/cju42qet0lsq90871e50xbnuv.jpg,0.950272,0.974502,0.998197
cju42romflni20817etb9a0fl,/Users/brian/Desktop/VCL318/Swin-ViT/ViTUnet vs SwinUnet/Dataset/processed/Kvasir-SEG/images/cju42romflni20817etb9a0fl.jpg,0.946288,0.972403,0.9973
cju42tauqlo5p08171l3cuo4b,/Users/brian/Desktop/VCL318/Swin-ViT/ViTUnet vs SwinUnet/Dataset/processed/Kvasir-SEG/images/cju42tauqlo5p08171l3cuo4b.jpg,0.89414,0.944112,0.984233
cju42u5bjlvi10801dc13sskp,/Users/brian/Desktop/VCL318/Swin-ViT/ViTUnet vs SwinUnet/Dataset/processed/Kvasir-SEG/images/cju42u5bjlvi10801dc13sskp.jpg,0.936364,0.967136,0.996538
cju42wamblrqn098798r2yyok,/Users/brian/Desktop/VCL318/Swin-ViT/ViTUnet vs SwinUnet/Dataset/processed/Kvasir-SEG/images/cju42wamblrqn098798r2yyok.jpg,0.974144,0.986903,0.999404
cju42xpi8lw4w0871ve317a1p,/Users/brian/Desktop/VCL318/Swin-ViT/ViTUnet vs SwinUnet/Dataset/processed/Kvasir-SEG/images/cju42xpi8lw4w0871ve317a1p.jpg,0.951606,0.975203,0.997484
cju430pm2lz0y0755jkhcc3d1,/Users/brian/Desktop/VCL318/Swin-ViT/ViTUnet vs SwinUnet/Dataset/processed/Kvasir-SEG/images/cju430pm2lz0y0755jkhcc3d1.jpg,0.903649,0.949386,0.992332
cju439oazm2fu0871ma0vvrft,/Users/brian/Desktop/VCL318/Swin-ViT/ViTUnet vs SwinUnet/Dataset/processed/Kvasir-SEG/images/cju439oazm2fu0871ma0vvrft.jpg,0.938826,0.968448,0.996957
cju43b8daly4408170e5ev06g,/Users/brian/Desktop/VCL318/Swin-ViT/ViTUnet vs SwinUnet/Dataset/processed/Kvasir-SEG/images/cju43b8daly4408170e5ev06g.jpg,0.965255,0.98232,0.998891
cju43c92lm5cj0755lorsorfg,/Users/brian/Desktop/VCL318/Swin-ViT/ViTUnet vs SwinUnet/Dataset/processed/Kvasir-SEG/images/cju43c92lm5cj0755lorsorfg.jpg,0.781654,0.877448,0.963912
cju43eigtm6ev0801mv0m96t1,/Users/brian/Desktop/VCL318/Swin-ViT/ViTUnet vs SwinUnet/Dataset/processed/Kvasir-SEG/images/cju43eigtm6ev0801mv0m96t1.jpg,0.967691,0.98358,0.999138
cju43gfosm63n08714rpih8pe,/Users/brian/Desktop/VCL318/Swin-ViT/ViTUnet vs SwinUnet/Dataset/processed/Kvasir-SEG/images/cju43gfosm63n08714rpih8pe.jpg,0.963891,0.981613,0.999144
cju43h43am1dy08176gwfhmnt,/Users/brian/Desktop/VCL318/Swin-ViT/ViTUnet vs SwinUnet/Dataset/processed/Kvasir-SEG/images/cju43h43am1dy08176gwfhmnt.jpg,0.902667,0.948844,0.992239
cju43in5fm22c08175rxziqrk,/Users/brian/Desktop/VCL318/Swin-ViT/ViTUnet vs SwinUnet/Dataset/processed/Kvasir-SEG/images/cju43in5fm22c08175rxziqrk.jpg,0.973767,0.986709,0.999368
cju43jcqim2cp08172dvjvyui,/Users/brian/Desktop/VCL318/Swin-ViT/ViTUnet vs SwinUnet/Dataset/processed/Kvasir-SEG/images/cju43jcqim2cp08172dvjvyui.jpg,0.829241,0.90665,0.98606
cju43kj2pm34f0850l28ahpni,/Users/brian/Desktop/VCL318/Swin-ViT/ViTUnet vs SwinUnet/Dataset/processed/Kvasir-SEG/images/cju43kj2pm34f0850l28ahpni.jpg,0.318325,0.482923,0.821983
cju43lcnum9y10755bjs7z87f,/Users/brian/Desktop/VCL318/Swin-ViT/ViTUnet vs SwinUnet/Dataset/processed/Kvasir-SEG/images/cju43lcnum9y10755bjs7z87f.jpg,0.949476,0.974083,0.998118
cju43mkj9m8wb0871qiadahub,/Users/brian/Desktop/VCL318/Swin-ViT/ViTUnet vs SwinUnet/Dataset/processed/Kvasir-SEG/images/cju43mkj9m8wb0871qiadahub.jpg,0.957225,0.978145,0.998767
cju43o6n7m9nk087191ijwqq9,/Users/brian/Desktop/VCL318/Swin-ViT/ViTUnet vs SwinUnet/Dataset/processed/Kvasir-SEG/images/cju43o6n7m9nk087191ijwqq9.jpg,0.94024,0.9692,0.995612
cju45jpvfn6c809873pv1i34s,/Users/brian/Desktop/VCL318/Swin-ViT/ViTUnet vs SwinUnet/Dataset/processed/Kvasir-SEG/images/cju45jpvfn6c809873pv1i34s.jpg,0.958352,0.978733,0.998742
cju45lbgznahl08180xz1h7u6,/Users/brian/Desktop/VCL318/Swin-ViT/ViTUnet vs SwinUnet/Dataset/processed/Kvasir-SEG/images/cju45lbgznahl08180xz1h7u6.jpg,0.963191,0.981251,0.998772
cju45n0oxn5vu08500yfrt9jn,/Users/brian/Desktop/VCL318/Swin-ViT/ViTUnet vs SwinUnet/Dataset/processed/Kvasir-SEG/images/cju45n0oxn5vu08500yfrt9jn.jpg,0.946388,0.972456,0.99621
cju45ofd9ne1j0801ri8dup7t,/Users/brian/Desktop/VCL318/Swin-ViT/ViTUnet vs SwinUnet/Dataset/processed/Kvasir-SEG/images/cju45ofd9ne1j0801ri8dup7t.jpg,0.721225,0.838037,0.962455
cju45pm27n80u08174kyow1gj,/Users/brian/Desktop/VCL318/Swin-ViT/ViTUnet vs SwinUnet/Dataset/processed/Kvasir-SEG/images/cju45pm27n80u08174kyow1gj.jpg,0.943945,0.971164,0.998669
cju45qbf3n9sa0987oonbkly9,/Users/brian/Desktop/VCL318/Swin-ViT/ViTUnet vs SwinUnet/Dataset/processed/Kvasir-SEG/images/cju45qbf3n9sa0987oonbkly9.jpg,0.966784,0.983112,0.998893
cju45rj7ln8980850a7821fov,/Users/brian/Desktop/VCL318/Swin-ViT/ViTUnet vs SwinUnet/Dataset/processed/Kvasir-SEG/images/cju45rj7ln8980850a7821fov.jpg,0.937118,0.967538,0.997153
cju45t5ddnbio0987qtqzx762,/Users/brian/Desktop/VCL318/Swin-ViT/ViTUnet vs SwinUnet/Dataset/processed/Kvasir-SEG/images/cju45t5ddnbio0987qtqzx762.jpg,0.959871,0.979525,0.99871
cju45ty6zn9oz0850qy4qnck1,/Users/brian/Desktop/VCL318/Swin-ViT/ViTUnet vs SwinUnet/Dataset/processed/Kvasir-SEG/images/cju45ty6zn9oz0850qy4qnck1.jpg,0.958305,0.978709,0.998804
cju45v0pungu40871acnwtmu5,/Users/brian/Desktop/VCL318/Swin-ViT/ViTUnet vs SwinUnet/Dataset/processed/Kvasir-SEG/images/cju45v0pungu40871acnwtmu5.jpg,0.959526,0.979345,0.998464
cju5b9oyda4yr0850g9viziyv,/Users/brian/Desktop/VCL318/Swin-ViT/ViTUnet vs SwinUnet/Dataset/processed/Kvasir-SEG/images/cju5b9oyda4yr0850g9viziyv.jpg,0.926594,0.961898,0.996351
cju5bbtwsa8cl0987wgfsqpao,/Users/brian/Desktop/VCL318/Swin-ViT/ViTUnet vs SwinUnet/Dataset/processed/Kvasir-SEG/images/cju5bbtwsa8cl0987wgfsqpao.jpg,0.933151,0.96542,0.996318
cju5bdwa3aatx0818b79i18zf,/Users/brian/Desktop/VCL318/Swin-ViT/ViTUnet vs SwinUnet/Dataset/processed/Kvasir-SEG/images/cju5bdwa3aatx0818b79i18zf.jpg,0.9444,0.971405,0.997707
cju5bf6hxa6m50817rbwettgu,/Users/brian/Desktop/VCL318/Swin-ViT/ViTUnet vs SwinUnet/Dataset/processed/Kvasir-SEG/images/cju5bf6hxa6m50817rbwettgu.jpg,0.938979,0.968529,0.996355
cju5bhv81abur0850ean02atv,/Users/brian/Desktop/VCL318/Swin-ViT/ViTUnet vs SwinUnet/Dataset/processed/Kvasir-SEG/images/cju5bhv81abur0850ean02atv.jpg,0.898208,0.946375,0.994347
cju5bj926aiec07559rshy4wa,/Users/brian/Desktop/VCL318/Swin-ViT/ViTUnet vs SwinUnet/Dataset/processed/Kvasir-SEG/images/cju5bj926aiec07559rshy4wa.jpg,0.861213,0.925432,0.971751
cju5bmhdcafs909878qfzrqzi,/Users/brian/Desktop/VCL318/Swin-ViT/ViTUnet vs SwinUnet/Dataset/processed/Kvasir-SEG/images/cju5bmhdcafs909878qfzrqzi.jpg,0.935678,0.96677,0.993617
cju5boicjagt20871b1fotkh4,/Users/brian/Desktop/VCL318/Swin-ViT/ViTUnet vs SwinUnet/Dataset/processed/Kvasir-SEG/images/cju5boicjagt20871b1fotkh4.jpg,0.971388,0.985486,0.999258
cju5buy2bal250818ipl6fqwv,/Users/brian/Desktop/VCL318/Swin-ViT/ViTUnet vs SwinUnet/Dataset/processed/Kvasir-SEG/images/cju5buy2bal250818ipl6fqwv.jpg,0.953037,0.975954,0.997641
cju5bwhapakm90987c1v4z46a,/Users/brian/Desktop/VCL318/Swin-ViT/ViTUnet vs SwinUnet/Dataset/processed/Kvasir-SEG/images/cju5bwhapakm90987c1v4z46a.jpg,0.921216,0.958992,0.994561
cju5bycdkalkb09875f7bfrvx,/Users/brian/Desktop/VCL318/Swin-ViT/ViTUnet vs SwinUnet/Dataset/processed/Kvasir-SEG/images/cju5bycdkalkb09875f7bfrvx.jpg,0.732246,0.84543,0.970694
cju5c5xc7algd0817pb1ej5yo,/Users/brian/Desktop/VCL318/Swin-ViT/ViTUnet vs SwinUnet/Dataset/processed/Kvasir-SEG/images/cju5c5xc7algd0817pb1ej5yo.jpg,0.9631,0.981203,0.998902
cju5c7oijaqmq09878qwgqv8n,/Users/brian/Desktop/VCL318/Swin-ViT/ViTUnet vs SwinUnet/Dataset/processed/Kvasir-SEG/images/cju5c7oijaqmq09878qwgqv8n.jpg,0.958987,0.979064,0.997873
cju5ca9hcatkc0801jzwe7tfx,/Users/brian/Desktop/VCL318/Swin-ViT/ViTUnet vs SwinUnet/Dataset/processed/Kvasir-SEG/images/cju5ca9hcatkc0801jzwe7tfx.jpg,0.923549,0.960255,0.988385
cju5ccpvqash50850kb4bs22k,/Users/brian/Desktop/VCL318/Swin-ViT/ViTUnet vs SwinUnet/Dataset/processed/Kvasir-SEG/images/cju5ccpvqash50850kb4bs22k.jpg,0.952161,0.975494,0.997987
cju5cetivauok0987ok3e5bre,/Users/brian/Desktop/VCL318/Swin-ViT/ViTUnet vs SwinUnet/Dataset/processed/Kvasir-SEG/images/cju5cetivauok0987ok3e5bre.jpg,0.95232,0.975578,0.998149
cju5chrxxawka0871qcj171yz,/Users/brian/Desktop/VCL318/Swin-ViT/ViTUnet vs SwinUnet/Dataset/processed/Kvasir-SEG/images/cju5chrxxawka0871qcj171yz.jpg,0.96035,0.979774,0.999023
cju5cjh3xattc0817j2vbulzi,/Users/brian/Desktop/VCL318/Swin-ViT/ViTUnet vs SwinUnet/Dataset/processed/Kvasir-SEG/images/cju5cjh3xattc0817j2vbulzi.jpg,0.857501,0.923284,0.981866
cju5cky5xb0ay0801oxet697t,/Users/brian/Desktop/VCL318/Swin-ViT/ViTUnet vs SwinUnet/Dataset/processed/Kvasir-SEG/images/cju5cky5xb0ay0801oxet697t.jpg,0.925009,0.961044,0.994342
cju5clr68b48r0755cmuvponm,/Users/brian/Desktop/VCL318/Swin-ViT/ViTUnet vs SwinUnet/Dataset/processed/Kvasir-SEG/images/cju5clr68b48r0755cmuvponm.jpg,0.946556,0.972545,0.997946
cju5cu8qkb84x08186jwo8yin,/Users/brian/Desktop/VCL318/Swin-ViT/ViTUnet vs SwinUnet/Dataset/processed/Kvasir-SEG/images/cju5cu8qkb84x08186jwo8yin.jpg,0.869761,0.930345,0.988748
cju5ddda9bkkt0850enzwatb1,/Users/brian/Desktop/VCL318/Swin-ViT/ViTUnet vs SwinUnet/Dataset/processed/Kvasir-SEG/images/cju5ddda9bkkt0850enzwatb1.jpg,0.900055,0.947399,0.992739
cju5eftctcdbj08712gdp989f,/Users/brian/Desktop/VCL318/Swin-ViT/ViTUnet vs SwinUnet/Dataset/processed/Kvasir-SEG/images/cju5eftctcdbj08712gdp989f.jpg,0.956287,0.977655,0.998346
cju5ekty5ckzf07550c9u3ckk,/Users/brian/Desktop/VCL318/Swin-ViT/ViTUnet vs SwinUnet/Dataset/processed/Kvasir-SEG/images/cju5ekty5ckzf07550c9u3ckk.jpg,0.964903,0.982138,0.99885
cju5enq1tcn1i0755hnkon787,/Users/brian/Desktop/VCL318/Swin-ViT/ViTUnet vs SwinUnet/Dataset/processed/Kvasir-SEG/images/cju5enq1tcn1i0755hnkon787.jpg,0.945072,0.971761,0.997323
cju5eq8c8ck690850vix98hv3,/Users/brian/Desktop/VCL318/Swin-ViT/ViTUnet vs SwinUnet/Dataset/processed/Kvasir-SEG/images/cju5eq8c8ck690850vix98hv3.jpg,0.957044,0.978051,0.998621
cju5es375cnzy0801nkq35ffs,/Users/brian/Desktop/VCL318/Swin-ViT/ViTUnet vs SwinUnet/Dataset/processed/Kvasir-SEG/images/cju5es375cnzy0801nkq35ffs.jpg,0.945514,0.971994,0.997789
cju5ew4h9cqaf0818rrczkmqh,/Users/brian/Desktop/VCL318/Swin-ViT/ViTUnet vs SwinUnet/Dataset/processed/Kvasir-SEG/images/cju5ew4h9cqaf0818rrczkmqh.jpg,0.933903,0.965822,0.997425
cju5eyfe9cpk90987laa7tsl3,/Users/brian/Desktop/VCL318/Swin-ViT/ViTUnet vs SwinUnet/Dataset/processed/Kvasir-SEG/images/cju5eyfe9cpk90987laa7tsl3.jpg,0.921076,0.958917,0.991747
cju5f0dezct4q08183ydw11dx,/Users/brian/Desktop/VCL318/Swin-ViT/ViTUnet vs SwinUnet/Dataset/processed/Kvasir-SEG/images/cju5f0dezct4q08183ydw11dx.jpg,0.957488,0.978282,0.998297
cju5f26ebcuai0818xlwh6116,/Users/brian/Desktop/VCL318/Swin-ViT/ViTUnet vs SwinUnet/Dataset/processed/Kvasir-SEG/images/cju5f26ebcuai0818xlwh6116.jpg,0.92726,0.962257,0.995756
cju5f8hxdcxxn08188obby0ea,/Users/brian/Desktop/VCL318/Swin-ViT/ViTUnet vs SwinUnet/Dataset/processed/Kvasir-SEG/images/cju5f8hxdcxxn08188obby0ea.jpg,0.952803,0.975831,0.998982
cju5fb86jd1jp0755b1ukbhq5,/Users/brian/Desktop/VCL318/Swin-ViT/ViTUnet vs SwinUnet/Dataset/processed/Kvasir-SEG/images/cju5fb86jd1jp0755b1ukbhq5.jpg,0.967866,0.983671,0.999056
cju5fi0yxd3ei0801v7u0yudn,/Users/brian/Desktop/VCL318/Swin-ViT/ViTUnet vs SwinUnet/Dataset/processed/Kvasir-SEG/images/cju5fi0yxd3ei0801v7u0yudn.jpg,0.90354,0.949326,0.994506
cju5fs6j6d8350801vglraq4u,/Users/brian/Desktop/VCL318/Swin-ViT/ViTUnet vs SwinUnet/Dataset/processed/Kvasir-SEG/images/cju5fs6j6d8350801vglraq4u.jpg,0.959494,0.979328,0.999029
cju5ft6mcd5q40987rhjgbrr6,/Users/brian/Desktop/VCL318/Swin-ViT/ViTUnet vs SwinUnet/Dataset/processed/Kvasir-SEG/images/cju5ft6mcd5q40987rhjgbrr6.jpg,0.959314,0.979235,0.998522
cju5fu081d8gc0818l3yylujk,/Users/brian/Desktop/VCL318/Swin-ViT/ViTUnet vs SwinUnet/Dataset/processed/Kvasir-SEG/images/cju5fu081d8gc0818l3yylujk.jpg,0.862794,0.926344,0.975841
cju5fw37edaae0801vkwvocn7,/Users/brian/Desktop/VCL318/Swin-ViT/ViTUnet vs SwinUnet/Dataset/processed/Kvasir-SEG/images/cju5fw37edaae0801vkwvocn7.jpg,0.955836,0.977419,0.998184
cju5fydrud94708507vo6oy21,/Users/brian/Desktop/VCL318/Swin-ViT/ViTUnet vs SwinUnet/Dataset/processed/Kvasir-SEG/images/cju5fydrud94708507vo6oy21.jpg,0.930929,0.964229,0.995206
cju5g163vd6mt0817uccuga6u,/Users/brian/Desktop/VCL318/Swin-ViT/ViTUnet vs SwinUnet/Dataset/processed/Kvasir-SEG/images/cju5g163vd6mt0817uccuga6u.jpg,0.92685,0.962036,0.995719
cju5gucasds9d0801019axylx,/Users/brian/Desktop/VCL318/Swin-ViT/ViTUnet vs SwinUnet/Dataset/processed/Kvasir-SEG/images/cju5gucasds9d0801019axylx.jpg,0.923288,0.960114,0.995834
cju5h57xedz5h0755mjpc8694,/Users/brian/Desktop/VCL318/Swin-ViT/ViTUnet vs SwinUnet/Dataset/processed/Kvasir-SEG/images/cju5h57xedz5h0755mjpc8694.jpg,0.979993,0.989895,0.99977
cju5hi52odyf90817prvcwg45,/Users/brian/Desktop/VCL318/Swin-ViT/ViTUnet vs SwinUnet/Dataset/processed/Kvasir-SEG/images/cju5hi52odyf90817prvcwg45.jpg,0.912825,0.954426,0.99084
cju5hjxaae3i40850h5z2laf5,/Users/brian/Desktop/VCL318/Swin-ViT/ViTUnet vs SwinUnet/Dataset/processed/Kvasir-SEG/images/cju5hjxaae3i40850h5z2laf5.jpg,0.965181,0.982282,0.998187
cju5hl8nee8a40755fm8qjj0o,/Users/brian/Desktop/VCL318/Swin-ViT/ViTUnet vs SwinUnet/Dataset/processed/Kvasir-SEG/images/cju5hl8nee8a40755fm8qjj0o.jpg,0.946943,0.972749,0.999067
cju5hqz50e7o90850e0prlpa0,/Users/brian/Desktop/VCL318/Swin-ViT/ViTUnet vs SwinUnet/Dataset/processed/Kvasir-SEG/images/cju5hqz50e7o90850e0prlpa0.jpg,0.923139,0.960034,0.995832
cju5ht88gedbu0755xrcuddcx,/Users/brian/Desktop/VCL318/Swin-ViT/ViTUnet vs SwinUnet/Dataset/processed/Kvasir-SEG/images/cju5ht88gedbu0755xrcuddcx.jpg,0.932937,0.965305,0.996054
cju5huurrecm70801y680y13m,/Users/brian/Desktop/VCL318/Swin-ViT/ViTUnet vs SwinUnet/Dataset/processed/Kvasir-SEG/images/cju5huurrecm70801y680y13m.jpg,0.949929,0.974322,0.994178
cju5hwonqedw10801vsd3w6kk,/Users/brian/Desktop/VCL318/Swin-ViT/ViTUnet vs SwinUnet/Dataset/processed/Kvasir-SEG/images/cju5hwonqedw10801vsd3w6kk.jpg,0.964267,0.981809,0.998922
cju5hyi9yegob0755ho3do8en,/Users/brian/Desktop/VCL318/Swin-ViT/ViTUnet vs SwinUnet/Dataset/processed/Kvasir-SEG/images/cju5hyi9yegob0755ho3do8en.jpg,0.822019,0.902316,0.878331
cju5i39mreass0817au8p22zy,/Users/brian/Desktop/VCL318/Swin-ViT/ViTUnet vs SwinUnet/Dataset/processed/Kvasir-SEG/images/cju5i39mreass0817au8p22zy.jpg,0.475163,0.644217,0.953254
cju5i5oh2efg60987ez6cpf72,/Users/brian/Desktop/VCL318/Swin-ViT/ViTUnet vs SwinUnet/Dataset/processed/Kvasir-SEG/images/cju5i5oh2efg60987ez6cpf72.jpg,0.972933,0.986281,0.999417
cju5jx7jzf7c90871c2i9aiov,/Users/brian/Desktop/VCL318/Swin-ViT/ViTUnet vs SwinUnet/Dataset/processed/Kvasir-SEG/images/cju5jx7jzf7c90871c2i9aiov.jpg,0.945641,0.972061,0.996852
cju5jz5fff8c50871hbe6108f,/Users/brian/Desktop/VCL318/Swin-ViT/ViTUnet vs SwinUnet/Dataset/processed/Kvasir-SEG/images/cju5jz5fff8c50871hbe6108f.jpg,0.968915,0.984212,0.999326
cju5k3j3uf6de0817hszzfr7n,/Users/brian/Desktop/VCL318/Swin-ViT/ViTUnet vs SwinUnet/Dataset/processed/Kvasir-SEG/images/cju5k3j3uf6de0817hszzfr7n.jpg,0.936182,0.967039,0.997067
cju5k503sfa5f0871lx0rpu5y,/Users/brian/Desktop/VCL318/Swin-ViT/ViTUnet vs SwinUnet/Dataset/processed/Kvasir-SEG/images/cju5k503sfa5f0871lx0rpu5y.jpg,0.912312,0.954146,0.991333
cju5k7r0yf98c09878csbxb4d,/Users/brian/Desktop/VCL318/Swin-ViT/ViTUnet vs SwinUnet/Dataset/processed/Kvasir-SEG/images/cju5k7r0yf98c09878csbxb4d.jpg,0.826724,0.905144,0.991501
cju5klveuff6w0871wbibgh3m,/Users/brian/Desktop/VCL318/Swin-ViT/ViTUnet vs SwinUnet/Dataset/processed/Kvasir-SEG/images/cju5klveuff6w0871wbibgh3m.jpg,0.923771,0.960375,0.994864
cju5knbbqfipk080128cggukq,/Users/brian/Desktop/VCL318/Swin-ViT/ViTUnet vs SwinUnet/Dataset/processed/Kvasir-SEG/images/cju5knbbqfipk080128cggukq.jpg,0.954312,0.976622,0.997209
cju5kre09fhka0850h7b1898j,/Users/brian/Desktop/VCL318/Swin-ViT/ViTUnet vs SwinUnet/Dataset/processed/Kvasir-SEG/images/cju5kre09fhka0850h7b1898j.jpg,0.947316,0.972945,0.99795
cju5ktjwofed70817eg58ef7u,/Users/brian/Desktop/VCL318/Swin-ViT/ViTUnet vs SwinUnet/Dataset/processed/Kvasir-SEG/images/cju5ktjwofed70817eg58ef7u.jpg,0.932475,0.965058,0.997132
cju5nxkujgscq0817l9gss626,/Users/brian/Desktop/VCL318/Swin-ViT/ViTUnet vs SwinUnet/Dataset/processed/Kvasir-SEG/images/cju5nxkujgscq0817l9gss626.jpg,0.946983,0.97277,0.997453
cju5nyu31gv8e0871zpk74a2n,/Users/brian/Desktop/VCL318/Swin-ViT/ViTUnet vs SwinUnet/Dataset/processed/Kvasir-SEG/images/cju5nyu31gv8e0871zpk74a2n.jpg,0.897769,0.946131,0.993096
cju5o1vu9gz8a0818eyy92bns,/Users/brian/Desktop/VCL318/Swin-ViT/ViTUnet vs SwinUnet/Dataset/processed/Kvasir-SEG/images/cju5o1vu9gz8a0818eyy92bns.jpg,0.960347,0.979772,0.998976
cju5o4pk9h0720755lgp9jq8m,/Users/brian/Desktop/VCL318/Swin-ViT/ViTUnet vs SwinUnet/Dataset/processed/Kvasir-SEG/images/cju5o4pk9h0720755lgp9jq8m.jpg,0.978308,0.989035,0.999607
cju5tenjojp1j0755ms4949h2,/Users/brian/Desktop/VCL318/Swin-ViT/ViTUnet vs SwinUnet/Dataset/processed/Kvasir-SEG/images/cju5tenjojp1j0755ms4949h2.jpg,0.957997,0.978548,0.998623
cju5tgbzhjllu08174ca41eus,/Users/brian/Desktop/VCL318/Swin-ViT/ViTUnet vs SwinUnet/Dataset/processed/Kvasir-SEG/images/cju5tgbzhjllu08174ca41eus.jpg,0.825878,0.904636,0.976605
cju5thdbrjp1108715xdfx356,/Users/brian/Desktop/VCL318/Swin-ViT/ViTUnet vs SwinUnet/Dataset/processed/Kvasir-SEG/images/cju5thdbrjp1108715xdfx356.jpg,0.910658,0.95324,0.99343
cju5u4pywk81x0817vn9pe14z,/Users/brian/Desktop/VCL318/Swin-ViT/ViTUnet vs SwinUnet/Dataset/processed/Kvasir-SEG/images/cju5u4pywk81x0817vn9pe14z.jpg,0.951869,0.975341,0.998924
cju5u6wf0kh1t0755bg1ssixv,/Users/brian/Desktop/VCL318/Swin-ViT/ViTUnet vs SwinUnet/Dataset/processed/Kvasir-SEG/images/cju5u6wf0kh1t0755bg1ssixv.jpg,0.978656,0.989213,0.999648
cju5u8gz4kj5b07552e2wpkwp,/Users/brian/Desktop/VCL318/Swin-ViT/ViTUnet vs SwinUnet/Dataset/processed/Kvasir-SEG/images/cju5u8gz4kj5b07552e2wpkwp.jpg,0.958896,0.979017,0.998777
cju5udcufki0s09874ll1dbr5,/Users/brian/Desktop/VCL318/Swin-ViT/ViTUnet vs SwinUnet/Dataset/processed/Kvasir-SEG/images/cju5udcufki0s09874ll1dbr5.jpg,0.958731,0.978931,0.998261
cju5ufn3skquf0818dhapnhba,/Users/brian/Desktop/VCL318/Swin-ViT/ViTUnet vs SwinUnet/Dataset/processed/Kvasir-SEG/images/cju5ufn3skquf0818dhapnhba.jpg,0.937847,0.967927,0.997591
cju5uget8krjy0818kvywd0zu,/Users/brian/Desktop/VCL318/Swin-ViT/ViTUnet vs SwinUnet/Dataset/processed/Kvasir-SEG/images/cju5uget8krjy0818kvywd0zu.jpg,0.929298,0.963354,0.995021
cju5uhrdwkmsu0817ervv91l8,/Users/brian/Desktop/VCL318/Swin-ViT/ViTUnet vs SwinUnet/Dataset/processed/Kvasir-SEG/images/cju5uhrdwkmsu0817ervv91l8.jpg,0.929881,0.963667,0.995021
cju5ukkg6kv7u08011x2b6zl5,/Users/brian/Desktop/VCL318/Swin-ViT/ViTUnet vs SwinUnet/Dataset/processed/Kvasir-SEG/images/cju5ukkg6kv7u08011x2b6zl5.jpg,0.954687,0.976818,0.998093
cju5uxjnol2r509871qv2yeia,/Users/brian/Desktop/VCL318/Swin-ViT/ViTUnet vs SwinUnet/Dataset/processed/Kvasir-SEG/images/cju5uxjnol2r509871qv2yeia.jpg,0.941213,0.969716,0.99447
cju5uzmaol56l0817flxh4w9p,/Users/brian/Desktop/VCL318/Swin-ViT/ViTUnet vs SwinUnet/Dataset/processed/Kvasir-SEG/images/cju5uzmaol56l0817flxh4w9p.jpg,0.939362,0.968733,0.997942
cju5v8pgplg6k0755rvi2t63h,/Users/brian/Desktop/VCL318/Swin-ViT/ViTUnet vs SwinUnet/Dataset/processed/Kvasir-SEG/images/cju5v8pgplg6k0755rvi2t63h.jpg,0.930689,0.9641,0.994859
cju5vbo6jldrt0871jf6f1700,/Users/brian/Desktop/VCL318/Swin-ViT/ViTUnet vs SwinUnet/Dataset/processed/Kvasir-SEG/images/cju5vbo6jldrt0871jf6f1700.jpg,0.956009,0.97751,0.999021
cju5vcmrqla7i0817x4sp4pqw,/Users/brian/Desktop/VCL318/Swin-ViT/ViTUnet vs SwinUnet/Dataset/processed/Kvasir-SEG/images/cju5vcmrqla7i0817x4sp4pqw.jpg,0.959811,0.979493,0.998827
cju5vgawslbe30987ndeepc1b,/Users/brian/Desktop/VCL318/Swin-ViT/ViTUnet vs SwinUnet/Dataset/processed/Kvasir-SEG/images/cju5vgawslbe30987ndeepc1b.jpg,0.970407,0.984981,0.999215
cju5vi4nxlc530817uoqm2m7a,/Users/brian/Desktop/VCL318/Swin-ViT/ViTUnet vs SwinUnet/Dataset/processed/Kvasir-SEG/images/cju5vi4nxlc530817uoqm2m7a.jpg,0.970015,0.984779,0.999548
cju5von04litr08718j8po40a,/Users/brian/Desktop/VCL318/Swin-ViT/ViTUnet vs SwinUnet/Dataset/processed/Kvasir-SEG/images/cju5von04litr08718j8po40a.jpg,0.939178,0.968635,0.997809
cju5vutu7ll8w0871dfp92n9p,/Users/brian/Desktop/VCL318/Swin-ViT/ViTUnet vs SwinUnet/Dataset/processed/Kvasir-SEG/images/cju5vutu7ll8w0871dfp92n9p.jpg,0.962737,0.981015,0.999069
cju5vwbr4lhqn0987a1pji0ux,/Users/brian/Desktop/VCL318/Swin-ViT/ViTUnet vs SwinUnet/Dataset/processed/Kvasir-SEG/images/cju5vwbr4lhqn0987a1pji0ux.jpg,0.900679,0.947744,0.992072
cju5vxuc5loxw0818u8xgf45p,/Users/brian/Desktop/VCL318/Swin-ViT/ViTUnet vs SwinUnet/Dataset/processed/Kvasir-SEG/images/cju5vxuc5loxw0818u8xgf45p.jpg,0.960788,0.980002,0.998701
cju5vzjoslpj708186z2fusmz,/Users/brian/Desktop/VCL318/Swin-ViT/ViTUnet vs SwinUnet/Dataset/processed/Kvasir-SEG/images/cju5vzjoslpj708186z2fusmz.jpg,0.958011,0.978555,0.998995
cju5w7xn0lrkq0801f9k0htgx,/Users/brian/Desktop/VCL318/Swin-ViT/ViTUnet vs SwinUnet/Dataset/processed/Kvasir-SEG/images/cju5w7xn0lrkq0801f9k0htgx.jpg,0.889709,0.941636,0.98071
cju5waeduln160817w0agirve,/Users/brian/Desktop/VCL318/Swin-ViT/ViTUnet vs SwinUnet/Dataset/processed/Kvasir-SEG/images/cju5waeduln160817w0agirve.jpg,0.950292,0.974512,0.997315
cju5wcc90lu020850mjrxppv6,/Users/brian/Desktop/VCL318/Swin-ViT/ViTUnet vs SwinUnet/Dataset/processed/Kvasir-SEG/images/cju5wcc90lu020850mjrxppv6.jpg,0.941937,0.9701,0.997081
cju5wi6bqlxy90755bu227nvb,/Users/brian/Desktop/VCL318/Swin-ViT/ViTUnet vs SwinUnet/Dataset/processed/Kvasir-SEG/images/cju5wi6bqlxy90755bu227nvb.jpg,0.946937,0.972745,0.997656
cju5wj0faly5008187n6530af,/Users/brian/Desktop/VCL318/Swin-ViT/ViTUnet vs SwinUnet/Dataset/processed/Kvasir-SEG/images/cju5wj0faly5008187n6530af.jpg,0.888293,0.940843,0.977866
cju5wkonqlrl409877y8zvnub,/Users/brian/Desktop/VCL318/Swin-ViT/ViTUnet vs SwinUnet/Dataset/processed/Kvasir-SEG/images/cju5wkonqlrl409877y8zvnub.jpg,0.966555,0.982993,0.99912
cju5wmvsdlx1j0871npgj8j4b,/Users/brian/Desktop/VCL318/Swin-ViT/ViTUnet vs SwinUnet/Dataset/processed/Kvasir-SEG/images/cju5wmvsdlx1j0871npgj8j4b.jpg,0.896682,0.945527,0.994749
cju5woy82m07m08505dmjg7g1,/Users/brian/Desktop/VCL318/Swin-ViT/ViTUnet vs SwinUnet/Dataset/processed/Kvasir-SEG/images/cju5woy82m07m08505dmjg7g1.jpg,0.962799,0.981047,0.999065
cju5wphwwlu3m0987hh3ltg88,/Users/brian/Desktop/VCL318/Swin-ViT/ViTUnet vs SwinUnet/Dataset/processed/Kvasir-SEG/images/cju5wphwwlu3m0987hh3ltg88.jpg,0.936604,0.967265,0.998387
cju5wqonpm0e60801z88ewmy1,/Users/brian/Desktop/VCL318/Swin-ViT/ViTUnet vs SwinUnet/Dataset/processed/Kvasir-SEG/images/cju5wqonpm0e60801z88ewmy1.jpg,0.952111,0.975468,0.998369
cju5wrapcm2290818jsh26ppb,/Users/brian/Desktop/VCL318/Swin-ViT/ViTUnet vs SwinUnet/Dataset/processed/Kvasir-SEG/images/cju5wrapcm2290818jsh26ppb.jpg,0.955835,0.977419,0.998165
cju5wrrs0m2af0818vmnajbtw,/Users/brian/Desktop/VCL318/Swin-ViT/ViTUnet vs SwinUnet/Dataset/processed/Kvasir-SEG/images/cju5wrrs0m2af0818vmnajbtw.jpg,0.872192,0.931734,0.991485
cju5wtdu4m0im0871mix0yvc0,/Users/brian/Desktop/VCL318/Swin-ViT/ViTUnet vs SwinUnet/Dataset/processed/Kvasir-SEG/images/cju5wtdu4m0im0871mix0yvc0.jpg,0.955443,0.977214,0.997644
cju5wuhm1lwm40987vugqn3vv,/Users/brian/Desktop/VCL318/Swin-ViT/ViTUnet vs SwinUnet/Dataset/processed/Kvasir-SEG/images/cju5wuhm1lwm40987vugqn3vv.jpg,0.69915,0.822941,0.951747
cju5x00l6m5j608503k78ptee,/Users/brian/Desktop/VCL318/Swin-ViT/ViTUnet vs SwinUnet/Dataset/processed/Kvasir-SEG/images/cju5x00l6m5j608503k78ptee.jpg,0.947973,0.973291,0.997857
cju5x15djm7ae0755h8czf6nt,/Users/brian/Desktop/VCL318/Swin-ViT/ViTUnet vs SwinUnet/Dataset/processed/Kvasir-SEG/images/cju5x15djm7ae0755h8czf6nt.jpg,0.968043,0.983762,0.998953
cju5x28nzm7t907558ocq4bt7,/Users/brian/Desktop/VCL318/Swin-ViT/ViTUnet vs SwinUnet/Dataset/processed/Kvasir-SEG/images/cju5x28nzm7t907558ocq4bt7.jpg,0.887969,0.940661,0.979087
cju5x7iskmad90818frchyfwd,/Users/brian/Desktop/VCL318/Swin-ViT/ViTUnet vs SwinUnet/Dataset/processed/Kvasir-SEG/images/cju5x7iskmad90818frchyfwd.jpg,0.933348,0.965525,0.996538
cju5xjn5mm78b09871spyqhhr,/Users/brian/Desktop/VCL318/Swin-ViT/ViTUnet vs SwinUnet/Dataset/processed/Kvasir-SEG/images/cju5xjn5mm78b09871spyqhhr.jpg,0.964089,0.981716,0.99887
cju5xkwzxmf0z0818gk4xabdm,/Users/brian/Desktop/VCL318/Swin-ViT/ViTUnet vs SwinUnet/Dataset/processed/Kvasir-SEG/images/cju5xkwzxmf0z0818gk4xabdm.jpg,0.947628,0.97311,0.99791
cju5xneamme2p0801qdf7fdwv,/Users/brian/Desktop/VCL318/Swin-ViT/ViTUnet vs SwinUnet/Dataset/processed/Kvasir-SEG/images/cju5xneamme2p0801qdf7fdwv.jpg,0.914894,0.955556,0.995088
cju5xopi0md7q0871r1sjc1av,/Users/brian/Desktop/VCL318/Swin-ViT/ViTUnet vs SwinUnet/Dataset/processed/Kvasir-SEG/images/cju5xopi0md7q0871r1sjc1av.jpg,0.941739,0.969996,0.99814
cju5xq3tdm9fn0987pbedxdg5,/Users/brian/Desktop/VCL318/Swin-ViT/ViTUnet vs SwinUnet/Dataset/processed/Kvasir-SEG/images/cju5xq3tdm9fn0987pbedxdg5.jpg,0.897044,0.945728,0.993153
cju5y4hgqmk0i08180rjhbwvp,/Users/brian/Desktop/VCL318/Swin-ViT/ViTUnet vs SwinUnet/Dataset/processed/Kvasir-SEG/images/cju5y4hgqmk0i08180rjhbwvp.jpg,0.84399,0.915396,0.98735
cju5y7buemcw80987p0r30g9f,/Users/brian/Desktop/VCL318/Swin-ViT/ViTUnet vs SwinUnet/Dataset/processed/Kvasir-SEG/images/cju5y7buemcw80987p0r30g9f.jpg,0.953818,0.976363,0.998203
cju5y84q3mdv50817eyp82xf3,/Users/brian/Desktop/VCL318/Swin-ViT/ViTUnet vs SwinUnet/Dataset/processed/Kvasir-SEG/images/cju5y84q3mdv50817eyp82xf3.jpg,0.914641,0.955418,0.994699
cju5yclrymlgj0818k426ud6z,/Users/brian/Desktop/VCL318/Swin-ViT/ViTUnet vs SwinUnet/Dataset/processed/Kvasir-SEG/images/cju5yclrymlgj0818k426ud6z.jpg,0.957776,0.978433,0.998747
cju5yeqiwmkgl0801fzv2douc,/Users/brian/Desktop/VCL318/Swin-ViT/ViTUnet vs SwinUnet/Dataset/processed/Kvasir-SEG/images/cju5yeqiwmkgl0801fzv2douc.jpg,0.876252,0.934045,0.988623
cju5ygh1zmmdi0755uod5e17i,/Users/brian/Desktop/VCL318/Swin-ViT/ViTUnet vs SwinUnet/Dataset/processed/Kvasir-SEG/images/cju5ygh1zmmdi0755uod5e17i.jpg,0.956028,0.97752,0.998629
cju5yhgznmkzb0801cji2vi8j,/Users/brian/Desktop/VCL318/Swin-ViT/ViTUnet vs SwinUnet/Dataset/processed/Kvasir-SEG/images/cju5yhgznmkzb0801cji2vi8j.jpg,0.811673,0.896048,0.964488
cju5yimthmlv80850zhoc90c2,/Users/brian/Desktop/VCL318/Swin-ViT/ViTUnet vs SwinUnet/Dataset/processed/Kvasir-SEG/images/cju5yimthmlv80850zhoc90c2.jpg,0.946514,0.972522,0.997348
cju5yjq1pmlgc0801z0t24bly,/Users/brian/Desktop/VCL318/Swin-ViT/ViTUnet vs SwinUnet/Dataset/processed/Kvasir-SEG/images/cju5yjq1pmlgc0801z0t24bly.jpg,0.880828,0.936638,0.958
cju5ymyd8mmdc0801ry3by1xr,/Users/brian/Desktop/VCL318/Swin-ViT/ViTUnet vs SwinUnet/Dataset/processed/Kvasir-SEG/images/cju5ymyd8mmdc0801ry3by1xr.jpg,0.92171,0.95926,0.992704
cju6ur9l9v9jq0755paud9uka,/Users/brian/Desktop/VCL318/Swin-ViT/ViTUnet vs SwinUnet/Dataset/processed/Kvasir-SEG/images/cju6ur9l9v9jq0755paud9uka.jpg,0.88769,0.940504,0.982748
cju6us80mv1b50871ebyq2wxa,/Users/brian/Desktop/VCL318/Swin-ViT/ViTUnet vs SwinUnet/Dataset/processed/Kvasir-SEG/images/cju6us80mv1b50871ebyq2wxa.jpg,0.773031,0.871988,0.947821
cju6ut4l8va6y0755tyw3vfqq,/Users/brian/Desktop/VCL318/Swin-ViT/ViTUnet vs SwinUnet/Dataset/processed/Kvasir-SEG/images/cju6ut4l8va6y0755tyw3vfqq.jpg,0.881688,0.937125,0.99147
cju6uy20suzbl0987rzuhz7z9,/Users/brian/Desktop/VCL318/Swin-ViT/ViTUnet vs SwinUnet/Dataset/processed/Kvasir-SEG/images/cju6uy20suzbl0987rzuhz7z9.jpg,0.932681,0.965168,0.996569
cju6uzxk0v83p0801rcwnexdu,/Users/brian/Desktop/VCL318/Swin-ViT/ViTUnet vs SwinUnet/Dataset/processed/Kvasir-SEG/images/cju6uzxk0v83p0801rcwnexdu.jpg,0.955072,0.97702,0.998225
cju6v1m1xv07w09870ah3njy1,/Users/brian/Desktop/VCL318/Swin-ViT/ViTUnet vs SwinUnet/Dataset/processed/Kvasir-SEG/images/cju6v1m1xv07w09870ah3njy1.jpg,0.93926,0.968679,0.997326
cju6v3bb2v7xo085090blubyw,/Users/brian/Desktop/VCL318/Swin-ViT/ViTUnet vs SwinUnet/Dataset/processed/Kvasir-SEG/images/cju6v3bb2v7xo085090blubyw.jpg,0.862633,0.926251,0.985964
cju6v4szov55u0871qmqz3v8n,/Users/brian/Desktop/VCL318/Swin-ViT/ViTUnet vs SwinUnet/Dataset/processed/Kvasir-SEG/images/cju6v4szov55u0871qmqz3v8n.jpg,0.973335,0.986487,0.999465
cju6v5ilsv8hk0850rb5sgh6o,/Users/brian/Desktop/VCL318/Swin-ViT/ViTUnet vs SwinUnet/Dataset/processed/Kvasir-SEG/images/cju6v5ilsv8hk0850rb5sgh6o.jpg,0.941103,0.969658,0.997717
cju6v6g6kvdw007552x6mb0po,/Users/brian/Desktop/VCL318/Swin-ViT/ViTUnet vs SwinUnet/Dataset/processed/Kvasir-SEG/images/cju6v6g6kvdw007552x6mb0po.jpg,0.905233,0.95026,0.979401
cju6vgdmivcvb08018fra5lnv,/Users/brian/Desktop/VCL318/Swin-ViT/ViTUnet vs SwinUnet/Dataset/processed/Kvasir-SEG/images/cju6vgdmivcvb08018fra5lnv.jpg,0.965596,0.982497,0.999109
cju6vifjlv55z0987un6y4zdo,/Users/brian/Desktop/VCL318/Swin-ViT/ViTUnet vs SwinUnet/Dataset/processed/Kvasir-SEG/images/cju6vifjlv55z0987un6y4zdo.jpg,0.972782,0.986203,0.999383
cju6vqarjv7yo0987q4b1btk1,/Users/brian/Desktop/VCL318/Swin-ViT/ViTUnet vs SwinUnet/Dataset/processed/Kvasir-SEG/images/cju6vqarjv7yo0987q4b1btk1.jpg,0.94861,0.973627,0.996897
cju6vrs1ov8cr098788h8gs6j,/Users/brian/Desktop/VCL318/Swin-ViT/ViTUnet vs SwinUnet/Dataset/processed/Kvasir-SEG/images/cju6vrs1ov8cr098788h8gs6j.jpg,0.910928,0.953388,0.986807
cju6vta3kvazg0817qbeppjtm,/Users/brian/Desktop/VCL318/Swin-ViT/ViTUnet vs SwinUnet/Dataset/processed/Kvasir-SEG/images/cju6vta3kvazg0817qbeppjtm.jpg,0.954053,0.976486,0.998324
cju6vucxvvlda0755j7msqnya,/Users/brian/Desktop/VCL318/Swin-ViT/ViTUnet vs SwinUnet/Dataset/processed/Kvasir-SEG/images/cju6vucxvvlda0755j7msqnya.jpg,0.819328,0.900693,0.908214
cju6vvb8svhed0801jjcquh5e,/Users/brian/Desktop/VCL318/Swin-ViT/ViTUnet vs SwinUnet/Dataset/processed/Kvasir-SEG/images/cju6vvb8svhed0801jjcquh5e.jpg,0.792899,0.884488,0.928664
cju6vvxsev9y30987kespucdg,/Users/brian/Desktop/VCL318/Swin-ViT/ViTUnet vs SwinUnet/Dataset/processed/Kvasir-SEG/images/cju6vvxsev9y30987kespucdg.jpg,0.958547,0.978835,0.99902
cju6w733bveoz0817e600tw72,/Users/brian/Desktop/VCL318/Swin-ViT/ViTUnet vs SwinUnet/Dataset/processed/Kvasir-SEG/images/cju6w733bveoz0817e600tw72.jpg,0.778564,0.875497,0.937553
cju6wi3akvn8r0801px8eligc,/Users/brian/Desktop/VCL318/Swin-ViT/ViTUnet vs SwinUnet/Dataset/processed/Kvasir-SEG/images/cju6wi3akvn8r0801px8eligc.jpg,0.965242,0.982314,0.999011
cju6wjm81vgsc0987enk9n3pr,/Users/brian/Desktop/VCL318/Swin-ViT/ViTUnet vs SwinUnet/Dataset/processed/Kvasir-SEG/images/cju6wjm81vgsc0987enk9n3pr.jpg,0.979428,0.989607,0.999732
cju6wll7wvo3y08502pagos8m,/Users/brian/Desktop/VCL318/Swin-ViT/ViTUnet vs SwinUnet/Dataset/processed/Kvasir-SEG/images/cju6wll7wvo3y08502pagos8m.jpg,0.943223,0.970782,0.997634
cju6wn57mvooj0850rp78hhy7,/Users/brian/Desktop/VCL318/Swin-ViT/ViTUnet vs SwinUnet/Dataset/processed/Kvasir-SEG/images/cju6wn57mvooj0850rp78hhy7.jpg,0.753324,0.859309,0.946501
cju6wt9jvvn500871hjn3t3g0,/Users/brian/Desktop/VCL318/Swin-ViT/ViTUnet vs SwinUnet/Dataset/processed/Kvasir-SEG/images/cju6wt9jvvn500871hjn3t3g0.jpg,0.894428,0.944273,0.991405
cju6wuojavt740818b5qcv3iw,/Users/brian/Desktop/VCL318/Swin-ViT/ViTUnet vs SwinUnet/Dataset/processed/Kvasir-SEG/images/cju6wuojavt740818b5qcv3iw.jpg,0.960655,0.979933,0.998976
cju6x0yqbvxqt0755dhxislgb,/Users/brian/Desktop/VCL318/Swin-ViT/ViTUnet vs SwinUnet/Dataset/processed/Kvasir-SEG/images/cju6x0yqbvxqt0755dhxislgb.jpg,0.948788,0.973721,0.99757
cju6x35ervu2808015c7eoqe4,/Users/brian/Desktop/VCL318/Swin-ViT/ViTUnet vs SwinUnet/Dataset/processed/Kvasir-SEG/images/cju6x35ervu2808015c7eoqe4.jpg,0.949784,0.974246,0.99743
cju6x4t13vyw60755gtcf9ndu,/Users/brian/Desktop/VCL318/Swin-ViT/ViTUnet vs SwinUnet/Dataset/processed/Kvasir-SEG/images/cju6x4t13vyw60755gtcf9ndu.jpg,0.979993,0.989895,0.999716
cju6x97w4vwua0850x0997r0a,/Users/brian/Desktop/VCL318/Swin-ViT/ViTUnet vs SwinUnet/Dataset/processed/Kvasir-SEG/images/cju6x97w4vwua0850x0997r0a.jpg,0.94533,0.971897,0.997711
cju6xa0qmvzun0818xjukgncj,/Users/brian/Desktop/VCL318/Swin-ViT/ViTUnet vs SwinUnet/Dataset/processed/Kvasir-SEG/images/cju6xa0qmvzun0818xjukgncj.jpg,0.900603,0.947702,0.991847
cju6xifswvwbo0987nibtdr50,/Users/brian/Desktop/VCL318/Swin-ViT/ViTUnet vs SwinUnet/Dataset/processed/Kvasir-SEG/images/cju6xifswvwbo0987nibtdr50.jpg,0.978466,0.989116,0.999652
cju6xlygpw7bs0818n691jsq4,/Users/brian/Desktop/VCL318/Swin-ViT/ViTUnet vs SwinUnet/Dataset/processed/Kvasir-SEG/images/cju6xlygpw7bs0818n691jsq4.jpg,0.950199,0.974464,0.997815
cju6xmqd9w0250817l5kxfnsk,/Users/brian/Desktop/VCL318/Swin-ViT/ViTUnet vs SwinUnet/Dataset/processed/Kvasir-SEG/images/cju6xmqd9w0250817l5kxfnsk.jpg,0.964847,0.982109,0.999064
cju6ywm40wdbo0987pbftsvtg,/Users/brian/Desktop/VCL318/Swin-ViT/ViTUnet vs SwinUnet/Dataset/processed/Kvasir-SEG/images/cju6ywm40wdbo0987pbftsvtg.jpg,0.964204,0.981776,0.998954
cju6yxyt0wh080871sqpepu47,/Users/brian/Desktop/VCL318/Swin-ViT/ViTUnet vs SwinUnet/Dataset/processed/Kvasir-SEG/images/cju6yxyt0wh080871sqpepu47.jpg,0.923817,0.9604,0.997
cju6yywx1whbb0871ksgfgf9f,/Users/brian/Desktop/VCL318/Swin-ViT/ViTUnet vs SwinUnet/Dataset/processed/Kvasir-SEG/images/cju6yywx1whbb0871ksgfgf9f.jpg,0.909376,0.952537,0.991715
cju6z1bzbwfq50817b2alatvr,/Users/brian/Desktop/VCL318/Swin-ViT/ViTUnet vs SwinUnet/Dataset/processed/Kvasir-SEG/images/cju6z1bzbwfq50817b2alatvr.jpg,0.971856,0.985727,0.999321
cju6z2616wqbk07555bvnuyr1,/Users/brian/Desktop/VCL318/Swin-ViT/ViTUnet vs SwinUnet/Dataset/processed/Kvasir-SEG/images/cju6z2616wqbk07555bvnuyr1.jpg,0.94641,0.972467,0.997746
cju6z600qwh4z081700qimgl9,/Users/brian/Desktop/VCL318/Swin-ViT/ViTUnet vs SwinUnet/Dataset/processed/Kvasir-SEG/images/cju6z600qwh4z081700qimgl9.jpg,0.951347,0.975067,0.998465
cju6z7e4bwgdd0987ogkzq9kt,/Users/brian/Desktop/VCL318/Swin-ViT/ViTUnet vs SwinUnet/Dataset/processed/Kvasir-SEG/images/cju6z7e4bwgdd0987ogkzq9kt.jpg,0.951419,0.975105,0.997984
cju6z9a9kwsl007552s49rx6i,/Users/brian/Desktop/VCL318/Swin-ViT/ViTUnet vs SwinUnet/Dataset/processed/Kvasir-SEG/images/cju6z9a9kwsl007552s49rx6i.jpg,0.926277,0.961728,0.996082
cju76erapykj30871x5eaxh4q,/Users/brian/Desktop/VCL318/Swin-ViT/ViTUnet vs SwinUnet/Dataset/processed/Kvasir-SEG/images/cju76erapykj30871x5eaxh4q.jpg,0.976204,0.987959,0.999487
cju76l27oyrw907551ri2a7fl,/Users/brian/Desktop/VCL318/Swin-ViT/ViTUnet vs SwinUnet/Dataset/processed/Kvasir-SEG/images/cju76l27oyrw907551ri2a7fl.jpg,0.963032,0.981168,0.999116
cju76lsehyia10987u54vn8rb,/Users/brian/Desktop/VCL318/Swin-ViT/ViTUnet vs SwinUnet/Dataset/processed/Kvasir-SEG/images/cju76lsehyia10987u54vn8rb.jpg,0.933468,0.96559,0.997846
cju76o55nymqd0871h31sph9w,/Users/brian/Desktop/VCL318/Swin-ViT/ViTUnet vs SwinUnet/Dataset/processed/Kvasir-SEG/images/cju76o55nymqd0871h31sph9w.jpg,0.714286,0.833333,0.954735
cju77196iyshb0850ycbto50a,/Users/brian/Desktop/VCL318/Swin-ViT/ViTUnet vs SwinUnet/Dataset/processed/Kvasir-SEG/images/cju77196iyshb0850ycbto50a.jpg,0.96752,0.983492,0.99927
cju772304yw5t0818vbw8kkjf,/Users/brian/Desktop/VCL318/Swin-ViT/ViTUnet vs SwinUnet/Dataset/processed/Kvasir-SEG/images/cju772304yw5t0818vbw8kkjf.jpg,0.930752,0.964134,0.994871
cju773hsyyosz0817pk1e7sjq,/Users/brian/Desktop/VCL318/Swin-ViT/ViTUnet vs SwinUnet/Dataset/processed/Kvasir-SEG/images/cju773hsyyosz0817pk1e7sjq.jpg,0.973169,0.986402,0.99938
cju774fmayxif0818u2g79usw,/Users/brian/Desktop/VCL318/Swin-ViT/ViTUnet vs SwinUnet/Dataset/processed/Kvasir-SEG/images/cju774fmayxif0818u2g79usw.jpg,0.914439,0.955307,0.995434
cju7787c5yy3l080159mwqsnj,/Users/brian/Desktop/VCL318/Swin-ViT/ViTUnet vs SwinUnet/Dataset/processed/Kvasir-SEG/images/cju7787c5yy3l080159mwqsnj.jpg,0.918291,0.957405,0.993689
cju77afzlz3kp07550x5nafzs,/Users/brian/Desktop/VCL318/Swin-ViT/ViTUnet vs SwinUnet/Dataset/processed/Kvasir-SEG/images/cju77afzlz3kp07550x5nafzs.jpg,0.817979,0.899877,0.98749
cju77b3wyz4160755qis4ljsb,/Users/brian/Desktop/VCL318/Swin-ViT/ViTUnet vs SwinUnet/Dataset/processed/Kvasir-SEG/images/cju77b3wyz4160755qis4ljsb.jpg,0.918652,0.957601,0.994547
cju77bvg0yv4r0987yh60xmjo,/Users/brian/Desktop/VCL318/Swin-ViT/ViTUnet vs SwinUnet/Dataset/processed/Kvasir-SEG/images/cju77bvg0yv4r0987yh60xmjo.jpg,0.958638,0.978882,0.998709
cju77g99iyxc00817zqi2ppor,/Users/brian/Desktop/VCL318/Swin-ViT/ViTUnet vs SwinUnet/Dataset/processed/Kvasir-SEG/images/cju77g99iyxc00817zqi2ppor.jpg,0.933574,0.965646,0.991152
cju77idwfz36d0871tzfzz51i,/Users/brian/Desktop/VCL318/Swin-ViT/ViTUnet vs SwinUnet/Dataset/processed/Kvasir-SEG/images/cju77idwfz36d0871tzfzz51i.jpg,0.952279,0.975556,0.995983
cju77j66ez52p08019xygi0co,/Users/brian/Desktop/VCL318/Swin-ViT/ViTUnet vs SwinUnet/Dataset/processed/Kvasir-SEG/images/cju77j66ez52p08019xygi0co.jpg,0.900718,0.947766,0.9919
cju77k828z46w0871r0avuoo9,/Users/brian/Desktop/VCL318/Swin-ViT/ViTUnet vs SwinUnet/Dataset/processed/Kvasir-SEG/images/cju77k828z46w0871r0avuoo9.jpg,0.951645,0.975223,0.997306
cju77q10sz9ug0801449wu1nu,/Users/brian/Desktop/VCL318/Swin-ViT/ViTUnet vs SwinUnet/Dataset/processed/Kvasir-SEG/images/cju77q10sz9ug0801449wu1nu.jpg,0.929538,0.963483,0.995395
cju77re6fz5bb0817vp9redjg,/Users/brian/Desktop/VCL318/Swin-ViT/ViTUnet vs SwinUnet/Dataset/processed/Kvasir-SEG/images/cju77re6fz5bb0817vp9redjg.jpg,0.948071,0.973343,0.996674
cju77t0razbvm080106o56289,/Users/brian/Desktop/VCL318/Swin-ViT/ViTUnet vs SwinUnet/Dataset/processed/Kvasir-SEG/images/cju77t0razbvm080106o56289.jpg,0.97266,0.986141,0.999063
cju77u1sjz77b0817ft44r3fk,/Users/brian/Desktop/VCL318/Swin-ViT/ViTUnet vs SwinUnet/Dataset/processed/Kvasir-SEG/images/cju77u1sjz77b0817ft44r3fk.jpg,0.952421,0.975631,0.998135
cju77vvcwzcm50850lzoykuva,/Users/brian/Desktop/VCL318/Swin-ViT/ViTUnet vs SwinUnet/Dataset/processed/Kvasir-SEG/images/cju77vvcwzcm50850lzoykuva.jpg,0.938815,0.968442,0.99803
cju783tmkzkqu081803g7q5vk,/Users/brian/Desktop/VCL318/Swin-ViT/ViTUnet vs SwinUnet/Dataset/processed/Kvasir-SEG/images/cju783tmkzkqu081803g7q5vk.jpg,0.964996,0.982186,0.999152
cju784jpdzeae0987q5ypq883,/Users/brian/Desktop/VCL318/Swin-ViT/ViTUnet vs SwinUnet/Dataset/processed/Kvasir-SEG/images/cju784jpdzeae0987q5ypq883.jpg,0.957919,0.978507,0.998975
cju785htizjzo08017tvlhtg4,/Users/brian/Desktop/VCL318/Swin-ViT/ViTUnet vs SwinUnet/Dataset/processed/Kvasir-SEG/images/cju785htizjzo08017tvlhtg4.jpg,0.973428,0.986535,0.999494
cju787jnjzjuj0871p94nck9g,/Users/brian/Desktop/VCL318/Swin-ViT/ViTUnet vs SwinUnet/Dataset/processed/Kvasir-SEG/images/cju787jnjzjuj0871p94nck9g.jpg,0.972613,0.986117,0.999545
cju7adqyj1jcx08712r1ro5gx,/Users/brian/Desktop/VCL318/Swin-ViT/ViTUnet vs SwinUnet/Dataset/processed/Kvasir-SEG/images/cju7adqyj1jcx08712r1ro5gx.jpg,0.976645,0.988185,0.99956
cju7ae7bq1f820987toc8si1d,/Users/brian/Desktop/VCL318/Swin-ViT/ViTUnet vs SwinUnet/Dataset/processed/Kvasir-SEG/images/cju7ae7bq1f820987toc8si1d.jpg,0.952706,0.97578,0.99853
cju7aez2x1jtj0871ztezs3oi,/Users/brian/Desktop/VCL318/Swin-ViT/ViTUnet vs SwinUnet/Dataset/processed/Kvasir-SEG/images/cju7aez2x1jtj0871ztezs3oi.jpg,0.546556,0.706804,0.902196
cju7afqon1ip40850ue2308b6,/Users/brian/Desktop/VCL318/Swin-ViT/ViTUnet vs SwinUnet/Dataset/processed/Kvasir-SEG/images/cju7afqon1ip40850ue2308b6.jpg,0.921844,0.959333,0.997503
cju7agj961l2r0818z29iq8yn,/Users/brian/Desktop/VCL318/Swin-ViT/ViTUnet vs SwinUnet/Dataset/processed/Kvasir-SEG/images/cju7agj961l2r0818z29iq8yn.jpg,0.884106,0.938489,0.966827
cju7ahtkb1jr90801jck4kbds,/Users/brian/Desktop/VCL318/Swin-ViT/ViTUnet vs SwinUnet/Dataset/processed/Kvasir-SEG/images/cju7ahtkb1jr90801jck4kbds.jpg,0.948778,0.973716,0.998105
cju7aifyo1p3n07552nxjx51f,/Users/brian/Desktop/VCL318/Swin-ViT/ViTUnet vs SwinUnet/Dataset/processed/Kvasir-SEG/images/cju7aifyo1p3n07552nxjx51f.jpg,0.935556,0.966705,0.996976
cju7ajnbo1gvm098749rdouk0,/Users/brian/Desktop/VCL318/Swin-ViT/ViTUnet vs SwinUnet/Dataset/processed/Kvasir-SEG/images/cju7ajnbo1gvm098749rdouk0.jpg,0.974372,0.98702,0.99952
cju7aklv31h4309871m29l4e7,/Users/brian/Desktop/VCL318/Swin-ViT/ViTUnet vs SwinUnet/Dataset/processed/Kvasir-SEG/images/cju7aklv31h4309871m29l4e7.jpg,0.962126,0.980697,0.998689
cju7alcgr1lsr0871riqk84z7,/Users/brian/Desktop/VCL318/Swin-ViT/ViTUnet vs SwinUnet/Dataset/processed/Kvasir-SEG/images/cju7alcgr1lsr0871riqk84z7.jpg,0.948621,0.973633,0.997885
cju7amjna1ly40871ugiokehb,/Users/brian/Desktop/VCL318/Swin-ViT/ViTUnet vs SwinUnet/Dataset/processed/Kvasir-SEG/images/cju7amjna1ly40871ugiokehb.jpg,0.957918,0.978507,0.998688
cju7ap09p1kz10850ldccjebj,/Users/brian/Desktop/VCL318/Swin-ViT/ViTUnet vs SwinUnet/Dataset/processed/Kvasir-SEG/images/cju7ap09p1kz10850ldccjebj.jpg,0.941496,0.969866,0.99626
cju7apr0c1qqm0755s7msqot4,/Users/brian/Desktop/VCL318/Swin-ViT/ViTUnet vs SwinUnet/Dataset/processed/Kvasir-SEG/images/cju7apr0c1qqm0755s7msqot4.jpg,0.962936,0.981118,0.998954
cju7aqkue1i2k09879uzcpt8r,/Users/brian/Desktop/VCL318/Swin-ViT/ViTUnet vs SwinUnet/Dataset/processed/Kvasir-SEG/images/cju7aqkue1i2k09879uzcpt8r.jpg,0.921078,0.958918,0.990589
cju7arvfe1ldu0850erdmphgj,/Users/brian/Desktop/VCL318/Swin-ViT/ViTUnet vs SwinUnet/Dataset/processed/Kvasir-SEG/images/cju7arvfe1ldu0850erdmphgj.jpg,0.936595,0.96726,0.995329
cju7atnm31if40817pqclnjer,/Users/brian/Desktop/VCL318/Swin-ViT/ViTUnet vs SwinUnet/Dataset/processed/Kvasir-SEG/images/cju7atnm31if40817pqclnjer.jpg,0.889712,0.941638,0.989751
cju7avvi51iox0817ym55y6tt,/Users/brian/Desktop/VCL318/Swin-ViT/ViTUnet vs SwinUnet/Dataset/processed/Kvasir-SEG/images/cju7avvi51iox0817ym55y6tt.jpg,0.871412,0.931288,0.991478
cju7awzmu1ncs0871hziy65zx,/Users/brian/Desktop/VCL318/Swin-ViT/ViTUnet vs SwinUnet/Dataset/processed/Kvasir-SEG/images/cju7awzmu1ncs0871hziy65zx.jpg,0.933969,0.965857,0.996573
cju7azuu31mia0801pf9ib5ed,/Users/brian/Desktop/VCL318/Swin-ViT/ViTUnet vs SwinUnet/Dataset/processed/Kvasir-SEG/images/cju7azuu31mia0801pf9ib5ed.jpg,0.949051,0.97386,0.998978
cju7b10ce1mnm08011c5bwyr4,/Users/brian/Desktop/VCL318/Swin-ViT/ViTUnet vs SwinUnet/Dataset/processed/Kvasir-SEG/images/cju7b10ce1mnm08011c5bwyr4.jpg,0.951261,0.975022,0.997994
cju7b1ygu1msd0801hywhy0mc,/Users/brian/Desktop/VCL318/Swin-ViT/ViTUnet vs SwinUnet/Dataset/processed/Kvasir-SEG/images/cju7b1ygu1msd0801hywhy0mc.jpg,0.918266,0.957392,0.99561
cju7b2l561oas0871decgslaf,/Users/brian/Desktop/VCL318/Swin-ViT/ViTUnet vs SwinUnet/Dataset/processed/Kvasir-SEG/images/cju7b2l561oas0871decgslaf.jpg,0.92415,0.96058,0.997814
cju7b3f5h1sm40755i572jden,/Users/brian/Desktop/VCL318/Swin-ViT/ViTUnet vs SwinUnet/Dataset/processed/Kvasir-SEG/images/cju7b3f5h1sm40755i572jden.jpg,0.955406,0.977195,0.998092
cju7b4mtw1n9n080186209f3d,/Users/brian/Desktop/VCL318/Swin-ViT/ViTUnet vs SwinUnet/Dataset/processed/Kvasir-SEG/images/cju7b4mtw1n9n080186209f3d.jpg,0.948519,0.97358,0.998013
cju7b5afm1nfw0801xqm8bf8q,/Users/brian/Desktop/VCL318/Swin-ViT/ViTUnet vs SwinUnet/Dataset/processed/Kvasir-SEG/images/cju7b5afm1nfw0801xqm8bf8q.jpg,0.942896,0.970609,0.998046
cju7b9vcs1luz0987ta60j1dy,/Users/brian/Desktop/VCL318/Swin-ViT/ViTUnet vs SwinUnet/Dataset/processed/Kvasir-SEG/images/cju7b9vcs1luz0987ta60j1dy.jpg,0.956831,0.97794,0.998677
cju7bb3ss1uoo0755pmhyco7t,/Users/brian/Desktop/VCL318/Swin-ViT/ViTUnet vs SwinUnet/Dataset/processed/Kvasir-SEG/images/cju7bb3ss1uoo0755pmhyco7t.jpg,0.729476,0.84358,0.936388
cju7bc95p1mdm0817yqj5jc6j,/Users/brian/Desktop/VCL318/Swin-ViT/ViTUnet vs SwinUnet/Dataset/processed/Kvasir-SEG/images/cju7bc95p1mdm0817yqj5jc6j.jpg,0.914389,0.95528,0.994586
cju7bd1qu1mx409877xjxibox,/Users/brian/Desktop/VCL318/Swin-ViT/ViTUnet vs SwinUnet/Dataset/processed/Kvasir-SEG/images/cju7bd1qu1mx409877xjxibox.jpg,0.968067,0.983775,0.999215
cju7bduyq1rjf08719giru9ho,/Users/brian/Desktop/VCL318/Swin-ViT/ViTUnet vs SwinUnet/Dataset/processed/Kvasir-SEG/images/cju7bduyq1rjf08719giru9ho.jpg,0.961003,0.980114,0.999017
cju7bf1lp1shi081835vs84lc,/Users/brian/Desktop/VCL318/Swin-ViT/ViTUnet vs SwinUnet/Dataset/processed/Kvasir-SEG/images/cju7bf1lp1shi081835vs84lc.jpg,0.961793,0.980524,0.998837
cju7bfx651qr80801cs7epotb,/Users/brian/Desktop/VCL318/Swin-ViT/ViTUnet vs SwinUnet/Dataset/processed/Kvasir-SEG/images/cju7bfx651qr80801cs7epotb.jpg,0.961656,0.980453,0.998656
cju7bgnvb1sf808717qa799ir,/Users/brian/Desktop/VCL318/Swin-ViT/ViTUnet vs SwinUnet/Dataset/processed/Kvasir-SEG/images/cju7bgnvb1sf808717qa799ir.jpg,0.966583,0.983007,0.999066
cju7bmi1v1pnj0987pa52jjok,/Users/brian/Desktop/VCL318/Swin-ViT/ViTUnet vs SwinUnet/Dataset/processed/Kvasir-SEG/images/cju7bmi1v1pnj0987pa52jjok.jpg,0.877934,0.935,0.993539
cju7cl8zm1xcu0817ado0jpas,/Users/brian/Desktop/VCL318/Swin-ViT/ViTUnet vs SwinUnet/Dataset/processed/Kvasir-SEG/images/cju7cl8zm1xcu0817ado0jpas.jpg,0.966194,0.982806,0.999089
cju7cp6dw244p0818gncdol4m,/Users/brian/Desktop/VCL318/Swin-ViT/ViTUnet vs SwinUnet/Dataset/processed/Kvasir-SEG/images/cju7cp6dw244p0818gncdol4m.jpg,0.917051,0.956731,0.996217
cju7cq6su27qv075574dir0r3,/Users/brian/Desktop/VCL318/Swin-ViT/ViTUnet vs SwinUnet/Dataset/processed/Kvasir-SEG/images/cju7cq6su27qv075574dir0r3.jpg,0.896868,0.94563,0.992559
cju7crgxa28550755wbsgqkel,/Users/brian/Desktop/VCL318/Swin-ViT/ViTUnet vs SwinUnet/Dataset/processed/Kvasir-SEG/images/cju7crgxa28550755wbsgqkel.jpg,0.913439,0.954761,0.980629
cju7csvlb22fr0850lvm45n3x,/Users/brian/Desktop/VCL318/Swin-ViT/ViTUnet vs SwinUnet/Dataset/processed/Kvasir-SEG/images/cju7csvlb22fr0850lvm45n3x.jpg,0.964612,0.981987,0.998912
cju7ctvqn25dy08186g442m1r,/Users/brian/Desktop/VCL318/Swin-ViT/ViTUnet vs SwinUnet/Dataset/processed/Kvasir-SEG/images/cju7ctvqn25dy08186g442m1r.jpg,0.948211,0.973417,0.99772
cju7cue9b232j0801qdzk1ykj,/Users/brian/Desktop/VCL318/Swin-ViT/ViTUnet vs SwinUnet/Dataset/processed/Kvasir-SEG/images/cju7cue9b232j0801qdzk1ykj.jpg,0.928588,0.962972,0.988906
cju7cufm7298k0755j09uf3of,/Users/brian/Desktop/VCL318/Swin-ViT/ViTUnet vs SwinUnet/Dataset/processed/Kvasir-SEG/images/cju7cufm7298k0755j09uf3of.jpg,0.952847,0.975854,0.997972
cju7d1tvt25bu08019dvw3uff,/Users/brian/Desktop/VCL318/Swin-ViT/ViTUnet vs SwinUnet/Dataset/processed/Kvasir-SEG/images/cju7d1tvt25bu08019dvw3uff.jpg,0.971538,0.985563,0.999
cju7d2q1k27nf08715zshsckt,/Users/brian/Desktop/VCL318/Swin-ViT/ViTUnet vs SwinUnet/Dataset/processed/Kvasir-SEG/images/cju7d2q1k27nf08715zshsckt.jpg,0.949965,0.97434,0.997832
cju7d3oc82cho0755dajlwldz,/Users/brian/Desktop/VCL318/Swin-ViT/ViTUnet vs SwinUnet/Dataset/processed/Kvasir-SEG/images/cju7d3oc82cho0755dajlwldz.jpg,0.953404,0.976146,0.998307
cju7d4jk723eu0817bqz2n39m,/Users/brian/Desktop/VCL318/Swin-ViT/ViTUnet vs SwinUnet/Dataset/processed/Kvasir-SEG/images/cju7d4jk723eu0817bqz2n39m.jpg,0.873873,0.932692,0.995655
cju7d5m0p23kn09871rk7pu3v,/Users/brian/Desktop/VCL318/Swin-ViT/ViTUnet vs SwinUnet/Dataset/processed/Kvasir-SEG/images/cju7d5m0p23kn09871rk7pu3v.jpg,0.972924,0.986276,0.998925
cju7d6ux323ze0987xos3srkx,/Users/brian/Desktop/VCL318/Swin-ViT/ViTUnet vs SwinUnet/Dataset/processed/Kvasir-SEG/images/cju7d6ux323ze0987xos3srkx.jpg,0.959575,0.979371,0.998756
cju7d7aut2a2p0818z4uxc6cd,/Users/brian/Desktop/VCL318/Swin-ViT/ViTUnet vs SwinUnet/Dataset/processed/Kvasir-SEG/images/cju7d7aut2a2p0818z4uxc6cd.jpg,0.885106,0.939052,0.994831
cju7d7tly27h408016fyp5nr7,/Users/brian/Desktop/VCL318/Swin-ViT/ViTUnet vs SwinUnet/Dataset/processed/Kvasir-SEG/images/cju7d7tly27h408016fyp5nr7.jpg,0.957426,0.97825,0.998614
cju7d8m3b2e210755l8fj1yph,/Users/brian/Desktop/VCL318/Swin-ViT/ViTUnet vs SwinUnet/Dataset/processed/Kvasir-SEG/images/cju7d8m3b2e210755l8fj1yph.jpg,0.777402,0.874762,0.951069
cju7d9seq29zd0871nzl2uu5m,/Users/brian/Desktop/VCL318/Swin-ViT/ViTUnet vs SwinUnet/Dataset/processed/Kvasir-SEG/images/cju7d9seq29zd0871nzl2uu5m.jpg,0.466628,0.636328,0.803148
cju7da88w2eod0755wejzynvt,/Users/brian/Desktop/VCL318/Swin-ViT/ViTUnet vs SwinUnet/Dataset/processed/Kvasir-SEG/images/cju7da88w2eod0755wejzynvt.jpg,0.942135,0.970205,0.996892
cju7db7lp2f400755tntd1ohf,/Users/brian/Desktop/VCL318/Swin-ViT/ViTUnet vs SwinUnet/Dataset/processed/Kvasir-SEG/images/cju7db7lp2f400755tntd1ohf.jpg,0.957458,0.978267,0.998123
cju7dbppn28nx085097654msi,/Users/brian/Desktop/VCL318/Swin-ViT/ViTUnet vs SwinUnet/Dataset/processed/Kvasir-SEG/images/cju7dbppn28nx085097654msi.jpg,0.959858,0.979518,0.99883
cju7dda8w2br20818zhsuz8s7,/Users/brian/Desktop/VCL318/Swin-ViT/ViTUnet vs SwinUnet/Dataset/processed/Kvasir-SEG/images/cju7dda8w2br20818zhsuz8s7.jpg,0.971692,0.985643,0.999434
cju7ddtz729960801uazp1knc,/Users/brian/Desktop/VCL318/Swin-ViT/ViTUnet vs SwinUnet/Dataset/processed/Kvasir-SEG/images/cju7ddtz729960801uazp1knc.jpg,0.938463,0.968255,0.99499
cju7deifq2fzn0755lc8idyh8,/Users/brian/Desktop/VCL318/Swin-ViT/ViTUnet vs SwinUnet/Dataset/processed/Kvasir-SEG/images/cju7deifq2fzn0755lc8idyh8.jpg,0.934303,0.966036,0.997056
cju7dff9529h208503w60lbil,/Users/brian/Desktop/VCL318/Swin-ViT/ViTUnet vs SwinUnet/Dataset/processed/Kvasir-SEG/images/cju7dff9529h208503w60lbil.jpg,0.944952,0.971697,0.99713
cju7dglf226g50987ohbthl19,/Users/brian/Desktop/VCL318/Swin-ViT/ViTUnet vs SwinUnet/Dataset/processed/Kvasir-SEG/images/cju7dglf226g50987ohbthl19.jpg,0.930713,0.964113,0.994578
cju7dhpsc2dnn0818025m6857,/Users/brian/Desktop/VCL318/Swin-ViT/ViTUnet vs SwinUnet/Dataset/processed/Kvasir-SEG/images/cju7dhpsc2dnn0818025m6857.jpg,0.966433,0.98293,0.999263
cju7dizi82h2i0755doucgnt3,/Users/brian/Desktop/VCL318/Swin-ViT/ViTUnet vs SwinUnet/Dataset/processed/Kvasir-SEG/images/cju7dizi82h2i0755doucgnt3.jpg,0.91765,0.957057,0.995292
cju7dlk532dsh0871zvr6qz0r,/Users/brian/Desktop/VCL318/Swin-ViT/ViTUnet vs SwinUnet/Dataset/processed/Kvasir-SEG/images/cju7dlk532dsh0871zvr6qz0r.jpg,0.9427,0.970505,0.996794
cju7dmlgf2ebw0871ieqas5fh,/Users/brian/Desktop/VCL318/Swin-ViT/ViTUnet vs SwinUnet/Dataset/processed/Kvasir-SEG/images/cju7dmlgf2ebw0871ieqas5fh.jpg,0.919214,0.957907,0.994435
cju7dn24o296i09871qfxb8s2,/Users/brian/Desktop/VCL318/Swin-ViT/ViTUnet vs SwinUnet/Dataset/processed/Kvasir-SEG/images/cju7dn24o296i09871qfxb8s2.jpg,0.634964,0.776731,0.651669
cju7do8c72dbo0801vxfzxdc4,/Users/brian/Desktop/VCL318/Swin-ViT/ViTUnet vs SwinUnet/Dataset/processed/Kvasir-SEG/images/cju7do8c72dbo0801vxfzxdc4.jpg,0.939972,0.969057,0.997514
cju7dp3dw2k4n0755zhe003ad,/Users/brian/Desktop/VCL318/Swin-ViT/ViTUnet vs SwinUnet/Dataset/processed/Kvasir-SEG/images/cju7dp3dw2k4n0755zhe003ad.jpg,0.933314,0.965507,0.996258
cju7dqcwi2dz00850gcmr2ert,/Users/brian/Desktop/VCL318/Swin-ViT/ViTUnet vs SwinUnet/Dataset/processed/Kvasir-SEG/images/cju7dqcwi2dz00850gcmr2ert.jpg,0.896099,0.945203,0.992512
cju7druhp2gp308715i6km7be,/Users/brian/Desktop/VCL318/Swin-ViT/ViTUnet vs SwinUnet/Dataset/processed/Kvasir-SEG/images/cju7druhp2gp308715i6km7be.jpg,0.944942,0.971691,0.997004
cju7dsrtb2f8i085064kwugfk,/Users/brian/Desktop/VCL318/Swin-ViT/ViTUnet vs SwinUnet/Dataset/processed/Kvasir-SEG/images/cju7dsrtb2f8i085064kwugfk.jpg,0.946326,0.972423,0.997385
cju7dtb1e2j0t0818deq51ib3,/Users/brian/Desktop/VCL318/Swin-ViT/ViTUnet vs SwinUnet/Dataset/processed/Kvasir-SEG/images/cju7dtb1e2j0t0818deq51ib3.jpg,0.957833,0.978462,0.998652
cju7dubap2g0w0801fgl42mg9,/Users/brian/Desktop/VCL318/Swin-ViT/ViTUnet vs SwinUnet/Dataset/processed/Kvasir-SEG/images/cju7dubap2g0w0801fgl42mg9.jpg,0.944014,0.971201,0.997365
cju7dvl5m2n4t0755hlnnjjet,/Users/brian/Desktop/VCL318/Swin-ViT/ViTUnet vs SwinUnet/Dataset/processed/Kvasir-SEG/images/cju7dvl5m2n4t0755hlnnjjet.jpg,0.941136,0.969675,0.997239
cju7dwe282dc309876rco45ts,/Users/brian/Desktop/VCL318/Swin-ViT/ViTUnet vs SwinUnet/Dataset/processed/Kvasir-SEG/images/cju7dwe282dc309876rco45ts.jpg,0.958675,0.978902,0.998608
cju7dxffn2eam0817qxosfwch,/Users/brian/Desktop/VCL318/Swin-ViT/ViTUnet vs SwinUnet/Dataset/processed/Kvasir-SEG/images/cju7dxffn2eam0817qxosfwch.jpg,0.945267,0.971864,0.997215
cju7dymur2od30755eg8yv2ht,/Users/brian/Desktop/VCL318/Swin-ViT/ViTUnet vs SwinUnet/Dataset/processed/Kvasir-SEG/images/cju7dymur2od30755eg8yv2ht.jpg,0.94022,0.969189,0.99717
cju7dz5yy2i7z0801ausi7rna,/Users/brian/Desktop/VCL318/Swin-ViT/ViTUnet vs SwinUnet/Dataset/processed/Kvasir-SEG/images/cju7dz5yy2i7z0801ausi7rna.jpg,0.917853,0.957167,0.992574
cju7ea4om2l910801bohqjccy,/Users/brian/Desktop/VCL318/Swin-ViT/ViTUnet vs SwinUnet/Dataset/processed/Kvasir-SEG/images/cju7ea4om2l910801bohqjccy.jpg,0.931012,0.964273,0.997631
cju7ebe962hr409872ovibahw,/Users/brian/Desktop/VCL318/Swin-ViT/ViTUnet vs SwinUnet/Dataset/processed/Kvasir-SEG/images/cju7ebe962hr409872ovibahw.jpg,0.918905,0.957739,0.991659
cju7ecl9i2i060987xawjp4l0,/Users/brian/Desktop/VCL318/Swin-ViT/ViTUnet vs SwinUnet/Dataset/processed/Kvasir-SEG/images/cju7ecl9i2i060987xawjp4l0.jpg,0.952361,0.975599,0.997871
cju7eea9b2m0z0801ynqv1fqu,/Users/brian/Desktop/VCL318/Swin-ViT/ViTUnet vs SwinUnet/Dataset/processed/Kvasir-SEG/images/cju7eea9b2m0z0801ynqv1fqu.jpg,0.895847,0.945062,0.990892
cju7efffp2ivf0817etg3jehl,/Users/brian/Desktop/VCL318/Swin-ViT/ViTUnet vs SwinUnet/Dataset/processed/Kvasir-SEG/images/cju7efffp2ivf0817etg3jehl.jpg,0.97175,0.985673,0.999404
cju7ehljc2or70871261br8ai,/Users/brian/Desktop/VCL318/Swin-ViT/ViTUnet vs SwinUnet/Dataset/processed/Kvasir-SEG/images/cju7ehljc2or70871261br8ai.jpg,0.978202,0.988981,0.998775
cju7ejm2l2ncl0801wq6y84nw,/Users/brian/Desktop/VCL318/Swin-ViT/ViTUnet vs SwinUnet/Dataset/processed/Kvasir-SEG/images/cju7ejm2l2ncl0801wq6y84nw.jpg,0.954095,0.976508,0.998447
cju7ekbo32pft0871fv7kzwb9,/Users/brian/Desktop/VCL318/Swin-ViT/ViTUnet vs SwinUnet/Dataset/processed/Kvasir-SEG/images/cju7ekbo32pft0871fv7kzwb9.jpg,0.915588,0.955934,0.995694
cju7el6xv2k520817qxx9wdr5,/Users/brian/Desktop/VCL318/Swin-ViT/ViTUnet vs SwinUnet/Dataset/processed/Kvasir-SEG/images/cju7el6xv2k520817qxx9wdr5.jpg,0.960795,0.980005,0.998863
cju7emdni2py40871ivhxjtut,/Users/brian/Desktop/VCL318/Swin-ViT/ViTUnet vs SwinUnet/Dataset/processed/Kvasir-SEG/images/cju7emdni2py40871ivhxjtut.jpg,0.966336,0.98288,0.999049
cju7eotqi2qea0871y8yc7tqh,/Users/brian/Desktop/VCL318/Swin-ViT/ViTUnet vs SwinUnet/Dataset/processed/Kvasir-SEG/images/cju7eotqi2qea0871y8yc7tqh.jpg,0.96901,0.984261,0.999118
cju7epwj82koz098713apjnzo,/Users/brian/Desktop/VCL318/Swin-ViT/ViTUnet vs SwinUnet/Dataset/processed/Kvasir-SEG/images/cju7epwj82koz098713apjnzo.jpg,0.934361,0.966067,0.997015
cju7er4kc2opa0801anuxc0eb,/Users/brian/Desktop/VCL318/Swin-ViT/ViTUnet vs SwinUnet/Dataset/processed/Kvasir-SEG/images/cju7er4kc2opa0801anuxc0eb.jpg,0.961931,0.980596,0.998973
cju7es23b2vcp0755gpbm9s7v,/Users/brian/Desktop/VCL318/Swin-ViT/ViTUnet vs SwinUnet/Dataset/processed/Kvasir-SEG/images/cju7es23b2vcp0755gpbm9s7v.jpg,0.982586,0.991217,0.999783
cju7et17a2vjk0755e743npl1,/Users/brian/Desktop/VCL318/Swin-ViT/ViTUnet vs SwinUnet/Dataset/processed/Kvasir-SEG/images/cju7et17a2vjk0755e743npl1.jpg,0.905687,0.950509,0.989416
cju7etr3y2p4t0801cdzjj8ab,/Users/brian/Desktop/VCL318/Swin-ViT/ViTUnet vs SwinUnet/Dataset/processed/Kvasir-SEG/images/cju7etr3y2p4t0801cdzjj8ab.jpg,0.9259,0.961525,0.995112
cju7eueum2oqn0850rodmx8zo,/Users/brian/Desktop/VCL318/Swin-ViT/ViTUnet vs SwinUnet/Dataset/processed/Kvasir-SEG/images/cju7eueum2oqn0850rodmx8zo.jpg,0.952938,0.975902,0.995734
cju7ev2b12owa08500bpfpwyw,/Users/brian/Desktop/VCL318/Swin-ViT/ViTUnet vs SwinUnet/Dataset/processed/Kvasir-SEG/images/cju7ev2b12owa08500bpfpwyw.jpg,0.917408,0.956925,0.986889
cju7evxt12m730987rxivne3x,/Users/brian/Desktop/VCL318/Swin-ViT/ViTUnet vs SwinUnet/Dataset/processed/Kvasir-SEG/images/cju7evxt12m730987rxivne3x.jpg,0.972699,0.98616,0.999364
cju7ey10f2rvf0871bwbi9x82,/Users/brian/Desktop/VCL318/Swin-ViT/ViTUnet vs SwinUnet/Dataset/processed/Kvasir-SEG/images/cju7ey10f2rvf0871bwbi9x82.jpg,0.931507,0.964539,0.994788
cju7ez7r22qbc08015xfoz2wb,/Users/brian/Desktop/VCL318/Swin-ViT/ViTUnet vs SwinUnet/Dataset/processed/Kvasir-SEG/images/cju7ez7r22qbc08015xfoz2wb.jpg,0.972692,0.986157,0.999403
cju7ezs7g2mxm098787atbran,/Users/brian/Desktop/VCL318/Swin-ViT/ViTUnet vs SwinUnet/Dataset/processed/Kvasir-SEG/images/cju7ezs7g2mxm098787atbran.jpg,0.921593,0.959197,0.995789
cju7f0ec32txj08184asb8w5f,/Users/brian/Desktop/VCL318/Swin-ViT/ViTUnet vs SwinUnet/Dataset/processed/Kvasir-SEG/images/cju7f0ec32txj08184asb8w5f.jpg,0.963922,0.98163,0.998896
cju7f4sc62xqj075597xpmuoy,/Users/brian/Desktop/VCL318/Swin-ViT/ViTUnet vs SwinUnet/Dataset/processed/Kvasir-SEG/images/cju7f4sc62xqj075597xpmuoy.jpg,0.976295,0.988005,0.99956
cju7f5ghb2r5s0801chwkxxh9,/Users/brian/Desktop/VCL318/Swin-ViT/ViTUnet vs SwinUnet/Dataset/processed/Kvasir-SEG/images/cju7f5ghb2r5s0801chwkxxh9.jpg,0.966414,0.98292,0.999126
cju7f6cqy2ur20818t1saazbm,/Users/brian/Desktop/VCL318/Swin-ViT/ViTUnet vs SwinUnet/Dataset/processed/Kvasir-SEG/images/cju7f6cqy2ur20818t1saazbm.jpg,0.940296,0.96923,0.997223
cju7f900s2o0k08175gl1giid,/Users/brian/Desktop/VCL318/Swin-ViT/ViTUnet vs SwinUnet/Dataset/processed/Kvasir-SEG/images/cju7f900s2o0k08175gl1giid.jpg,0.95426,0.976594,0.998258
cju7f9umg2olj0987fj5y285w,/Users/brian/Desktop/VCL318/Swin-ViT/ViTUnet vs SwinUnet/Dataset/processed/Kvasir-SEG/images/cju7f9umg2olj0987fj5y285w.jpg,0.968452,0.983973,0.997727
cju7fazv92ywx0755xov2erga,/Users/brian/Desktop/VCL318/Swin-ViT/ViTUnet vs SwinUnet/Dataset/processed/Kvasir-SEG/images/cju7fazv92ywx0755xov2erga.jpg,0.944755,0.971593,0.992572
cju7fbndk2sl608015ravktum,/Users/brian/Desktop/VCL318/Swin-ViT/ViTUnet vs SwinUnet/Dataset/processed/Kvasir-SEG/images/cju7fbndk2sl608015ravktum.jpg,0.945837,0.972165,0.995356
cju7fcgbe2z3p07550vaflqdb,/Users/brian/Desktop/VCL318/Swin-ViT/ViTUnet vs SwinUnet/Dataset/processed/Kvasir-SEG/images/cju7fcgbe2z3p07550vaflqdb.jpg,0.967058,0.983253,0.999126
cju7fd6yt2p740987wkr8exo1,/Users/brian/Desktop/VCL318/Swin-ViT/ViTUnet vs SwinUnet/Dataset/processed/Kvasir-SEG/images/cju7fd6yt2p740987wkr8exo1.jpg,0.942734,0.970523,0.997636
cju7fen322ou10817ziqkob4k,/Users/brian/Desktop/VCL318/Swin-ViT/ViTUnet vs SwinUnet/Dataset/processed/Kvasir-SEG/images/cju7fen322ou10817ziqkob4k.jpg,0.916574,0.956471,0.993567
cju7ff97z2ow40817u2r83my5,/Users/brian/Desktop/VCL318/Swin-ViT/ViTUnet vs SwinUnet/Dataset/processed/Kvasir-SEG/images/cju7ff97z2ow40817u2r83my5.jpg,0.928666,0.963014,0.996042
cju7flevb2wii08188otgs9p2,/Users/brian/Desktop/VCL318/Swin-ViT/ViTUnet vs SwinUnet/Dataset/processed/Kvasir-SEG/images/cju7flevb2wii08188otgs9p2.jpg,0.977591,0.988668,0.999621
cju7fmvpk2q170987v6i3ola8,/Users/brian/Desktop/VCL318/Swin-ViT/ViTUnet vs SwinUnet/Dataset/processed/Kvasir-SEG/images/cju7fmvpk2q170987v6i3ola8.jpg,0.966477,0.982953,0.999401
cju7fnfv02tt90801djnix9m8,/Users/brian/Desktop/VCL318/Swin-ViT/ViTUnet vs SwinUnet/Dataset/processed/Kvasir-SEG/images/cju7fnfv02tt90801djnix9m8.jpg,0.915769,0.956033,0.994704
cju7fob3x301u0755x985pmmq,/Users/brian/Desktop/VCL318/Swin-ViT/ViTUnet vs SwinUnet/Dataset/processed/Kvasir-SEG/images/cju7fob3x301u0755x985pmmq.jpg,0.939471,0.968791,0.995943
cju7fpfzq2wyf0818xxd1oziv,/Users/brian/Desktop/VCL318/Swin-ViT/ViTUnet vs SwinUnet/Dataset/processed/Kvasir-SEG/images/cju7fpfzq2wyf0818xxd1oziv.jpg,0.964437,0.981897,0.998995
cju7fq7mm2pw508176uk5ugtx,/Users/brian/Desktop/VCL318/Swin-ViT/ViTUnet vs SwinUnet/Dataset/processed/Kvasir-SEG/images/cju7fq7mm2pw508176uk5ugtx.jpg,0.968063,0.983772,0.99919
cju7frtqu2xa20818wq8r9fzf,/Users/brian/Desktop/VCL318/Swin-ViT/ViTUnet vs SwinUnet/Dataset/processed/Kvasir-SEG/images/cju7frtqu2xa20818wq8r9fzf.jpg,0.954441,0.97669,0.997692
cju7g7ba42z310987bqzbi2bq,/Users/brian/Desktop/VCL318/Swin-ViT/ViTUnet vs SwinUnet/Dataset/processed/Kvasir-SEG/images/cju7g7ba42z310987bqzbi2bq.jpg,0.970978,0.985275,0.999402
cju83h9ysjwe808716nt35oah,/Users/brian/Desktop/VCL318/Swin-ViT/ViTUnet vs SwinUnet/Dataset/processed/Kvasir-SEG/images/cju83h9ysjwe808716nt35oah.jpg,0.905556,0.950437,0.989119
cju83ipu3jwpx0801z5pvguf8,/Users/brian/Desktop/VCL318/Swin-ViT/ViTUnet vs SwinUnet/Dataset/processed/Kvasir-SEG/images/cju83ipu3jwpx0801z5pvguf8.jpg,0.909594,0.952657,0.99243
cju83k8fyjsxr0817d6nxs6r4,/Users/brian/Desktop/VCL318/Swin-ViT/ViTUnet vs SwinUnet/Dataset/processed/Kvasir-SEG/images/cju83k8fyjsxr0817d6nxs6r4.jpg,0.944648,0.971536,0.997732
cju83kxitjv340987z09m0ezy,/Users/brian/Desktop/VCL318/Swin-ViT/ViTUnet vs SwinUnet/Dataset/processed/Kvasir-SEG/images/cju83kxitjv340987z09m0ezy.jpg,0.949637,0.974168,0.997962
cju83mki1jv5w0817kubxm31r,/Users/brian/Desktop/VCL318/Swin-ViT/ViTUnet vs SwinUnet/Dataset/processed/Kvasir-SEG/images/cju83mki1jv5w0817kubxm31r.jpg,0.973063,0.986347,0.999343
cju83nwu1jxte0987h1krpfmv,/Users/brian/Desktop/VCL318/Swin-ViT/ViTUnet vs SwinUnet/Dataset/processed/Kvasir-SEG/images/cju83nwu1jxte0987h1krpfmv.jpg,0.890204,0.941913,0.991362
cju83qd0yjyht0817ktkfl268,/Users/brian/Desktop/VCL318/Swin-ViT/ViTUnet vs SwinUnet/Dataset/processed/Kvasir-SEG/images/cju83qd0yjyht0817ktkfl268.jpg,0.971307,0.985445,0.999305
cju83rcnzkbsj0755x5anfrcg,/Users/brian/Desktop/VCL318/Swin-ViT/ViTUnet vs SwinUnet/Dataset/processed/Kvasir-SEG/images/cju83rcnzkbsj0755x5anfrcg.jpg,0.953218,0.976049,0.998088
cju83syhdk6gs0801rf1rekdl,/Users/brian/Desktop/VCL318/Swin-ViT/ViTUnet vs SwinUnet/Dataset/processed/Kvasir-SEG/images/cju83syhdk6gs0801rf1rekdl.jpg,0.913026,0.954536,0.998602
cju83u9ftk3ni0987qnhlcinv,/Users/brian/Desktop/VCL318/Swin-ViT/ViTUnet vs SwinUnet/Dataset/processed/Kvasir-SEG/images/cju83u9ftk3ni0987qnhlcinv.jpg,0.954905,0.976932,0.998971
cju83vvmik9wa08710yeh7cuk,/Users/brian/Desktop/VCL318/Swin-ViT/ViTUnet vs SwinUnet/Dataset/processed/Kvasir-SEG/images/cju83vvmik9wa08710yeh7cuk.jpg,0.962183,0.980727,0.998905
cju83wwn1k55e0850kw6i2d81,/Users/brian/Desktop/VCL318/Swin-ViT/ViTUnet vs SwinUnet/Dataset/processed/Kvasir-SEG/images/cju83wwn1k55e0850kw6i2d81.jpg,0.958057,0.978579,0.99874
cju83yddek68q0850d2x7zfkm,/Users/brian/Desktop/VCL318/Swin-ViT/ViTUnet vs SwinUnet/Dataset/processed/Kvasir-SEG/images/cju83yddek68q0850d2x7zfkm.jpg,0.942562,0.970432,0.998448
cju8402x1kcy70801t6kz6bdi,/Users/brian/Desktop/VCL318/Swin-ViT/ViTUnet vs SwinUnet/Dataset/processed/Kvasir-SEG/images/cju8402x1kcy70801t6kz6bdi.jpg,0.969048,0.984281,0.999272
cju8418jhkf7d0818ga2v0xq0,/Users/brian/Desktop/VCL318/Swin-ViT/ViTUnet vs SwinUnet/Dataset/processed/Kvasir-SEG/images/cju8418jhkf7d0818ga2v0xq0.jpg,0.973849,0.986751,0.999491
cju8432cmkgq90871cxe4iptl,/Users/brian/Desktop/VCL318/Swin-ViT/ViTUnet vs SwinUnet/Dataset/processed/Kvasir-SEG/images/cju8432cmkgq90871cxe4iptl.jpg,0.98052,0.990164,0.999717
cju843yjskhq30818qre4rwm2,/Users/brian/Desktop/VCL318/Swin-ViT/ViTUnet vs SwinUnet/Dataset/processed/Kvasir-SEG/images/cju843yjskhq30818qre4rwm2.jpg,0.92232,0.95959,0.994367
cju846ec0kj7z08012o10klrb,/Users/brian/Desktop/VCL318/Swin-ViT/ViTUnet vs SwinUnet/Dataset/processed/Kvasir-SEG/images/cju846ec0kj7z08012o10klrb.jpg,0.927796,0.962546,0.994768
cju847pxykriq0755268ktrk2,/Users/brian/Desktop/VCL318/Swin-ViT/ViTUnet vs SwinUnet/Dataset/processed/Kvasir-SEG/images/cju847pxykriq0755268ktrk2.jpg,0.924996,0.961037,0.994439
cju849c23kgnk0817cgv2hw1e,/Users/brian/Desktop/VCL318/Swin-ViT/ViTUnet vs SwinUnet/Dataset/processed/Kvasir-SEG/images/cju849c23kgnk0817cgv2hw1e.jpg,0.954741,0.976847,0.998285
cju84aoa3ktwn0755pfl4gfwd,/Users/brian/Desktop/VCL318/Swin-ViT/ViTUnet vs SwinUnet/Dataset/processed/Kvasir-SEG/images/cju84aoa3ktwn0755pfl4gfwd.jpg,0.967804,0.983639,0.999312
cju84dsvaklpx098750hp83x4,/Users/brian/Desktop/VCL318/Swin-ViT/ViTUnet vs SwinUnet/Dataset/processed/Kvasir-SEG/images/cju84dsvaklpx098750hp83x4.jpg,0.971487,0.985538,0.99937
cju84ffdzkrjn08183jh1fxmb,/Users/brian/Desktop/VCL318/Swin-ViT/ViTUnet vs SwinUnet/Dataset/processed/Kvasir-SEG/images/cju84ffdzkrjn08183jh1fxmb.jpg,0.943387,0.970869,0.995245
cju84gpefknwm098714oq8q61,/Users/brian/Desktop/VCL318/Swin-ViT/ViTUnet vs SwinUnet/Dataset/processed/Kvasir-SEG/images/cju84gpefknwm098714oq8q61.jpg,0.912123,0.954042,0.993285
cju84hibuktj80871u519o71q,/Users/brian/Desktop/VCL318/Swin-ViT/ViTUnet vs SwinUnet/Dataset/processed/Kvasir-SEG/images/cju84hibuktj80871u519o71q.jpg,0.938934,0.968505,0.998629
cju84ih17kp5l09876bkooocl,/Users/brian/Desktop/VCL318/Swin-ViT/ViTUnet vs SwinUnet/Dataset/processed/Kvasir-SEG/images/cju84ih17kp5l09876bkooocl.jpg,0.951434,0.975113,0.998201
cju84jdl9kv0i0871eog9b3i9,/Users/brian/Desktop/VCL318/Swin-ViT/ViTUnet vs SwinUnet/Dataset/processed/Kvasir-SEG/images/cju84jdl9kv0i0871eog9b3i9.jpg,0.948918,0.97379,0.998026
cju84kplnl1y30755ropua1b0,/Users/brian/Desktop/VCL318/Swin-ViT/ViTUnet vs SwinUnet/Dataset/processed/Kvasir-SEG/images/cju84kplnl1y30755ropua1b0.jpg,0.973502,0.986573,0.999384
cju8567gdlcbq0801dwwyo2jt,/Users/brian/Desktop/VCL318/Swin-ViT/ViTUnet vs SwinUnet/Dataset/processed/Kvasir-SEG/images/cju8567gdlcbq0801dwwyo2jt.jpg,0.968468,0.983981,0.999098
cju857ad0l88m0817qx4cwxnf,/Users/brian/Desktop/VCL318/Swin-ViT/ViTUnet vs SwinUnet/Dataset/processed/Kvasir-SEG/images/cju857ad0l88m0817qx4cwxnf.jpg,0.942086,0.97018,0.997552
cju858eswlepn0871pzvdrhj1,/Users/brian/Desktop/VCL318/Swin-ViT/ViTUnet vs SwinUnet/Dataset/processed/Kvasir-SEG/images/cju858eswlepn0871pzvdrhj1.jpg,0.975143,0.987415,0.999532
cju85a8h8llwm07559wxg4t5w,/Users/brian/Desktop/VCL318/Swin-ViT/ViTUnet vs SwinUnet/Dataset/processed/Kvasir-SEG/images/cju85a8h8llwm07559wxg4t5w.jpg,0.923274,0.960106,0.997035
cju85bf1algsq0871y9gtlq97,/Users/brian/Desktop/VCL318/Swin-ViT/ViTUnet vs SwinUnet/Dataset/processed/Kvasir-SEG/images/cju85bf1algsq0871y9gtlq97.jpg,0.946575,0.972555,0.995369
cju85c2d4ln1b0755zz1z3onx,/Users/brian/Desktop/VCL318/Swin-ViT/ViTUnet vs SwinUnet/Dataset/processed/Kvasir-SEG/images/cju85c2d4ln1b0755zz1z3onx.jpg,0.33003,0.496274,0.859898
cju85citjlnfm0755i4rk5tqj,/Users/brian/Desktop/VCL318/Swin-ViT/ViTUnet vs SwinUnet/Dataset/processed/Kvasir-SEG/images/cju85citjlnfm0755i4rk5tqj.jpg,0.935846,0.96686,0.997446
cju85dx63lic408017f0l0400,/Users/brian/Desktop/VCL318/Swin-ViT/ViTUnet vs SwinUnet/Dataset/processed/Kvasir-SEG/images/cju85dx63lic408017f0l0400.jpg,0.914184,0.955168,0.995656
cju85fc11ljr40818edpb0inh,/Users/brian/Desktop/VCL318/Swin-ViT/ViTUnet vs SwinUnet/Dataset/processed/Kvasir-SEG/images/cju85fc11ljr40818edpb0inh.jpg,0.972821,0.986223,0.999281
cju85hguellg50818kwu3s8d1,/Users/brian/Desktop/VCL318/Swin-ViT/ViTUnet vs SwinUnet/Dataset/processed/Kvasir-SEG/images/cju85hguellg50818kwu3s8d1.jpg,0.984497,0.992188,0.999831
cju85ia1slh220987y7c20sm2,/Users/brian/Desktop/VCL318/Swin-ViT/ViTUnet vs SwinUnet/Dataset/processed/Kvasir-SEG/images/cju85ia1slh220987y7c20sm2.jpg,0.969875,0.984707,0.999338
cju85je7vlht70817c9jcjwi4,/Users/brian/Desktop/VCL318/Swin-ViT/ViTUnet vs SwinUnet/Dataset/processed/Kvasir-SEG/images/cju85je7vlht70817c9jcjwi4.jpg,0.811666,0.896043,0.976725
cju85l4yjlops0801fvmnwptf,/Users/brian/Desktop/VCL318/Swin-ViT/ViTUnet vs SwinUnet/Dataset/processed/Kvasir-SEG/images/cju85l4yjlops0801fvmnwptf.jpg,0.973793,0.986723,0.999475
cju85mpuglq8k0818d2it6hzb,/Users/brian/Desktop/VCL318/Swin-ViT/ViTUnet vs SwinUnet/Dataset/processed/Kvasir-SEG/images/cju85mpuglq8k0818d2it6hzb.jpg,0.940841,0.969519,0.997143
cju85nr8elly209872w9n5m0s,/Users/brian/Desktop/VCL318/Swin-ViT/ViTUnet vs SwinUnet/Dataset/processed/Kvasir-SEG/images/cju85nr8elly209872w9n5m0s.jpg,0.950845,0.974803,0.998886
cju85omszllp30850b6rm9mi3,/Users/brian/Desktop/VCL318/Swin-ViT/ViTUnet vs SwinUnet/Dataset/processed/Kvasir-SEG/images/cju85omszllp30850b6rm9mi3.jpg,0.95748,0.978278,0.998972
cju85plp7lmkw0850rx42jdpf,/Users/brian/Desktop/VCL318/Swin-ViT/ViTUnet vs SwinUnet/Dataset/processed/Kvasir-SEG/images/cju85plp7lmkw0850rx42jdpf.jpg,0.965974,0.982692,0.999092
cju85qefyln6v0850szeb9byi,/Users/brian/Desktop/VCL318/Swin-ViT/ViTUnet vs SwinUnet/Dataset/processed/Kvasir-SEG/images/cju85qefyln6v0850szeb9byi.jpg,0.980599,0.990205,0.99978
cju85rkbnlo1c08503uxcpax1,/Users/brian/Desktop/VCL318/Swin-ViT/ViTUnet vs SwinUnet/Dataset/processed/Kvasir-SEG/images/cju85rkbnlo1c08503uxcpax1.jpg,0.954272,0.976601,0.998214
cju87kbcen2av0987usezo8kn,/Users/brian/Desktop/VCL318/Swin-ViT/ViTUnet vs SwinUnet/Dataset/processed/Kvasir-SEG/images/cju87kbcen2av0987usezo8kn.jpg,0.138172,0.242797,0.111613
cju87li0zn3yb0817kbwgjiz8,/Users/brian/Desktop/VCL318/Swin-ViT/ViTUnet vs SwinUnet/Dataset/processed/Kvasir-SEG/images/cju87li0zn3yb0817kbwgjiz8.jpg,0.968094,0.983788,0.998814
cju87mrypnb1e0818scv1mxxg,/Users/brian/Desktop/VCL318/Swin-ViT/ViTUnet vs SwinUnet/Dataset/processed/Kvasir-SEG/images/cju87mrypnb1e0818scv1mxxg.jpg,0.916705,0.956543,0.992564
cju87nkyrnb970801q84m47yt,/Users/brian/Desktop/VCL318/Swin-ViT/ViTUnet vs SwinUnet/Dataset/processed/Kvasir-SEG/images/cju87nkyrnb970801q84m47yt.jpg,0.955451,0.977218,0.998394
cju87ox0kncom0801b98hqnd2,/Users/brian/Desktop/VCL318/Swin-ViT/ViTUnet vs SwinUnet/Dataset/processed/Kvasir-SEG/images/cju87ox0kncom0801b98hqnd2.jpg,0.943955,0.97117,0.99808
cju87q6yoneim0871dl4phvkd,/Users/brian/Desktop/VCL318/Swin-ViT/ViTUnet vs SwinUnet/Dataset/processed/Kvasir-SEG/images/cju87q6yoneim0871dl4phvkd.jpg,0.950226,0.974478,0.996501
cju87r56lnkyp0755hz30leew,/Users/brian/Desktop/VCL318/Swin-ViT/ViTUnet vs SwinUnet/Dataset/processed/Kvasir-SEG/images/cju87r56lnkyp0755hz30leew.jpg,0.966762,0.9831,0.999111
cju87tyddnnad0755bj0wxahe,/Users/brian/Desktop/VCL318/Swin-ViT/ViTUnet vs SwinUnet/Dataset/processed/Kvasir-SEG/images/cju87tyddnnad0755bj0wxahe.jpg,0.972018,0.985811,0.997831
cju87vqa0ndwg0850onjdz7ol,/Users/brian/Desktop/VCL318/Swin-ViT/ViTUnet vs SwinUnet/Dataset/processed/Kvasir-SEG/images/cju87vqa0ndwg0850onjdz7ol.jpg,0.956298,0.977661,0.998695
cju87xn2snfmv0987sc3d9xnq,/Users/brian/Desktop/VCL318/Swin-ViT/ViTUnet vs SwinUnet/Dataset/processed/Kvasir-SEG/images/cju87xn2snfmv0987sc3d9xnq.jpg,0.931343,0.964451,0.996757
cju87z6o6nh73085045bzsx6o,/Users/brian/Desktop/VCL318/Swin-ViT/ViTUnet vs SwinUnet/Dataset/processed/Kvasir-SEG/images/cju87z6o6nh73085045bzsx6o.jpg,0.943455,0.970905,0.995457
cju87zv8lni0o0850hbbecbq6,/Users/brian/Desktop/VCL318/Swin-ViT/ViTUnet vs SwinUnet/Dataset/processed/Kvasir-SEG/images/cju87zv8lni0o0850hbbecbq6.jpg,0.885566,0.93931,0.989206
cju8828oxnool0801qno9luhr,/Users/brian/Desktop/VCL318/Swin-ViT/ViTUnet vs SwinUnet/Dataset/processed/Kvasir-SEG/images/cju8828oxnool0801qno9luhr.jpg,0.924697,0.960875,0.995066
cju884985nlmx0817vzpax3y4,/Users/brian/Desktop/VCL318/Swin-ViT/ViTUnet vs SwinUnet/Dataset/processed/Kvasir-SEG/images/cju884985nlmx0817vzpax3y4.jpg,0.654455,0.791142,0.871987
cju885ikhnmkn09878s2lqtuh,/Users/brian/Desktop/VCL318/Swin-ViT/ViTUnet vs SwinUnet/Dataset/processed/Kvasir-SEG/images/cju885ikhnmkn09878s2lqtuh.jpg,0.965064,0.982221,0.999005
cju886ryxnsl50801r93jai7q,/Users/brian/Desktop/VCL318/Swin-ViT/ViTUnet vs SwinUnet/Dataset/processed/Kvasir-SEG/images/cju886ryxnsl50801r93jai7q.jpg,0.952987,0.975928,0.998653
cju887ftknop008177nnjt46y,/Users/brian/Desktop/VCL318/Swin-ViT/ViTUnet vs SwinUnet/Dataset/processed/Kvasir-SEG/images/cju887ftknop008177nnjt46y.jpg,0.93016,0.963817,0.995929
cju888fr7nveu0818r9uwtiit,/Users/brian/Desktop/VCL318/Swin-ViT/ViTUnet vs SwinUnet/Dataset/processed/Kvasir-SEG/images/cju888fr7nveu0818r9uwtiit.jpg,0.947016,0.972787,0.998163
cju88aq6vo1ij0755c2ey7z7n,/Users/brian/Desktop/VCL318/Swin-ViT/ViTUnet vs SwinUnet/Dataset/processed/Kvasir-SEG/images/cju88aq6vo1ij0755c2ey7z7n.jpg,0.963959,0.981649,0.99899
cju88cddensj00987788yotmg,/Users/brian/Desktop/VCL318/Swin-ViT/ViTUnet vs SwinUnet/Dataset/processed/Kvasir-SEG/images/cju88cddensj00987788yotmg.jpg,0.961211,0.980222,0.999455
cju88evxanv9r08176zkeovec,/Users/brian/Desktop/VCL318/Swin-ViT/ViTUnet vs SwinUnet/Dataset/processed/Kvasir-SEG/images/cju88evxanv9r08176zkeovec.jpg,0.933054,0.965368,0.996226
cju88fpm4o0tl0871w1i6a4ds,/Users/brian/Desktop/VCL318/Swin-ViT/ViTUnet vs SwinUnet/Dataset/processed/Kvasir-SEG/images/cju88fpm4o0tl0871w1i6a4ds.jpg,0.886997,0.940115,0.994571
cju88gx09o2vk0818610zody3,/Users/brian/Desktop/VCL318/Swin-ViT/ViTUnet vs SwinUnet/Dataset/processed/Kvasir-SEG/images/cju88gx09o2vk0818610zody3.jpg,0.961217,0.980225,0.998716
cju88itqbny720987hxizbj5y,/Users/brian/Desktop/VCL318/Swin-ViT/ViTUnet vs SwinUnet/Dataset/processed/Kvasir-SEG/images/cju88itqbny720987hxizbj5y.jpg,0.926238,0.961707,0.995025
cju88k75inzyb0850ccv5x3vk,/Users/brian/Desktop/VCL318/Swin-ViT/ViTUnet vs SwinUnet/Dataset/processed/Kvasir-SEG/images/cju88k75inzyb0850ccv5x3vk.jpg,0.976444,0.988082,0.99951
cju88l66no10s0850rsda7ej1,/Users/brian/Desktop/VCL318/Swin-ViT/ViTUnet vs SwinUnet/Dataset/processed/Kvasir-SEG/images/cju88l66no10s0850rsda7ej1.jpg,0.976035,0.987872,0.999592
cju88msmoo3470817m441j4sg,/Users/brian/Desktop/VCL318/Swin-ViT/ViTUnet vs SwinUnet/Dataset/processed/Kvasir-SEG/images/cju88msmoo3470817m441j4sg.jpg,0.540045,0.701337,0.813188
cju88nroho44508500129f1nh,/Users/brian/Desktop/VCL318/Swin-ViT/ViTUnet vs SwinUnet/Dataset/processed/Kvasir-SEG/images/cju88nroho44508500129f1nh.jpg,0.937316,0.967644,0.997831
cju88oh0po9gq0801nge4tgr1,/Users/brian/Desktop/VCL318/Swin-ViT/ViTUnet vs SwinUnet/Dataset/processed/Kvasir-SEG/images/cju88oh0po9gq0801nge4tgr1.jpg,0.961345,0.980292,0.999033
cju88q6h6obpd0871ckmiabbo,/Users/brian/Desktop/VCL318/Swin-ViT/ViTUnet vs SwinUnet/Dataset/processed/Kvasir-SEG/images/cju88q6h6obpd0871ckmiabbo.jpg,0.917789,0.957132,0.994065
cju88rl5eo94l0850kf5wtrm1,/Users/brian/Desktop/VCL318/Swin-ViT/ViTUnet vs SwinUnet/Dataset/processed/Kvasir-SEG/images/cju88rl5eo94l0850kf5wtrm1.jpg,0.951912,0.975364,0.995784
cju88t4fvokxf07558ymyh281,/Users/brian/Desktop/VCL318/Swin-ViT/ViTUnet vs SwinUnet/Dataset/processed/Kvasir-SEG/images/cju88t4fvokxf07558ymyh281.jpg,0.93106,0.964299,0.996317
cju88trl3ogi208716qvti51b,/Users/brian/Desktop/VCL318/Swin-ViT/ViTUnet vs SwinUnet/Dataset/processed/Kvasir-SEG/images/cju88trl3ogi208716qvti51b.jpg,0.94998,0.974349,0.997822
cju88v2f9oi8w0871hx9auh01,/Users/brian/Desktop/VCL318/Swin-ViT/ViTUnet vs SwinUnet/Dataset/processed/Kvasir-SEG/images/cju88v2f9oi8w0871hx9auh01.jpg,0.93582,0.966846,0.996781
cju88vx2uoocy075531lc63n3,/Users/brian/Desktop/VCL318/Swin-ViT/ViTUnet vs SwinUnet/Dataset/processed/Kvasir-SEG/images/cju88vx2uoocy075531lc63n3.jpg,0.93725,0.967609,0.998594
cju88y1mwoln50871emyfny1g,/Users/brian/Desktop/VCL318/Swin-ViT/ViTUnet vs SwinUnet/Dataset/processed/Kvasir-SEG/images/cju88y1mwoln50871emyfny1g.jpg,0.964321,0.981837,0.998767
cju88z8bson4h0871nnd7fdxo,/Users/brian/Desktop/VCL318/Swin-ViT/ViTUnet vs SwinUnet/Dataset/processed/Kvasir-SEG/images/cju88z8bson4h0871nnd7fdxo.jpg,0.961702,0.980477,0.999044
cju890guyoiti098753yg6cdu,/Users/brian/Desktop/VCL318/Swin-ViT/ViTUnet vs SwinUnet/Dataset/processed/Kvasir-SEG/images/cju890guyoiti098753yg6cdu.jpg,0.842644,0.914603,0.984468
cju8914beokbf0850isxpocrk,/Users/brian/Desktop/VCL318/Swin-ViT/ViTUnet vs SwinUnet/Dataset/processed/Kvasir-SEG/images/cju8914beokbf0850isxpocrk.jpg,0.885305,0.939163,0.9877
cju892fesoq2g0801n0e0jyia,/Users/brian/Desktop/VCL318/Swin-ViT/ViTUnet vs SwinUnet/Dataset/processed/Kvasir-SEG/images/cju892fesoq2g0801n0e0jyia.jpg,0.96623,0.982825,0.999482
cju893jmdompz0817xn3g1w4h,/Users/brian/Desktop/VCL318/Swin-ViT/ViTUnet vs SwinUnet/Dataset/processed/Kvasir-SEG/images/cju893jmdompz0817xn3g1w4h.jpg,0.973912,0.986784,0.999318
cju89y9h0puti0818i5yw29e6,/Users/brian/Desktop/VCL318/Swin-ViT/ViTUnet vs SwinUnet/Dataset/processed/Kvasir-SEG/images/cju89y9h0puti0818i5yw29e6.jpg,0.962337,0.980807,0.998618
cju89z6pqpqfx0817mfv8ixjc,/Users/brian/Desktop/VCL318/Swin-ViT/ViTUnet vs SwinUnet/Dataset/processed/Kvasir-SEG/images/cju89z6pqpqfx0817mfv8ixjc.jpg,0.0,0.0,0.008456
cju8a1jtvpt9m081712iwkca7,/Users/brian/Desktop/VCL318/Swin-ViT/ViTUnet vs SwinUnet/Dataset/processed/Kvasir-SEG/images/cju8a1jtvpt9m081712iwkca7.jpg,0.973053,0.986342,0.999063
cju8a2itsq4dv0755ntlovpxe,/Users/brian/Desktop/VCL318/Swin-ViT/ViTUnet vs SwinUnet/Dataset/processed/Kvasir-SEG/images/cju8a2itsq4dv0755ntlovpxe.jpg,0.91213,0.954046,0.997184
cju8a3nhbpwnb0850d37fo2na,/Users/brian/Desktop/VCL318/Swin-ViT/ViTUnet vs SwinUnet/Dataset/processed/Kvasir-SEG/images/cju8a3nhbpwnb0850d37fo2na.jpg,0.949472,0.974081,0.99526
cju8a56vxpy780850r45yu4wk,/Users/brian/Desktop/VCL318/Swin-ViT/ViTUnet vs SwinUnet/Dataset/processed/Kvasir-SEG/images/cju8a56vxpy780850r45yu4wk.jpg,0.922962,0.959938,0.996811
cju8a84g0q76m0818hwiggkod,/Users/brian/Desktop/VCL318/Swin-ViT/ViTUnet vs SwinUnet/Dataset/processed/Kvasir-SEG/images/cju8a84g0q76m0818hwiggkod.jpg,0.94083,0.969513,0.996804
cju8abobpqbir08189u01huru,/Users/brian/Desktop/VCL318/Swin-ViT/ViTUnet vs SwinUnet/Dataset/processed/Kvasir-SEG/images/cju8abobpqbir08189u01huru.jpg,0.967853,0.983664,0.999413
cju8adb60qbiu080188mxpf8d,/Users/brian/Desktop/VCL318/Swin-ViT/ViTUnet vs SwinUnet/Dataset/processed/Kvasir-SEG/images/cju8adb60qbiu080188mxpf8d.jpg,0.962287,0.980781,0.99842
cju8aeei7q8k308173n9y4klv,/Users/brian/Desktop/VCL318/Swin-ViT/ViTUnet vs SwinUnet/Dataset/processed/Kvasir-SEG/images/cju8aeei7q8k308173n9y4klv.jpg,0.938444,0.968244,0.996082
cju8aj01yqeqm0850lhdz3xdw,/Users/brian/Desktop/VCL318/Swin-ViT/ViTUnet vs SwinUnet/Dataset/processed/Kvasir-SEG/images/cju8aj01yqeqm0850lhdz3xdw.jpg,0.948807,0.973731,0.998037
cju8alhigqn2h0801zksudldd,/Users/brian/Desktop/VCL318/Swin-ViT/ViTUnet vs SwinUnet/Dataset/processed/Kvasir-SEG/images/cju8alhigqn2h0801zksudldd.jpg,0.96825,0.983869,0.999073
cju8amfdtqi4x09871tygrgqe,/Users/brian/Desktop/VCL318/Swin-ViT/ViTUnet vs SwinUnet/Dataset/processed/Kvasir-SEG/images/cju8amfdtqi4x09871tygrgqe.jpg,0.960871,0.980045,0.998917
cju8ando2qqdo0818ck7i1be1,/Users/brian/Desktop/VCL318/Swin-ViT/ViTUnet vs SwinUnet/Dataset/processed/Kvasir-SEG/images/cju8ando2qqdo0818ck7i1be1.jpg,0.957253,0.97816,0.998409
cju8apjewqrk00801k5d71gky,/Users/brian/Desktop/VCL318/Swin-ViT/ViTUnet vs SwinUnet/Dataset/processed/Kvasir-SEG/images/cju8apjewqrk00801k5d71gky.jpg,0.966396,0.982911,0.999205
cju8aqq8uqmoq0987hphto9gg,/Users/brian/Desktop/VCL318/Swin-ViT/ViTUnet vs SwinUnet/Dataset/processed/Kvasir-SEG/images/cju8aqq8uqmoq0987hphto9gg.jpg,0.965789,0.982597,0.999142
cju8arof2qpf20850ifr1bnqj,/Users/brian/Desktop/VCL318/Swin-ViT/ViTUnet vs SwinUnet/Dataset/processed/Kvasir-SEG/images/cju8arof2qpf20850ifr1bnqj.jpg,0.65148,0.788965,0.971555
cju8ashhnquqr0801rwduzt7d,/Users/brian/Desktop/VCL318/Swin-ViT/ViTUnet vs SwinUnet/Dataset/processed/Kvasir-SEG/images/cju8ashhnquqr0801rwduzt7d.jpg,0.941333,0.96978,0.996279
cju8at3s1qqqx0850hcq8nmnq,/Users/brian/Desktop/VCL318/Swin-ViT/ViTUnet vs SwinUnet/Dataset/processed/Kvasir-SEG/images/cju8at3s1qqqx0850hcq8nmnq.jpg,0.870875,0.930982,0.988328
cju8auylgqx0z0871u4o4db7o,/Users/brian/Desktop/VCL318/Swin-ViT/ViTUnet vs SwinUnet/Dataset/processed/Kvasir-SEG/images/cju8auylgqx0z0871u4o4db7o.jpg,0.917339,0.956887,0.992476
cju8aw9n1qyg10801jkjlmors,/Users/brian/Desktop/VCL318/Swin-ViT/ViTUnet vs SwinUnet/Dataset/processed/Kvasir-SEG/images/cju8aw9n1qyg10801jkjlmors.jpg,0.823944,0.903475,0.976377
cju8axq24r4an0755yhv9d4ly,/Users/brian/Desktop/VCL318/Swin-ViT/ViTUnet vs SwinUnet/Dataset/processed/Kvasir-SEG/images/cju8axq24r4an0755yhv9d4ly.jpg,0.96057,0.979888,0.999146
cju8ayeq7r1fb0818z1junacy,/Users/brian/Desktop/VCL318/Swin-ViT/ViTUnet vs SwinUnet/Dataset/processed/Kvasir-SEG/images/cju8ayeq7r1fb0818z1junacy.jpg,0.935484,0.966667,0.989423
cju8azmhcr66e0755t61atz72,/Users/brian/Desktop/VCL318/Swin-ViT/ViTUnet vs SwinUnet/Dataset/processed/Kvasir-SEG/images/cju8azmhcr66e0755t61atz72.jpg,0.958179,0.978643,0.995943
cju8b0jr0r2oi0801jiquetd5,/Users/brian/Desktop/VCL318/Swin-ViT/ViTUnet vs SwinUnet/Dataset/processed/Kvasir-SEG/images/cju8b0jr0r2oi0801jiquetd5.jpg,0.95793,0.978513,0.999442
cju8b1v3br45u087189kku66u,/Users/brian/Desktop/VCL318/Swin-ViT/ViTUnet vs SwinUnet/Dataset/processed/Kvasir-SEG/images/cju8b1v3br45u087189kku66u.jpg,0.96836,0.983926,0.999161
cju8b2rmgr52s0801p54eyflx,/Users/brian/Desktop/VCL318/Swin-ViT/ViTUnet vs SwinUnet/Dataset/processed/Kvasir-SEG/images/cju8b2rmgr52s0801p54eyflx.jpg,0.471627,0.64096,0.863649
cju8b3ka8r64u0801fh18hk7l,/Users/brian/Desktop/VCL318/Swin-ViT/ViTUnet vs SwinUnet/Dataset/processed/Kvasir-SEG/images/cju8b3ka8r64u0801fh18hk7l.jpg,0.877509,0.934759,0.989521
cju8b4ja9r2s808509d45ma86,/Users/brian/Desktop/VCL318/Swin-ViT/ViTUnet vs SwinUnet/Dataset/processed/Kvasir-SEG/images/cju8b4ja9r2s808509d45ma86.jpg,0.949177,0.973926,0.996728
cju8b542nr81x0871uxnkm9ih,/Users/brian/Desktop/VCL318/Swin-ViT/ViTUnet vs SwinUnet/Dataset/processed/Kvasir-SEG/images/cju8b542nr81x0871uxnkm9ih.jpg,0.931206,0.964378,0.996531
cju8b5p40r2c60987ofa0mu03,/Users/brian/Desktop/VCL318/Swin-ViT/ViTUnet vs SwinUnet/Dataset/processed/Kvasir-SEG/images/cju8b5p40r2c60987ofa0mu03.jpg,0.956039,0.977526,0.998468
cju8b6rp0r5st0850184f79xt,/Users/brian/Desktop/VCL318/Swin-ViT/ViTUnet vs SwinUnet/Dataset/processed/Kvasir-SEG/images/cju8b6rp0r5st0850184f79xt.jpg,0.950376,0.974557,0.998347
cju8b7aqtr4a00987coba14b7,/Users/brian/Desktop/VCL318/Swin-ViT/ViTUnet vs SwinUnet/Dataset/processed/Kvasir-SEG/images/cju8b7aqtr4a00987coba14b7.jpg,0.952381,0.97561,0.998173
cju8b8yair65w09878pyqtr96,/Users/brian/Desktop/VCL318/Swin-ViT/ViTUnet vs SwinUnet/Dataset/processed/Kvasir-SEG/images/cju8b8yair65w09878pyqtr96.jpg,0.919798,0.958224,0.994028
cju8bafgqrf4x0818twisk3ea,/Users/brian/Desktop/VCL318/Swin-ViT/ViTUnet vs SwinUnet/Dataset/processed/Kvasir-SEG/images/cju8bafgqrf4x0818twisk3ea.jpg,0.945204,0.97183,0.997546
cju8bbznkrf5g0871jncffynk,/Users/brian/Desktop/VCL318/Swin-ViT/ViTUnet vs SwinUnet/Dataset/processed/Kvasir-SEG/images/cju8bbznkrf5g0871jncffynk.jpg,0.953241,0.976061,0.998122
cju8bff9nrfi10850fmfzbf8v,/Users/brian/Desktop/VCL318/Swin-ViT/ViTUnet vs SwinUnet/Dataset/processed/Kvasir-SEG/images/cju8bff9nrfi10850fmfzbf8v.jpg,0.953067,0.97597,0.9981
cju8bgdmqrksy0801tozdmraa,/Users/brian/Desktop/VCL318/Swin-ViT/ViTUnet vs SwinUnet/Dataset/processed/Kvasir-SEG/images/cju8bgdmqrksy0801tozdmraa.jpg,0.951598,0.975199,0.997649
cju8bh8surexp0987o5pzklk1,/Users/brian/Desktop/VCL318/Swin-ViT/ViTUnet vs SwinUnet/Dataset/processed/Kvasir-SEG/images/cju8bh8surexp0987o5pzklk1.jpg,0.962816,0.981056,0.998905
cju8bi8q7rlmn0871abc5ch8k,/Users/brian/Desktop/VCL318/Swin-ViT/ViTUnet vs SwinUnet/Dataset/processed/Kvasir-SEG/images/cju8bi8q7rlmn0871abc5ch8k.jpg,0.934744,0.966271,0.996406
cju8bj2ssrmlm0871gc2ug2rs,/Users/brian/Desktop/VCL318/Swin-ViT/ViTUnet vs SwinUnet/Dataset/processed/Kvasir-SEG/images/cju8bj2ssrmlm0871gc2ug2rs.jpg,0.588808,0.741194,0.964859
cju8bk8oirjhw0817hgkua2w8,/Users/brian/Desktop/VCL318/Swin-ViT/ViTUnet vs SwinUnet/Dataset/processed/Kvasir-SEG/images/cju8bk8oirjhw0817hgkua2w8.jpg,0.958619,0.978872,0.998883
cju8bljw9rqk20801kr54akrl,/Users/brian/Desktop/VCL318/Swin-ViT/ViTUnet vs SwinUnet/Dataset/processed/Kvasir-SEG/images/cju8bljw9rqk20801kr54akrl.jpg,0.949001,0.973833,0.997872
cju8bm24yrrdp081829mbo8ic,/Users/brian/Desktop/VCL318/Swin-ViT/ViTUnet vs SwinUnet/Dataset/processed/Kvasir-SEG/images/cju8bm24yrrdp081829mbo8ic.jpg,0.938077,0.968049,0.99698
cju8bn7m2rmm70817hgxpb1uq,/Users/brian/Desktop/VCL318/Swin-ViT/ViTUnet vs SwinUnet/Dataset/processed/Kvasir-SEG/images/cju8bn7m2rmm70817hgxpb1uq.jpg,0.936991,0.967471,0.998559
cju8bop5jrsid08716i24fqda,/Users/brian/Desktop/VCL318/Swin-ViT/ViTUnet vs SwinUnet/Dataset/processed/Kvasir-SEG/images/cju8bop5jrsid08716i24fqda.jpg,0.934072,0.965912,0.997498
cju8bpctzrqkr0850zeldv9kt,/Users/brian/Desktop/VCL318/Swin-ViT/ViTUnet vs SwinUnet/Dataset/processed/Kvasir-SEG/images/cju8bpctzrqkr0850zeldv9kt.jpg,0.928759,0.963064,0.998439
cju8bqxxurs6i0850mu7mtef9,/Users/brian/Desktop/VCL318/Swin-ViT/ViTUnet vs SwinUnet/Dataset/processed/Kvasir-SEG/images/cju8bqxxurs6i0850mu7mtef9.jpg,0.935812,0.966842,0.99649
cju8brv16rx7f0818uf5n89pv,/Users/brian/Desktop/VCL318/Swin-ViT/ViTUnet vs SwinUnet/Dataset/processed/Kvasir-SEG/images/cju8brv16rx7f0818uf5n89pv.jpg,0.886364,0.939759,0.991652
cju8bssulrrcy0987h1vq5060,/Users/brian/Desktop/VCL318/Swin-ViT/ViTUnet vs SwinUnet/Dataset/processed/Kvasir-SEG/images/cju8bssulrrcy0987h1vq5060.jpg,0.969808,0.984672,0.999229
cju8buos5rz9b08715lfr0f4f,/Users/brian/Desktop/VCL318/Swin-ViT/ViTUnet vs SwinUnet/Dataset/processed/Kvasir-SEG/images/cju8buos5rz9b08715lfr0f4f.jpg,0.964684,0.982024,0.999281
cju8bw697rwg308177tg8huas,/Users/brian/Desktop/VCL318/Swin-ViT/ViTUnet vs SwinUnet/Dataset/processed/Kvasir-SEG/images/cju8bw697rwg308177tg8huas.jpg,0.634736,0.776561,0.953103
cju8bysfgrzkl081786jwac09,/Users/brian/Desktop/VCL318/Swin-ViT/ViTUnet vs SwinUnet/Dataset/processed/Kvasir-SEG/images/cju8bysfgrzkl081786jwac09.jpg,0.970269,0.98491,0.999375
cju8bzzy2s66m08016z6mouqt,/Users/brian/Desktop/VCL318/Swin-ViT/ViTUnet vs SwinUnet/Dataset/processed/Kvasir-SEG/images/cju8bzzy2s66m08016z6mouqt.jpg,0.94787,0.973237,0.998479
cju8c1a0ws7o208181c6lbsom,/Users/brian/Desktop/VCL318/Swin-ViT/ViTUnet vs SwinUnet/Dataset/processed/Kvasir-SEG/images/cju8c1a0ws7o208181c6lbsom.jpg,0.95271,0.975782,0.998348
cju8c2rqzs5t80850d0zky5dy,/Users/brian/Desktop/VCL318/Swin-ViT/ViTUnet vs SwinUnet/Dataset/processed/Kvasir-SEG/images/cju8c2rqzs5t80850d0zky5dy.jpg,0.955718,0.977358,0.998631
cju8c3xs7sauj0801ieyzezr5,/Users/brian/Desktop/VCL318/Swin-ViT/ViTUnet vs SwinUnet/Dataset/processed/Kvasir-SEG/images/cju8c3xs7sauj0801ieyzezr5.jpg,0.908243,0.951916,0.966046
cju8c5223s8j80850b4kealt4,/Users/brian/Desktop/VCL318/Swin-ViT/ViTUnet vs SwinUnet/Dataset/processed/Kvasir-SEG/images/cju8c5223s8j80850b4kealt4.jpg,0.938051,0.968035,0.997539
cju8c5mxls96t0850wvkvsity,/Users/brian/Desktop/VCL318/Swin-ViT/ViTUnet vs SwinUnet/Dataset/processed/Kvasir-SEG/images/cju8c5mxls96t0850wvkvsity.jpg,0.965817,0.982611,0.998242
cju8c5zcbsdfz0801o5t6jag1,/Users/brian/Desktop/VCL318/Swin-ViT/ViTUnet vs SwinUnet/Dataset/processed/Kvasir-SEG/images/cju8c5zcbsdfz0801o5t6jag1.jpg,0.909812,0.952777,0.993742
cju8c6hnxsdvr0801wn0vrsa6,/Users/brian/Desktop/VCL318/Swin-ViT/ViTUnet vs SwinUnet/Dataset/processed/Kvasir-SEG/images/cju8c6hnxsdvr0801wn0vrsa6.jpg,0.799073,0.888316,0.973742
cju8c82iosagu0817l74s4m5g,/Users/brian/Desktop/VCL318/Swin-ViT/ViTUnet vs SwinUnet/Dataset/processed/Kvasir-SEG/images/cju8c82iosagu0817l74s4m5g.jpg,0.820056,0.901133,0.989929
cju8c9akjsdjj0850s67uzlxq,/Users/brian/Desktop/VCL318/Swin-ViT/ViTUnet vs SwinUnet/Dataset/processed/Kvasir-SEG/images/cju8c9akjsdjj0850s67uzlxq.jpg,0.955654,0.977324,0.998942
cju8ca4geseia0850i2ru11hw,/Users/brian/Desktop/VCL318/Swin-ViT/ViTUnet vs SwinUnet/Dataset/processed/Kvasir-SEG/images/cju8ca4geseia0850i2ru11hw.jpg,0.950909,0.974837,0.998642
cju8cattbsivm0818p446wgel,/Users/brian/Desktop/VCL318/Swin-ViT/ViTUnet vs SwinUnet/Dataset/processed/Kvasir-SEG/images/cju8cattbsivm0818p446wgel.jpg,0.073909,0.137645,0.555577
cju8cbsyssiqj0871gr4jedjp,/Users/brian/Desktop/VCL318/Swin-ViT/ViTUnet vs SwinUnet/Dataset/processed/Kvasir-SEG/images/cju8cbsyssiqj0871gr4jedjp.jpg,0.95033,0.974532,0.998434
cju8cdeazsm8h0801jxifmzur,/Users/brian/Desktop/VCL318/Swin-ViT/ViTUnet vs SwinUnet/Dataset/processed/Kvasir-SEG/images/cju8cdeazsm8h0801jxifmzur.jpg,0.959332,0.979244,0.999059
cju8ceacrsqkr0755hdz145es,/Users/brian/Desktop/VCL318/Swin-ViT/ViTUnet vs SwinUnet/Dataset/processed/Kvasir-SEG/images/cju8ceacrsqkr0755hdz145es.jpg,0.933429,0.965568,0.997513
cju8cgi2kspp308011nxdtjp6,/Users/brian/Desktop/VCL318/Swin-ViT/ViTUnet vs SwinUnet/Dataset/processed/Kvasir-SEG/images/cju8cgi2kspp308011nxdtjp6.jpg,0.914744,0.955474,0.993501
cju8chdlqsu620755azjty1tj,/Users/brian/Desktop/VCL318/Swin-ViT/ViTUnet vs SwinUnet/Dataset/processed/Kvasir-SEG/images/cju8chdlqsu620755azjty1tj.jpg,0.895203,0.944704,0.98154
cju8chxndsre008015uisl4si,/Users/brian/Desktop/VCL318/Swin-ViT/ViTUnet vs SwinUnet/Dataset/processed/Kvasir-SEG/images/cju8chxndsre008015uisl4si.jpg,0.794819,0.885681,0.919244
cju8cj10qsrau0871o2dr6ai1,/Users/brian/Desktop/VCL318/Swin-ViT/ViTUnet vs SwinUnet/Dataset/processed/Kvasir-SEG/images/cju8cj10qsrau0871o2dr6ai1.jpg,0.968489,0.983992,0.999279
cju8clorgsuwn08714toqb7v6,/Users/brian/Desktop/VCL318/Swin-ViT/ViTUnet vs SwinUnet/Dataset/processed/Kvasir-SEG/images/cju8clorgsuwn08714toqb7v6.jpg,0.941449,0.969842,0.996681
cju8cwy02t9eq08185qn12c02,/Users/brian/Desktop/VCL318/Swin-ViT/ViTUnet vs SwinUnet/Dataset/processed/Kvasir-SEG/images/cju8cwy02t9eq08185qn12c02.jpg,0.950052,0.974386,0.997346
cju8czvnztbf40871b4m7t78w,/Users/brian/Desktop/VCL318/Swin-ViT/ViTUnet vs SwinUnet/Dataset/processed/Kvasir-SEG/images/cju8czvnztbf40871b4m7t78w.jpg,0.955275,0.977126,0.999224
cju8d2q30tfhs0801n7lx77xl,/Users/brian/Desktop/VCL318/Swin-ViT/ViTUnet vs SwinUnet/Dataset/processed/Kvasir-SEG/images/cju8d2q30tfhs0801n7lx77xl.jpg,0.953143,0.976009,0.997452
cju8d4jgatgpj0871q2ophhkm,/Users/brian/Desktop/VCL318/Swin-ViT/ViTUnet vs SwinUnet/Dataset/processed/Kvasir-SEG/images/cju8d4jgatgpj0871q2ophhkm.jpg,0.972788,0.986206,0.999355
cju8dic9mtppa0987swn23wbc,/Users/brian/Desktop/VCL318/Swin-ViT/ViTUnet vs SwinUnet/Dataset/processed/Kvasir-SEG/images/cju8dic9mtppa0987swn23wbc.jpg,0.968388,0.98394,0.999088
cju8djdqztu6408506pzhlo18,/Users/brian/Desktop/VCL318/Swin-ViT/ViTUnet vs SwinUnet/Dataset/processed/Kvasir-SEG/images/cju8djdqztu6408506pzhlo18.jpg,0.87861,0.935383,0.989813
cju8dk7eztzup08182yxko5zh,/Users/brian/Desktop/VCL318/Swin-ViT/ViTUnet vs SwinUnet/Dataset/processed/Kvasir-SEG/images/cju8dk7eztzup08182yxko5zh.jpg,0.958082,0.978592,0.998887
cju8dm2cau2km0818jsv9eeq2,/Users/brian/Desktop/VCL318/Swin-ViT/ViTUnet vs SwinUnet/Dataset/processed/Kvasir-SEG/images/cju8dm2cau2km0818jsv9eeq2.jpg,0.966216,0.982818,0.999115
cju8dn0c3u2v50801k8rvq02f,/Users/brian/Desktop/VCL318/Swin-ViT/ViTUnet vs SwinUnet/Dataset/processed/Kvasir-SEG/images/cju8dn0c3u2v50801k8rvq02f.jpg,0.958401,0.978759,0.99843
cju8doa16u5gh0818w1ywda3q,/Users/brian/Desktop/VCL318/Swin-ViT/ViTUnet vs SwinUnet/Dataset/processed/Kvasir-SEG/images/cju8doa16u5gh0818w1ywda3q.jpg,0.881225,0.936863,0.98467
cju8dpa89u6l80818dj6lldh9,/Users/brian/Desktop/VCL318/Swin-ViT/ViTUnet vs SwinUnet/Dataset/processed/Kvasir-SEG/images/cju8dpa89u6l80818dj6lldh9.jpg,0.896884,0.945639,0.99119
cju8dqkrqu83i0818ev74qpxq,/Users/brian/Desktop/VCL318/Swin-ViT/ViTUnet vs SwinUnet/Dataset/processed/Kvasir-SEG/images/cju8dqkrqu83i0818ev74qpxq.jpg,0.97432,0.986993,0.999388
cjyzjzssvd8pq0838f4nolj5l,/Users/brian/Desktop/VCL318/Swin-ViT/ViTUnet vs SwinUnet/Dataset/processed/Kvasir-SEG/images/cjyzjzssvd8pq0838f4nolj5l.jpg,0.85395,0.921222,0.981385
cjyzk8qieoboa0848ogj51wwm,/Users/brian/Desktop/VCL318/Swin-ViT/ViTUnet vs SwinUnet/Dataset/processed/Kvasir-SEG/images/cjyzk8qieoboa0848ogj51wwm.jpg,0.971196,0.985388,0.998933
cjyzkmjy8evns070165gf9dmq,/Users/brian/Desktop/VCL318/Swin-ViT/ViTUnet vs SwinUnet/Dataset/processed/Kvasir-SEG/images/cjyzkmjy8evns070165gf9dmq.jpg,0.954778,0.976866,0.998774
cjyzkpsbjdsjq07211dfi4sru,/Users/brian/Desktop/VCL318/Swin-ViT/ViTUnet vs SwinUnet/Dataset/processed/Kvasir-SEG/images/cjyzkpsbjdsjq07211dfi4sru.jpg,0.878049,0.935065,0.993794
cjyzl833ndne80838pzuq6ila,/Users/brian/Desktop/VCL318/Swin-ViT/ViTUnet vs SwinUnet/Dataset/processed/Kvasir-SEG/images/cjyzl833ndne80838pzuq6ila.jpg,0.939997,0.969071,0.997501
cjyzlw7f9faqr070129au64sq,/Users/brian/Desktop/VCL318/Swin-ViT/ViTUnet vs SwinUnet/Dataset/processed/Kvasir-SEG/images/cjyzlw7f9faqr070129au64sq.jpg,0.819166,0.900595,0.97516
cjyztzaqtrv430848l8xgcerw,/Users/brian/Desktop/VCL318/Swin-ViT/ViTUnet vs SwinUnet/Dataset/processed/Kvasir-SEG/images/cjyztzaqtrv430848l8xgcerw.jpg,0.903086,0.949075,0.989383
cjyzu3reghjya0794w7pwoi50,/Users/brian/Desktop/VCL318/Swin-ViT/ViTUnet vs SwinUnet/Dataset/processed/Kvasir-SEG/images/cjyzu3reghjya0794w7pwoi50.jpg,0.91801,0.957253,0.99536
cjyzu9th0qt4r0a46pyl4zik0,/Users/brian/Desktop/VCL318/Swin-ViT/ViTUnet vs SwinUnet/Dataset/processed/Kvasir-SEG/images/cjyzu9th0qt4r0a46pyl4zik0.jpg,0.920867,0.958804,0.996701
cjyzufihqquiw0a46jatrbwln,/Users/brian/Desktop/VCL318/Swin-ViT/ViTUnet vs SwinUnet/Dataset/processed/Kvasir-SEG/images/cjyzufihqquiw0a46jatrbwln.jpg,0.958015,0.978557,0.997993
cjyzuio1qgh040763k56deohv,/Users/brian/Desktop/VCL318/Swin-ViT/ViTUnet vs SwinUnet/Dataset/processed/Kvasir-SEG/images/cjyzuio1qgh040763k56deohv.jpg,0.854396,0.921481,0.987257
cjyzul1qggwwj07216mhiv5sy,/Users/brian/Desktop/VCL318/Swin-ViT/ViTUnet vs SwinUnet/Dataset/processed/Kvasir-SEG/images/cjyzul1qggwwj07216mhiv5sy.jpg,0.902117,0.94854,0.994297
cjyzurzvohqnr0794es1itzek,/Users/brian/Desktop/VCL318/Swin-ViT/ViTUnet vs SwinUnet/Dataset/processed/Kvasir-SEG/images/cjyzurzvohqnr0794es1itzek.jpg,0.962871,0.981084,0.999229
cjz14qsk2wci60794un9ozwmw,/Users/brian/Desktop/VCL318/Swin-ViT/ViTUnet vs SwinUnet/Dataset/processed/Kvasir-SEG/images/cjz14qsk2wci60794un9ozwmw.jpg,0.945265,0.971862,0.998011
ck2395w2mb4vu07480otsu6tw,/Users/brian/Desktop/VCL318/Swin-ViT/ViTUnet vs SwinUnet/Dataset/processed/Kvasir-SEG/images/ck2395w2mb4vu07480otsu6tw.jpg,0.937163,0.967563,0.999076
ck2bxiswtxuw80838qkisqjwz,/Users/brian/Desktop/VCL318/Swin-ViT/ViTUnet vs SwinUnet/Dataset/processed/Kvasir-SEG/images/ck2bxiswtxuw80838qkisqjwz.jpg,0.299553,0.461009,0.652746
ck2bxknhjvs1x0794iogrq49k,/Users/brian/Desktop/VCL318/Swin-ViT/ViTUnet vs SwinUnet/Dataset/processed/Kvasir-SEG/images/ck2bxknhjvs1x0794iogrq49k.jpg,0.908223,0.951905,0.970405
ck2bxlujamu330725szlc2jdu,/Users/brian/Desktop/VCL318/Swin-ViT/ViTUnet vs SwinUnet/Dataset/processed/Kvasir-SEG/images/ck2bxlujamu330725szlc2jdu.jpg,0.876037,0.933923,0.982629
ck2bxpfgxu2mk0748gsh7xelu,/Users/brian/Desktop/VCL318/Swin-ViT/ViTUnet vs SwinUnet/Dataset/processed/Kvasir-SEG/images/ck2bxpfgxu2mk0748gsh7xelu.jpg,0.772066,0.871374,0.97353
ck2bxqz3evvg20794iiyv5v2m,/Users/brian/Desktop/VCL318/Swin-ViT/ViTUnet vs SwinUnet/Dataset/processed/Kvasir-SEG/images/ck2bxqz3evvg20794iiyv5v2m.jpg,0.896616,0.94549,0.991012
ck2bxskgxxzfv08386xkqtqdy,/Users/brian/Desktop/VCL318/Swin-ViT/ViTUnet vs SwinUnet/Dataset/processed/Kvasir-SEG/images/ck2bxskgxxzfv08386xkqtqdy.jpg,0.914398,0.955285,0.995376
ck2bxw18mmz1k0725litqq2mc,/Users/brian/Desktop/VCL318/Swin-ViT/ViTUnet vs SwinUnet/Dataset/processed/Kvasir-SEG/images/ck2bxw18mmz1k0725litqq2mc.jpg,0.930201,0.963838,0.995631
ck2da7fwcjfis07218r1rvm95,/Users/brian/Desktop/VCL318/Swin-ViT/ViTUnet vs SwinUnet/Dataset/processed/Kvasir-SEG/images/ck2da7fwcjfis07218r1rvm95.jpg,0.950895,0.97483,0.99877
