stem,image_path,iou,dice,ap
cju0qkwl35piu0993l0dewei2,/Users/brian/Desktop/VCL318/Swin-ViT/ViTUnet vs SwinUnet/Dataset/processed/Kvasir-SEG/images/cju0qkwl35piu0993l0dewei2.jpg,0.97352,0.986582,0.999432
cju0qoxqj9q6s0835b43399p4,/Users/brian/Desktop/VCL318/Swin-ViT/ViTUnet vs SwinUnet/Dataset/processed/Kvasir-SEG/images/cju0qoxqj9q6s0835b43399p4.jpg,0.9209,0.958821,0.99173
cju0qx73cjw570799j4n5cjze,/Users/brian/Desktop/VCL318/Swin-ViT/ViTUnet vs SwinUnet/Dataset/processed/Kvasir-SEG/images/cju0qx73cjw570799j4n5cjze.jpg,0.969465,0.984496,0.999289
cju0roawvklrq0799vmjorwfv,/Users/brian/Desktop/VCL318/Swin-ViT/ViTUnet vs SwinUnet/Dataset/processed/Kvasir-SEG/images/cju0roawvklrq0799vmjorwfv.jpg,0.947424,0.973002,0.998213
cju0rx1idathl0835detmsp84,/Users/brian/Desktop/VCL318/Swin-ViT/ViTUnet vs SwinUnet/Dataset/processed/Kvasir-SEG/images/cju0rx1idathl0835detmsp84.jpg,0.943053,0.970692,0.994745
cju0s2a9ekvms080138tjjpxr,/Users/brian/Desktop/VCL318/Swin-ViT/ViTUnet vs SwinUnet/Dataset/processed/Kvasir-SEG/images/cju0s2a9ekvms080138tjjpxr.jpg,0.83285,0.908803,0.992824
cju0s690hkp960855tjuaqvv0,/Users/brian/Desktop/VCL318/Swin-ViT/ViTUnet vs SwinUnet/Dataset/processed/Kvasir-SEG/images/cju0s690hkp960855tjuaqvv0.jpg,0.942149,0.970213,0.998201
cju0sr5ghl0nd08789uzf1raf,/Users/brian/Desktop/VCL318/Swin-ViT/ViTUnet vs SwinUnet/Dataset/processed/Kvasir-SEG/images/cju0sr5ghl0nd08789uzf1raf.jpg,0.955461,0.977224,0.998438
cju0sxqiclckk08551ycbwhno,/Users/brian/Desktop/VCL318/Swin-ViT/ViTUnet vs SwinUnet/Dataset/processed/Kvasir-SEG/images/cju0sxqiclckk08551ycbwhno.jpg,0.96147,0.980357,0.999116
cju0t4oil7vzk099370nun5h9,/Users/brian/Desktop/VCL318/Swin-ViT/ViTUnet vs SwinUnet/Dataset/processed/Kvasir-SEG/images/cju0t4oil7vzk099370nun5h9.jpg,0.972841,0.986233,0.998764
cju0tl3uz8blh0993wxvn7ly3,/Users/brian/Desktop/VCL318/Swin-ViT/ViTUnet vs SwinUnet/Dataset/processed/Kvasir-SEG/images/cju0tl3uz8blh0993wxvn7ly3.jpg,0.043134,0.082701,0.073133
cju0u2g7pmnux0801vkk47ivj,/Users/brian/Desktop/VCL318/Swin-ViT/ViTUnet vs SwinUnet/Dataset/processed/Kvasir-SEG/images/cju0u2g7pmnux0801vkk47ivj.jpg,0.980628,0.990219,0.999658
cju0u82z3cuma0835wlxrnrjv,/Users/brian/Desktop/VCL318/Swin-ViT/ViTUnet vs SwinUnet/Dataset/processed/Kvasir-SEG/images/cju0u82z3cuma0835wlxrnrjv.jpg,0.968217,0.983852,0.998821
cju0ue769mxii08019zqgdbxn,/Users/brian/Desktop/VCL318/Swin-ViT/ViTUnet vs SwinUnet/Dataset/processed/Kvasir-SEG/images/cju0ue769mxii08019zqgdbxn.jpg,0.9468,0.972673,0.99831
cju0vtox5ain6099360pu62rp,/Users/brian/Desktop/VCL318/Swin-ViT/ViTUnet vs SwinUnet/Dataset/processed/Kvasir-SEG/images/cju0vtox5ain6099360pu62rp.jpg,0.959653,0.979411,0.99851
cju13cgqmnhwn0988yrainhcp,/Users/brian/Desktop/VCL318/Swin-ViT/ViTUnet vs SwinUnet/Dataset/processed/Kvasir-SEG/images/cju13cgqmnhwn0988yrainhcp.jpg,0.927016,0.962126,0.997903
cju13fwthn9mq0835gacxgy01,/Users/brian/Desktop/VCL318/Swin-ViT/ViTUnet vs SwinUnet/Dataset/processed/Kvasir-SEG/images/cju13fwthn9mq0835gacxgy01.jpg,0.965474,0.982434,0.999271
cju13hp5rnbjx0835bf0jowgx,/Users/brian/Desktop/VCL318/Swin-ViT/ViTUnet vs SwinUnet/Dataset/processed/Kvasir-SEG/images/cju13hp5rnbjx0835bf0jowgx.jpg,0.97019,0.98487,0.999325
cju14g8o4xui30878gkgbrvqj,/Users/brian/Desktop/VCL318/Swin-ViT/ViTUnet vs SwinUnet/Dataset/processed/Kvasir-SEG/images/cju14g8o4xui30878gkgbrvqj.jpg,0.939015,0.968549,0.997514
cju14hjh2ob2o0835ouz3r5aa,/Users/brian/Desktop/VCL318/Swin-ViT/ViTUnet vs SwinUnet/Dataset/processed/Kvasir-SEG/images/cju14hjh2ob2o0835ouz3r5aa.jpg,0.966755,0.983096,0.999073
cju14pxbaoksp0835qzorx6g6,/Users/brian/Desktop/VCL318/Swin-ViT/ViTUnet vs SwinUnet/Dataset/processed/Kvasir-SEG/images/cju14pxbaoksp0835qzorx6g6.jpg,0.97392,0.986788,0.999709
cju15czxqp3lv0835jvhgzurz,/Users/brian/Desktop/VCL318/Swin-ViT/ViTUnet vs SwinUnet/Dataset/processed/Kvasir-SEG/images/cju15czxqp3lv0835jvhgzurz.jpg,0.973837,0.986745,0.99938
cju15jr8jz8sb0855ukmkswkz,/Users/brian/Desktop/VCL318/Swin-ViT/ViTUnet vs SwinUnet/Dataset/processed/Kvasir-SEG/images/cju15jr8jz8sb0855ukmkswkz.jpg,0.986869,0.993391,0.999849
cju15l5ubz9yh0855b3ivdpse,/Users/brian/Desktop/VCL318/Swin-ViT/ViTUnet vs SwinUnet/Dataset/processed/Kvasir-SEG/images/cju15l5ubz9yh0855b3ivdpse.jpg,0.941336,0.969782,0.997952
cju15mhjczc8z0801kit5c6di,/Users/brian/Desktop/VCL318/Swin-ViT/ViTUnet vs SwinUnet/Dataset/processed/Kvasir-SEG/images/cju15mhjczc8z0801kit5c6di.jpg,0.950207,0.974468,0.998277
cju15ptjtppz40988odsm9azx,/Users/brian/Desktop/VCL318/Swin-ViT/ViTUnet vs SwinUnet/Dataset/processed/Kvasir-SEG/images/cju15ptjtppz40988odsm9azx.jpg,0.946292,0.972405,0.997372
cju15wdt3zla10801odjiw7sy,/Users/brian/Desktop/VCL318/Swin-ViT/ViTUnet vs SwinUnet/Dataset/processed/Kvasir-SEG/images/cju15wdt3zla10801odjiw7sy.jpg,0.976054,0.987882,0.999564
cju160wshltz10993i1gmqxbe,/Users/brian/Desktop/VCL318/Swin-ViT/ViTUnet vs SwinUnet/Dataset/processed/Kvasir-SEG/images/cju160wshltz10993i1gmqxbe.jpg,0.922648,0.959768,0.99782
cju16ach3m1da0993r1dq3sn2,/Users/brian/Desktop/VCL318/Swin-ViT/ViTUnet vs SwinUnet/Dataset/processed/Kvasir-SEG/images/cju16ach3m1da0993r1dq3sn2.jpg,0.974202,0.986932,0.999515
cju16b6ynq8e40988m8vx0xnj,/Users/brian/Desktop/VCL318/Swin-ViT/ViTUnet vs SwinUnet/Dataset/processed/Kvasir-SEG/images/cju16b6ynq8e40988m8vx0xnj.jpg,0.919715,0.958179,0.995858
cju16d65tzw9d0799ouslsw25,/Users/brian/Desktop/VCL318/Swin-ViT/ViTUnet vs SwinUnet/Dataset/processed/Kvasir-SEG/images/cju16d65tzw9d0799ouslsw25.jpg,0.96106,0.980144,0.999109
cju16fpvhzypl0799p9phnlx6,/Users/brian/Desktop/VCL318/Swin-ViT/ViTUnet vs SwinUnet/Dataset/processed/Kvasir-SEG/images/cju16fpvhzypl0799p9phnlx6.jpg,0.957814,0.978452,0.998711
cju16jgnyzp970878melv7r25,/Users/brian/Desktop/VCL318/Swin-ViT/ViTUnet vs SwinUnet/Dataset/processed/Kvasir-SEG/images/cju16jgnyzp970878melv7r25.jpg,0.904777,0.950008,0.990896
cju16whaj0e7n0855q7b6cjkm,/Users/brian/Desktop/VCL318/Swin-ViT/ViTUnet vs SwinUnet/Dataset/processed/Kvasir-SEG/images/cju16whaj0e7n0855q7b6cjkm.jpg,0.946861,0.972705,0.997427
cju171py4qiha0835u8sl59ds,/Users/brian/Desktop/VCL318/Swin-ViT/ViTUnet vs SwinUnet/Dataset/processed/Kvasir-SEG/images/cju171py4qiha0835u8sl59ds.jpg,0.902184,0.948577,0.988627
cju175facms5f0993a5tjikvt,/Users/brian/Desktop/VCL318/Swin-ViT/ViTUnet vs SwinUnet/Dataset/processed/Kvasir-SEG/images/cju175facms5f0993a5tjikvt.jpg,0.966636,0.983035,0.999509
cju17bz250pgd0799u1hqkj5u,/Users/brian/Desktop/VCL318/Swin-ViT/ViTUnet vs SwinUnet/Dataset/processed/Kvasir-SEG/images/cju17bz250pgd0799u1hqkj5u.jpg,0.957289,0.978178,0.9988
cju17g6ykn1cs0993dww6qdi8,/Users/brian/Desktop/VCL318/Swin-ViT/ViTUnet vs SwinUnet/Dataset/processed/Kvasir-SEG/images/cju17g6ykn1cs0993dww6qdi8.jpg,0.971907,0.985754,0.999333
cju17hw9hr9c5098800fu4u8e,/Users/brian/Desktop/VCL318/Swin-ViT/ViTUnet vs SwinUnet/Dataset/processed/Kvasir-SEG/images/cju17hw9hr9c5098800fu4u8e.jpg,0.942993,0.97066,0.998504
cju17otoe119u0799nqcbl8n1,/Users/brian/Desktop/VCL318/Swin-ViT/ViTUnet vs SwinUnet/Dataset/processed/Kvasir-SEG/images/cju17otoe119u0799nqcbl8n1.jpg,0.907634,0.951581,0.992823
cju17r8il13910799dr2wme2e,/Users/brian/Desktop/VCL318/Swin-ViT/ViTUnet vs SwinUnet/Dataset/processed/Kvasir-SEG/images/cju17r8il13910799dr2wme2e.jpg,0.929985,0.963722,0.998373
cju17v6ih0u7808783zcbg1jy,/Users/brian/Desktop/VCL318/Swin-ViT/ViTUnet vs SwinUnet/Dataset/processed/Kvasir-SEG/images/cju17v6ih0u7808783zcbg1jy.jpg,0.965317,0.982353,0.999221
cju17x0j4nfc10993y31pvlgs,/Users/brian/Desktop/VCL318/Swin-ViT/ViTUnet vs SwinUnet/Dataset/processed/Kvasir-SEG/images/cju17x0j4nfc10993y31pvlgs.jpg,0.331159,0.49755,0.948914
cju17z0qongpa0993de4boim4,/Users/brian/Desktop/VCL318/Swin-ViT/ViTUnet vs SwinUnet/Dataset/processed/Kvasir-SEG/images/cju17z0qongpa0993de4boim4.jpg,0.956587,0.977812,0.999245
cju1819curo000988pd5xcqme,/Users/brian/Desktop/VCL318/Swin-ViT/ViTUnet vs SwinUnet/Dataset/processed/Kvasir-SEG/images/cju1819curo000988pd5xcqme.jpg,0.975824,0.987764,0.999416
cju183od81ff608017ekzif89,/Users/brian/Desktop/VCL318/Swin-ViT/ViTUnet vs SwinUnet/Dataset/processed/Kvasir-SEG/images/cju183od81ff608017ekzif89.jpg,0.962295,0.980785,0.999025
cju1871y11d6r0799k6cw4yze,/Users/brian/Desktop/VCL318/Swin-ViT/ViTUnet vs SwinUnet/Dataset/processed/Kvasir-SEG/images/cju1871y11d6r0799k6cw4yze.jpg,0.972608,0.986114,0.999467
cju18849rrsgr0988p90hkygb,/Users/brian/Desktop/VCL318/Swin-ViT/ViTUnet vs SwinUnet/Dataset/processed/Kvasir-SEG/images/cju18849rrsgr0988p90hkygb.jpg,0.974363,0.987015,0.999746
cju18gzrq18zw0878wbf4ftw6,/Users/brian/Desktop/VCL318/Swin-ViT/ViTUnet vs SwinUnet/Dataset/processed/Kvasir-SEG/images/cju18gzrq18zw0878wbf4ftw6.jpg,0.944223,0.971311,0.998211
cju18ibp219ub08783i6o98g7,/Users/brian/Desktop/VCL318/Swin-ViT/ViTUnet vs SwinUnet/Dataset/processed/Kvasir-SEG/images/cju18ibp219ub08783i6o98g7.jpg,0.857834,0.923477,0.97717
cju18kevfrojc0835bn90f1in,/Users/brian/Desktop/VCL318/Swin-ViT/ViTUnet vs SwinUnet/Dataset/processed/Kvasir-SEG/images/cju18kevfrojc0835bn90f1in.jpg,0.965379,0.982385,0.9993
cju1alwgo30z60855fm3y23sm,/Users/brian/Desktop/VCL318/Swin-ViT/ViTUnet vs SwinUnet/Dataset/processed/Kvasir-SEG/images/cju1alwgo30z60855fm3y23sm.jpg,0.97133,0.985457,0.999364
cju1amqw6p8pw0993d9gc5crl,/Users/brian/Desktop/VCL318/Swin-ViT/ViTUnet vs SwinUnet/Dataset/processed/Kvasir-SEG/images/cju1amqw6p8pw0993d9gc5crl.jpg,0.879145,0.935686,0.990108
cju1aqqv02qwz0878a5cyhr67,/Users/brian/Desktop/VCL318/Swin-ViT/ViTUnet vs SwinUnet/Dataset/processed/Kvasir-SEG/images/cju1aqqv02qwz0878a5cyhr67.jpg,0.952689,0.975771,0.998824
cju1ats0y372e08011yazcsxm,/Users/brian/Desktop/VCL318/Swin-ViT/ViTUnet vs SwinUnet/Dataset/processed/Kvasir-SEG/images/cju1ats0y372e08011yazcsxm.jpg,0.977817,0.988784,0.999691
cju1b0y2e396p08558ois175d,/Users/brian/Desktop/VCL318/Swin-ViT/ViTUnet vs SwinUnet/Dataset/processed/Kvasir-SEG/images/cju1b0y2e396p08558ois175d.jpg,0.941479,0.969858,0.997234
cju1b3zgj3d8e0801kpolea6c,/Users/brian/Desktop/VCL318/Swin-ViT/ViTUnet vs SwinUnet/Dataset/processed/Kvasir-SEG/images/cju1b3zgj3d8e0801kpolea6c.jpg,0.96041,0.979805,0.99891
cju1b75x63ddl0799sdp0i2j3,/Users/brian/Desktop/VCL318/Swin-ViT/ViTUnet vs SwinUnet/Dataset/processed/Kvasir-SEG/images/cju1b75x63ddl0799sdp0i2j3.jpg,0.89657,0.945465,0.995201
cju1bhnfitmge0835ynls0l6b,/Users/brian/Desktop/VCL318/Swin-ViT/ViTUnet vs SwinUnet/Dataset/processed/Kvasir-SEG/images/cju1bhnfitmge0835ynls0l6b.jpg,0.954066,0.976493,0.998599
cju1bm8063nmh07996rsjjemq,/Users/brian/Desktop/VCL318/Swin-ViT/ViTUnet vs SwinUnet/Dataset/processed/Kvasir-SEG/images/cju1bm8063nmh07996rsjjemq.jpg,0.969542,0.984535,0.999329
cju1brhsj3rls0855a1vgdlen,/Users/brian/Desktop/VCL318/Swin-ViT/ViTUnet vs SwinUnet/Dataset/processed/Kvasir-SEG/images/cju1brhsj3rls0855a1vgdlen.jpg,0.948226,0.973425,0.99792
cju1c0qb4tzi308355wtsnp0y,/Users/brian/Desktop/VCL318/Swin-ViT/ViTUnet vs SwinUnet/Dataset/processed/Kvasir-SEG/images/cju1c0qb4tzi308355wtsnp0y.jpg,0.978743,0.989257,0.999648
cju1c3218411b08014g9f6gig,/Users/brian/Desktop/VCL318/Swin-ViT/ViTUnet vs SwinUnet/Dataset/processed/Kvasir-SEG/images/cju1c3218411b08014g9f6gig.jpg,0.964774,0.982071,0.999323
cju1c4fcu40hl07992b8gj0c8,/Users/brian/Desktop/VCL318/Swin-ViT/ViTUnet vs SwinUnet/Dataset/processed/Kvasir-SEG/images/cju1c4fcu40hl07992b8gj0c8.jpg,0.945576,0.972027,0.997822
cju1c6yfz42md08550zgoz3pw,/Users/brian/Desktop/VCL318/Swin-ViT/ViTUnet vs SwinUnet/Dataset/processed/Kvasir-SEG/images/cju1c6yfz42md08550zgoz3pw.jpg,0.985853,0.992876,0.999864
cju1c8ffau5770835g0g343o8,/Users/brian/Desktop/VCL318/Swin-ViT/ViTUnet vs SwinUnet/Dataset/processed/Kvasir-SEG/images/cju1c8ffau5770835g0g343o8.jpg,0.925808,0.961475,0.996602
cju1cbokpuiw70988j4lq1fpi,/Users/brian/Desktop/VCL318/Swin-ViT/ViTUnet vs SwinUnet/Dataset/processed/Kvasir-SEG/images/cju1cbokpuiw70988j4lq1fpi.jpg,0.937248,0.967608,0.997845
cju1cdxvz48hw0801i0fjwcnk,/Users/brian/Desktop/VCL318/Swin-ViT/ViTUnet vs SwinUnet/Dataset/processed/Kvasir-SEG/images/cju1cdxvz48hw0801i0fjwcnk.jpg,0.949537,0.974115,0.998457
cju1cfhyg48bb0799cl5pr2jh,/Users/brian/Desktop/VCL318/Swin-ViT/ViTUnet vs SwinUnet/Dataset/processed/Kvasir-SEG/images/cju1cfhyg48bb0799cl5pr2jh.jpg,0.974167,0.986914,0.999609
cju1cj3f0qi5n0993ut8f49rj,/Users/brian/Desktop/VCL318/Swin-ViT/ViTUnet vs SwinUnet/Dataset/processed/Kvasir-SEG/images/cju1cj3f0qi5n0993ut8f49rj.jpg,0.946503,0.972516,0.994839
cju1cnnziug1l0835yh4ropyg,/Users/brian/Desktop/VCL318/Swin-ViT/ViTUnet vs SwinUnet/Dataset/processed/Kvasir-SEG/images/cju1cnnziug1l0835yh4ropyg.jpg,0.953878,0.976395,0.998742
cju1cqc7n4gpy0855jt246k68,/Users/brian/Desktop/VCL318/Swin-ViT/ViTUnet vs SwinUnet/Dataset/processed/Kvasir-SEG/images/cju1cqc7n4gpy0855jt246k68.jpg,0.942478,0.970387,0.99836
cju1csmlc4ht10799b8ymmghg,/Users/brian/Desktop/VCL318/Swin-ViT/ViTUnet vs SwinUnet/Dataset/processed/Kvasir-SEG/images/cju1csmlc4ht10799b8ymmghg.jpg,0.974831,0.987255,0.999466
cju1cu1u2474n0878tt7v4tdr,/Users/brian/Desktop/VCL318/Swin-ViT/ViTUnet vs SwinUnet/Dataset/processed/Kvasir-SEG/images/cju1cu1u2474n0878tt7v4tdr.jpg,0.88764,0.940476,0.994799
cju1cvkfwqrec0993wbp1jlzm,/Users/brian/Desktop/VCL318/Swin-ViT/ViTUnet vs SwinUnet/Dataset/processed/Kvasir-SEG/images/cju1cvkfwqrec0993wbp1jlzm.jpg,0.961169,0.9802,0.999342
cju1cyjb5qtie0993njqne9m3,/Users/brian/Desktop/VCL318/Swin-ViT/ViTUnet vs SwinUnet/Dataset/processed/Kvasir-SEG/images/cju1cyjb5qtie0993njqne9m3.jpg,0.980313,0.990059,0.999636
cju1d31sp4d4k0878r3fr02ul,/Users/brian/Desktop/VCL318/Swin-ViT/ViTUnet vs SwinUnet/Dataset/processed/Kvasir-SEG/images/cju1d31sp4d4k0878r3fr02ul.jpg,0.958065,0.978584,0.992103
cju1d50a94qf50855wsowacrc,/Users/brian/Desktop/VCL318/Swin-ViT/ViTUnet vs SwinUnet/Dataset/processed/Kvasir-SEG/images/cju1d50a94qf50855wsowacrc.jpg,0.964546,0.981953,0.999437
cju1d96gsv62d09881b3wecw2,/Users/brian/Desktop/VCL318/Swin-ViT/ViTUnet vs SwinUnet/Dataset/processed/Kvasir-SEG/images/cju1d96gsv62d09881b3wecw2.jpg,0.964368,0.981861,0.999029
cju1ddr6p4k5z08780uuuzit2,/Users/brian/Desktop/VCL318/Swin-ViT/ViTUnet vs SwinUnet/Dataset/processed/Kvasir-SEG/images/cju1ddr6p4k5z08780uuuzit2.jpg,0.915893,0.956101,0.993872
cju1dfeupuzlw0835gnxip369,/Users/brian/Desktop/VCL318/Swin-ViT/ViTUnet vs SwinUnet/Dataset/processed/Kvasir-SEG/images/cju1dfeupuzlw0835gnxip369.jpg,0.964645,0.982004,0.999148
cju1dg44i4z3w0801nyz4p6zf,/Users/brian/Desktop/VCL318/Swin-ViT/ViTUnet vs SwinUnet/Dataset/processed/Kvasir-SEG/images/cju1dg44i4z3w0801nyz4p6zf.jpg,0.596995,0.747648,0.957048
cju1dhfok4mhe0878jlgrag0h,/Users/brian/Desktop/VCL318/Swin-ViT/ViTUnet vs SwinUnet/Dataset/processed/Kvasir-SEG/images/cju1dhfok4mhe0878jlgrag0h.jpg,0.967156,0.983304,0.999326
cju1dia8hvc6v098827mgffnm,/Users/brian/Desktop/VCL318/Swin-ViT/ViTUnet vs SwinUnet/Dataset/processed/Kvasir-SEG/images/cju1dia8hvc6v098827mgffnm.jpg,0.96396,0.981649,0.999005
cju1djtprvd7b0988thwwrg09,/Users/brian/Desktop/VCL318/Swin-ViT/ViTUnet vs SwinUnet/Dataset/processed/Kvasir-SEG/images/cju1djtprvd7b0988thwwrg09.jpg,0.962111,0.98069,0.998246
cju1dnz61vfp40988e78bkjga,/Users/brian/Desktop/VCL318/Swin-ViT/ViTUnet vs SwinUnet/Dataset/processed/Kvasir-SEG/images/cju1dnz61vfp40988e78bkjga.jpg,0.938602,0.968329,0.997383
cju1dq3x1vgx109889c7wyirg,/Users/brian/Desktop/VCL318/Swin-ViT/ViTUnet vs SwinUnet/Dataset/processed/Kvasir-SEG/images/cju1dq3x1vgx109889c7wyirg.jpg,0.970302,0.984927,0.999202
cju1drnhbrb9409935wi7vkhg,/Users/brian/Desktop/VCL318/Swin-ViT/ViTUnet vs SwinUnet/Dataset/processed/Kvasir-SEG/images/cju1drnhbrb9409935wi7vkhg.jpg,0.068009,0.127356,0.455279
cju1efbr0rqxz09931z0lf4vf,/Users/brian/Desktop/VCL318/Swin-ViT/ViTUnet vs SwinUnet/Dataset/processed/Kvasir-SEG/images/cju1efbr0rqxz09931z0lf4vf.jpg,0.931455,0.964511,0.994782
cju1egh885m1l0855ci1lt37c,/Users/brian/Desktop/VCL318/Swin-ViT/ViTUnet vs SwinUnet/Dataset/processed/Kvasir-SEG/images/cju1egh885m1l0855ci1lt37c.jpg,0.948342,0.973486,0.997571
cju1egx9pvz2n0988eoy8jp23,/Users/brian/Desktop/VCL318/Swin-ViT/ViTUnet vs SwinUnet/Dataset/processed/Kvasir-SEG/images/cju1egx9pvz2n0988eoy8jp23.jpg,0.941317,0.969772,0.998826
cju1ejj7dvqfa0835ra184v5m,/Users/brian/Desktop/VCL318/Swin-ViT/ViTUnet vs SwinUnet/Dataset/processed/Kvasir-SEG/images/cju1ejj7dvqfa0835ra184v5m.jpg,0.970657,0.98511,0.999289
cju1erep75us208553i4ofwwe,/Users/brian/Desktop/VCL318/Swin-ViT/ViTUnet vs SwinUnet/Dataset/processed/Kvasir-SEG/images/cju1erep75us208553i4ofwwe.jpg,0.976916,0.988323,0.999649
cju1euant5l960878iqj5vvto,/Users/brian/Desktop/VCL318/Swin-ViT/ViTUnet vs SwinUnet/Dataset/processed/Kvasir-SEG/images/cju1euant5l960878iqj5vvto.jpg,0.918981,0.95778,0.99402
cju1euuc65wm00799m4sjdnnn,/Users/brian/Desktop/VCL318/Swin-ViT/ViTUnet vs SwinUnet/Dataset/processed/Kvasir-SEG/images/cju1euuc65wm00799m4sjdnnn.jpg,0.963496,0.981409,0.999214
cju1ewnoh5z030855vpex9uzt,/Users/brian/Desktop/VCL318/Swin-ViT/ViTUnet vs SwinUnet/Dataset/processed/Kvasir-SEG/images/cju1ewnoh5z030855vpex9uzt.jpg,0.964926,0.98215,0.999153
cju1expq45zst0855rjqwwj4m,/Users/brian/Desktop/VCL318/Swin-ViT/ViTUnet vs SwinUnet/Dataset/processed/Kvasir-SEG/images/cju1expq45zst0855rjqwwj4m.jpg,0.974083,0.986872,0.999014
cju1f15k3w4ct0835cmde6ypo,/Users/brian/Desktop/VCL318/Swin-ViT/ViTUnet vs SwinUnet/Dataset/processed/Kvasir-SEG/images/cju1f15k3w4ct0835cmde6ypo.jpg,0.959557,0.979361,0.998943
cju1f320ewfyu0988ndz6blh5,/Users/brian/Desktop/VCL318/Swin-ViT/ViTUnet vs SwinUnet/Dataset/processed/Kvasir-SEG/images/cju1f320ewfyu0988ndz6blh5.jpg,0.97192,0.98576,0.999318
cju1f5x1164xv08555654c24r,/Users/brian/Desktop/VCL318/Swin-ViT/ViTUnet vs SwinUnet/Dataset/processed/Kvasir-SEG/images/cju1f5x1164xv08555654c24r.jpg,0.974195,0.986929,0.999622
cju1f79yhsb5w0993txub59ol,/Users/brian/Desktop/VCL318/Swin-ViT/ViTUnet vs SwinUnet/Dataset/processed/Kvasir-SEG/images/cju1f79yhsb5w0993txub59ol.jpg,0.872549,0.931937,0.997475
cju1f8w0t65en0799m9oacq0q,/Users/brian/Desktop/VCL318/Swin-ViT/ViTUnet vs SwinUnet/Dataset/processed/Kvasir-SEG/images/cju1f8w0t65en0799m9oacq0q.jpg,0.947007,0.972783,0.996839
cju1fb9236a110801yvg0fwju,/Users/brian/Desktop/VCL318/Swin-ViT/ViTUnet vs SwinUnet/Dataset/processed/Kvasir-SEG/images/cju1fb9236a110801yvg0fwju.jpg,0.771724,0.871156,0.948925
cju1ffnjn6ctm08015perkg37,/Users/brian/Desktop/VCL318/Swin-ViT/ViTUnet vs SwinUnet/Dataset/processed/Kvasir-SEG/images/cju1ffnjn6ctm08015perkg37.jpg,0.968054,0.983768,0.999245
cju1fj6axwfp30835ukhuzhw9,/Users/brian/Desktop/VCL318/Swin-ViT/ViTUnet vs SwinUnet/Dataset/processed/Kvasir-SEG/images/cju1fj6axwfp30835ukhuzhw9.jpg,0.976699,0.988212,0.99956
cju1fjsb4sipq09931lvd8e41,/Users/brian/Desktop/VCL318/Swin-ViT/ViTUnet vs SwinUnet/Dataset/processed/Kvasir-SEG/images/cju1fjsb4sipq09931lvd8e41.jpg,0.920033,0.958351,0.994029
cju1fm3id6gl50801r3fok20c,/Users/brian/Desktop/VCL318/Swin-ViT/ViTUnet vs SwinUnet/Dataset/processed/Kvasir-SEG/images/cju1fm3id6gl50801r3fok20c.jpg,0.709539,0.830094,0.947911
cju1fmsyf6gxb0801cimx2gle,/Users/brian/Desktop/VCL318/Swin-ViT/ViTUnet vs SwinUnet/Dataset/processed/Kvasir-SEG/images/cju1fmsyf6gxb0801cimx2gle.jpg,0.974409,0.987039,0.999479
cju1fr4etsmrr09933u4t4aql,/Users/brian/Desktop/VCL318/Swin-ViT/ViTUnet vs SwinUnet/Dataset/processed/Kvasir-SEG/images/cju1fr4etsmrr09933u4t4aql.jpg,0.978847,0.98931,0.999652
cju1ftaji6isw0855108yqcse,/Users/brian/Desktop/VCL318/Swin-ViT/ViTUnet vs SwinUnet/Dataset/processed/Kvasir-SEG/images/cju1ftaji6isw0855108yqcse.jpg,0.96583,0.982618,0.99898
cju1fuoa4wmc50835qfd11sp9,/Users/brian/Desktop/VCL318/Swin-ViT/ViTUnet vs SwinUnet/Dataset/processed/Kvasir-SEG/images/cju1fuoa4wmc50835qfd11sp9.jpg,0.9693,0.984411,0.999572
cju1fyb1d69et0878muzdak9u,/Users/brian/Desktop/VCL318/Swin-ViT/ViTUnet vs SwinUnet/Dataset/processed/Kvasir-SEG/images/cju1fyb1d69et0878muzdak9u.jpg,0.686449,0.814076,0.941361
cju1g20bdwq6u0835e16xugcd,/Users/brian/Desktop/VCL318/Swin-ViT/ViTUnet vs SwinUnet/Dataset/processed/Kvasir-SEG/images/cju1g20bdwq6u0835e16xugcd.jpg,0.978625,0.989197,0.999654
cju1g4nsb6ngy0799l4ezm8ab,/Users/brian/Desktop/VCL318/Swin-ViT/ViTUnet vs SwinUnet/Dataset/processed/Kvasir-SEG/images/cju1g4nsb6ngy0799l4ezm8ab.jpg,0.966296,0.982859,0.99923
cju1gghyjwxt80835vx0wgxw0,/Users/brian/Desktop/VCL318/Swin-ViT/ViTUnet vs SwinUnet/Dataset/processed/Kvasir-SEG/images/cju1gghyjwxt80835vx0wgxw0.jpg,0.875128,0.933406,0.988146
cju1gi7jlwyld0835cdf6g6qz,/Users/brian/Desktop/VCL318/Swin-ViT/ViTUnet vs SwinUnet/Dataset/processed/Kvasir-SEG/images/cju1gi7jlwyld0835cdf6g6qz.jpg,0.949326,0.974004,0.996955
cju1gkndf6yi10801o1qnje19,/Users/brian/Desktop/VCL318/Swin-ViT/ViTUnet vs SwinUnet/Dataset/processed/Kvasir-SEG/images/cju1gkndf6yi10801o1qnje19.jpg,0.961369,0.980304,0.99887
cju1gv7106qd008784gk603mg,/Users/brian/Desktop/VCL318/Swin-ViT/ViTUnet vs SwinUnet/Dataset/processed/Kvasir-SEG/images/cju1gv7106qd008784gk603mg.jpg,0.94943,0.974059,0.997674
cju1h5w4wxajx0835mc954kxy,/Users/brian/Desktop/VCL318/Swin-ViT/ViTUnet vs SwinUnet/Dataset/processed/Kvasir-SEG/images/cju1h5w4wxajx0835mc954kxy.jpg,0.963641,0.981484,0.998948
cju1h89h6xbnx08352k2790o9,/Users/brian/Desktop/VCL318/Swin-ViT/ViTUnet vs SwinUnet/Dataset/processed/Kvasir-SEG/images/cju1h89h6xbnx08352k2790o9.jpg,0.971562,0.985576,0.999444
cju1haab178i70799tk9z8y8x,/Users/brian/Desktop/VCL318/Swin-ViT/ViTUnet vs SwinUnet/Dataset/processed/Kvasir-SEG/images/cju1haab178i70799tk9z8y8x.jpg,0.970887,0.985228,0.999535
cju1hhj6mxfp90835n3wofrap,/Users/brian/Desktop/VCL318/Swin-ViT/ViTUnet vs SwinUnet/Dataset/processed/Kvasir-SEG/images/cju1hhj6mxfp90835n3wofrap.jpg,0.95143,0.975111,0.998375
cju1hirfi7ekp0855q0vgm9qq,/Users/brian/Desktop/VCL318/Swin-ViT/ViTUnet vs SwinUnet/Dataset/processed/Kvasir-SEG/images/cju1hirfi7ekp0855q0vgm9qq.jpg,0.828056,0.905942,0.953179
cju1hmff8tkp809931jps6fbr,/Users/brian/Desktop/VCL318/Swin-ViT/ViTUnet vs SwinUnet/Dataset/processed/Kvasir-SEG/images/cju1hmff8tkp809931jps6fbr.jpg,0.905633,0.95048,0.987505
cju1hp9i2xu8e0988u2dazk7m,/Users/brian/Desktop/VCL318/Swin-ViT/ViTUnet vs SwinUnet/Dataset/processed/Kvasir-SEG/images/cju1hp9i2xu8e0988u2dazk7m.jpg,0.967419,0.98344,0.999112
cju1hs0za7jha0855vj0mdrjt,/Users/brian/Desktop/VCL318/Swin-ViT/ViTUnet vs SwinUnet/Dataset/processed/Kvasir-SEG/images/cju1hs0za7jha0855vj0mdrjt.jpg,0.975296,0.987494,0.999598
cju1hyolc7aqu0878rrkfn1lr,/Users/brian/Desktop/VCL318/Swin-ViT/ViTUnet vs SwinUnet/Dataset/processed/Kvasir-SEG/images/cju1hyolc7aqu0878rrkfn1lr.jpg,0.97097,0.985271,0.99959
cju2hdr06v2bq0799mbm3bks1,/Users/brian/Desktop/VCL318/Swin-ViT/ViTUnet vs SwinUnet/Dataset/processed/Kvasir-SEG/images/cju2hdr06v2bq0799mbm3bks1.jpg,0.977184,0.988461,0.999817
cju2hewssldzx0835ep795xu0,/Users/brian/Desktop/VCL318/Swin-ViT/ViTUnet vs SwinUnet/Dataset/processed/Kvasir-SEG/images/cju2hewssldzx0835ep795xu0.jpg,0.955224,0.977099,0.998996
cju2hfqnmhisa0993gpleeldd,/Users/brian/Desktop/VCL318/Swin-ViT/ViTUnet vs SwinUnet/Dataset/processed/Kvasir-SEG/images/cju2hfqnmhisa0993gpleeldd.jpg,0.878876,0.935534,0.990055
cju2hgsptlfam0835o3b59h1o,/Users/brian/Desktop/VCL318/Swin-ViT/ViTUnet vs SwinUnet/Dataset/processed/Kvasir-SEG/images/cju2hgsptlfam0835o3b59h1o.jpg,0.930038,0.963751,0.997492
cju2hjrqcvi2j0801bx1i6gxg,/Users/brian/Desktop/VCL318/Swin-ViT/ViTUnet vs SwinUnet/Dataset/processed/Kvasir-SEG/images/cju2hjrqcvi2j0801bx1i6gxg.jpg,0.859202,0.92427,0.993758
cju2hlm19vjjf0801o69qnber,/Users/brian/Desktop/VCL318/Swin-ViT/ViTUnet vs SwinUnet/Dataset/processed/Kvasir-SEG/images/cju2hlm19vjjf0801o69qnber.jpg,0.972153,0.98588,0.999416
cju2hos57llxm08359g92p6jj,/Users/brian/Desktop/VCL318/Swin-ViT/ViTUnet vs SwinUnet/Dataset/processed/Kvasir-SEG/images/cju2hos57llxm08359g92p6jj.jpg,0.975026,0.987355,0.999505
cju2hqt33lmra0988fr5ijv8j,/Users/brian/Desktop/VCL318/Swin-ViT/ViTUnet vs SwinUnet/Dataset/processed/Kvasir-SEG/images/cju2hqt33lmra0988fr5ijv8j.jpg,0.976412,0.988065,0.999612
cju2htabevq9108015qjei0x7,/Users/brian/Desktop/VCL318/Swin-ViT/ViTUnet vs SwinUnet/Dataset/processed/Kvasir-SEG/images/cju2htabevq9108015qjei0x7.jpg,0.978684,0.989227,0.999675
cju2hugv9vget0799hhk7ksvg,/Users/brian/Desktop/VCL318/Swin-ViT/ViTUnet vs SwinUnet/Dataset/processed/Kvasir-SEG/images/cju2hugv9vget0799hhk7ksvg.jpg,0.93772,0.967859,0.997703
cju2hw5gjlr5h0988so2qqres,/Users/brian/Desktop/VCL318/Swin-ViT/ViTUnet vs SwinUnet/Dataset/processed/Kvasir-SEG/images/cju2hw5gjlr5h0988so2qqres.jpg,0.912348,0.954165,0.995669
cju2hx006vidl0799igm81vmh,/Users/brian/Desktop/VCL318/Swin-ViT/ViTUnet vs SwinUnet/Dataset/processed/Kvasir-SEG/images/cju2hx006vidl0799igm81vmh.jpg,0.952096,0.97546,0.999383
cju2i03ptvkiu0799xbbd4det,/Users/brian/Desktop/VCL318/Swin-ViT/ViTUnet vs SwinUnet/Dataset/processed/Kvasir-SEG/images/cju2i03ptvkiu0799xbbd4det.jpg,0.958025,0.978563,0.999215
cju2i3hzclw3o0988rrgh911i,/Users/brian/Desktop/VCL318/Swin-ViT/ViTUnet vs SwinUnet/Dataset/processed/Kvasir-SEG/images/cju2i3hzclw3o0988rrgh911i.jpg,0.986589,0.993249,0.999867
cju2i6acqvo6l0799u20fift8,/Users/brian/Desktop/VCL318/Swin-ViT/ViTUnet vs SwinUnet/Dataset/processed/Kvasir-SEG/images/cju2i6acqvo6l0799u20fift8.jpg,0.973403,0.986523,0.999382
cju2i8br1vqtd08784u6vmcjk,/Users/brian/Desktop/VCL318/Swin-ViT/ViTUnet vs SwinUnet/Dataset/processed/Kvasir-SEG/images/cju2i8br1vqtd08784u6vmcjk.jpg,0.981344,0.990584,0.999717
cju2iatlki5u309930zmgkv6h,/Users/brian/Desktop/VCL318/Swin-ViT/ViTUnet vs SwinUnet/Dataset/processed/Kvasir-SEG/images/cju2iatlki5u309930zmgkv6h.jpg,0.974647,0.987161,0.999431
cju2igw4gvxds0878808qj398,/Users/brian/Desktop/VCL318/Swin-ViT/ViTUnet vs SwinUnet/Dataset/processed/Kvasir-SEG/images/cju2igw4gvxds0878808qj398.jpg,0.978043,0.9889,0.999591
cju2ij9uiic2l09933ljiv6gm,/Users/brian/Desktop/VCL318/Swin-ViT/ViTUnet vs SwinUnet/Dataset/processed/Kvasir-SEG/images/cju2ij9uiic2l09933ljiv6gm.jpg,0.907855,0.951702,0.994879
cju2lberzkdzm09938cl40pog,/Users/brian/Desktop/VCL318/Swin-ViT/ViTUnet vs SwinUnet/Dataset/processed/Kvasir-SEG/images/cju2lberzkdzm09938cl40pog.jpg,0.972852,0.986239,0.999408
cju2lcyfgkf5809932fn9gucn,/Users/brian/Desktop/VCL318/Swin-ViT/ViTUnet vs SwinUnet/Dataset/processed/Kvasir-SEG/images/cju2lcyfgkf5809932fn9gucn.jpg,0.953614,0.976257,0.998754
cju2lejzcy4pc0878c9rlonot,/Users/brian/Desktop/VCL318/Swin-ViT/ViTUnet vs SwinUnet/Dataset/processed/Kvasir-SEG/images/cju2lejzcy4pc0878c9rlonot.jpg,0.981319,0.990572,0.999747
cju2lyynuymli0855g7fxgbhe,/Users/brian/Desktop/VCL318/Swin-ViT/ViTUnet vs SwinUnet/Dataset/processed/Kvasir-SEG/images/cju2lyynuymli0855g7fxgbhe.jpg,0.930012,0.963737,0.99718
cju2lz8vqktne0993fuym6drw,/Users/brian/Desktop/VCL318/Swin-ViT/ViTUnet vs SwinUnet/Dataset/processed/Kvasir-SEG/images/cju2lz8vqktne0993fuym6drw.jpg,0.95931,0.979232,0.998718
cju2m56cryvqd0801gtn2yp8t,/Users/brian/Desktop/VCL318/Swin-ViT/ViTUnet vs SwinUnet/Dataset/processed/Kvasir-SEG/images/cju2m56cryvqd0801gtn2yp8t.jpg,0.96582,0.982613,0.999268
cju2m71z2ywwv080131bcrsd3,/Users/brian/Desktop/VCL318/Swin-ViT/ViTUnet vs SwinUnet/Dataset/processed/Kvasir-SEG/images/cju2m71z2ywwv080131bcrsd3.jpg,0.960096,0.979642,0.998054
cju2ma647l0nj0993ot4deq2q,/Users/brian/Desktop/VCL318/Swin-ViT/ViTUnet vs SwinUnet/Dataset/processed/Kvasir-SEG/images/cju2ma647l0nj0993ot4deq2q.jpg,0.952098,0.975461,0.998855
cju2mfjndoz700988b9lc3zeq,/Users/brian/Desktop/VCL318/Swin-ViT/ViTUnet vs SwinUnet/Dataset/processed/Kvasir-SEG/images/cju2mfjndoz700988b9lc3zeq.jpg,0.960186,0.979689,0.998842
cju2mh8t6p07008350e01tx2a,/Users/brian/Desktop/VCL318/Swin-ViT/ViTUnet vs SwinUnet/Dataset/processed/Kvasir-SEG/images/cju2mh8t6p07008350e01tx2a.jpg,0.96731,0.983383,0.999316
cju2nbdpmlmcj0993s1cht0dz,/Users/brian/Desktop/VCL318/Swin-ViT/ViTUnet vs SwinUnet/Dataset/processed/Kvasir-SEG/images/cju2nbdpmlmcj0993s1cht0dz.jpg,0.97041,0.984983,0.999333
cju2nd7l7z98o0799gfjvyfmw,/Users/brian/Desktop/VCL318/Swin-ViT/ViTUnet vs SwinUnet/Dataset/processed/Kvasir-SEG/images/cju2nd7l7z98o0799gfjvyfmw.jpg,0.974254,0.986959,0.999681
cju2nfnvxzdkd0878399axlco,/Users/brian/Desktop/VCL318/Swin-ViT/ViTUnet vs SwinUnet/Dataset/processed/Kvasir-SEG/images/cju2nfnvxzdkd0878399axlco.jpg,0.964018,0.98168,0.999236
cju2nguelpmlj0835rojdn097,/Users/brian/Desktop/VCL318/Swin-ViT/ViTUnet vs SwinUnet/Dataset/processed/Kvasir-SEG/images/cju2nguelpmlj0835rojdn097.jpg,0.961861,0.98056,0.999007
cju2nnqrqzp580855z8mhzgd6,/Users/brian/Desktop/VCL318/Swin-ViT/ViTUnet vs SwinUnet/Dataset/processed/Kvasir-SEG/images/cju2nnqrqzp580855z8mhzgd6.jpg,0.981787,0.99081,0.999782
cju2np2k9zi3v079992ypxqkn,/Users/brian/Desktop/VCL318/Swin-ViT/ViTUnet vs SwinUnet/Dataset/processed/Kvasir-SEG/images/cju2np2k9zi3v079992ypxqkn.jpg,0.967887,0.983682,0.999117
cju2nqapmzvk20801f9us40dx,/Users/brian/Desktop/VCL318/Swin-ViT/ViTUnet vs SwinUnet/Dataset/processed/Kvasir-SEG/images/cju2nqapmzvk20801f9us40dx.jpg,0.948593,0.973618,0.998736
cju2nsmwjlzyl0993jl80chvz,/Users/brian/Desktop/VCL318/Swin-ViT/ViTUnet vs SwinUnet/Dataset/processed/Kvasir-SEG/images/cju2nsmwjlzyl0993jl80chvz.jpg,0.949703,0.974203,0.99868
cju2ntxtdzlvu0799xl3j9pan,/Users/brian/Desktop/VCL318/Swin-ViT/ViTUnet vs SwinUnet/Dataset/processed/Kvasir-SEG/images/cju2ntxtdzlvu0799xl3j9pan.jpg,0.915289,0.955771,0.997354
cju2nyc5f02m40801ojqbtiea,/Users/brian/Desktop/VCL318/Swin-ViT/ViTUnet vs SwinUnet/Dataset/processed/Kvasir-SEG/images/cju2nyc5f02m40801ojqbtiea.jpg,0.976744,0.988235,0.999628
cju2oi8sq0i2y0801mektzvw8,/Users/brian/Desktop/VCL318/Swin-ViT/ViTUnet vs SwinUnet/Dataset/processed/Kvasir-SEG/images/cju2oi8sq0i2y0801mektzvw8.jpg,0.981705,0.990768,0.999761
cju2okvco06xc0799kxe5n1qh,/Users/brian/Desktop/VCL318/Swin-ViT/ViTUnet vs SwinUnet/Dataset/processed/Kvasir-SEG/images/cju2okvco06xc0799kxe5n1qh.jpg,0.969936,0.984739,0.9993
cju2omjpeqj5a0988pjdlb8l1,/Users/brian/Desktop/VCL318/Swin-ViT/ViTUnet vs SwinUnet/Dataset/processed/Kvasir-SEG/images/cju2omjpeqj5a0988pjdlb8l1.jpg,0.982029,0.990933,0.999789
cju2oo0wh0bqy0878biujeyhe,/Users/brian/Desktop/VCL318/Swin-ViT/ViTUnet vs SwinUnet/Dataset/processed/Kvasir-SEG/images/cju2oo0wh0bqy0878biujeyhe.jpg,0.97271,0.986166,0.999423
cju2oq5570avm079959o20op1,/Users/brian/Desktop/VCL318/Swin-ViT/ViTUnet vs SwinUnet/Dataset/processed/Kvasir-SEG/images/cju2oq5570avm079959o20op1.jpg,0.895005,0.944594,0.993702
cju2osuru0ki00855txo0n3uu,/Users/brian/Desktop/VCL318/Swin-ViT/ViTUnet vs SwinUnet/Dataset/processed/Kvasir-SEG/images/cju2osuru0ki00855txo0n3uu.jpg,0.972444,0.986029,0.999478
cju2otvvv0l7z0855x7we8cb0,/Users/brian/Desktop/VCL318/Swin-ViT/ViTUnet vs SwinUnet/Dataset/processed/Kvasir-SEG/images/cju2otvvv0l7z0855x7we8cb0.jpg,0.951731,0.975269,0.998585
cju2ouil2mssu0993hvxsed6d,/Users/brian/Desktop/VCL318/Swin-ViT/ViTUnet vs SwinUnet/Dataset/processed/Kvasir-SEG/images/cju2ouil2mssu0993hvxsed6d.jpg,0.934959,0.966387,0.998
cju2p0eveqtdc0835gpi3p93i,/Users/brian/Desktop/VCL318/Swin-ViT/ViTUnet vs SwinUnet/Dataset/processed/Kvasir-SEG/images/cju2p0eveqtdc0835gpi3p93i.jpg,0.967434,0.983447,0.998931
cju2p4ddkmzxj0993p94o62av,/Users/brian/Desktop/VCL318/Swin-ViT/ViTUnet vs SwinUnet/Dataset/processed/Kvasir-SEG/images/cju2p4ddkmzxj0993p94o62av.jpg,0.969669,0.984601,0.999318
cju2p91qir00k08350ddfif0w,/Users/brian/Desktop/VCL318/Swin-ViT/ViTUnet vs SwinUnet/Dataset/processed/Kvasir-SEG/images/cju2p91qir00k08350ddfif0w.jpg,0.96957,0.98455,0.999303
cju2pag1f0s4r0878h52uq83s,/Users/brian/Desktop/VCL318/Swin-ViT/ViTUnet vs SwinUnet/Dataset/processed/Kvasir-SEG/images/cju2pag1f0s4r0878h52uq83s.jpg,0.85418,0.921356,0.98493
cju2phaksnahz0993yxogjcpv,/Users/brian/Desktop/VCL318/Swin-ViT/ViTUnet vs SwinUnet/Dataset/processed/Kvasir-SEG/images/cju2phaksnahz0993yxogjcpv.jpg,0.965041,0.982209,0.999205
cju2pjb9v0ywn0878j5g5n69j,/Users/brian/Desktop/VCL318/Swin-ViT/ViTUnet vs SwinUnet/Dataset/processed/Kvasir-SEG/images/cju2pjb9v0ywn0878j5g5n69j.jpg,0.953543,0.976219,0.99801
cju2pkwt3r8b90988v2ywq1px,/Users/brian/Desktop/VCL318/Swin-ViT/ViTUnet vs SwinUnet/Dataset/processed/Kvasir-SEG/images/cju2pkwt3r8b90988v2ywq1px.jpg,0.955224,0.977099,0.998144
cju2pmhtr17a00855cvpelzb0,/Users/brian/Desktop/VCL318/Swin-ViT/ViTUnet vs SwinUnet/Dataset/processed/Kvasir-SEG/images/cju2pmhtr17a00855cvpelzb0.jpg,0.970942,0.985257,0.999637
cju2qdj95ru8g09886gfi9rsz,/Users/brian/Desktop/VCL318/Swin-ViT/ViTUnet vs SwinUnet/Dataset/processed/Kvasir-SEG/images/cju2qdj95ru8g09886gfi9rsz.jpg,0.969991,0.984767,0.999403
cju2qfie4rvz508357kad9z5o,/Users/brian/Desktop/VCL318/Swin-ViT/ViTUnet vs SwinUnet/Dataset/processed/Kvasir-SEG/images/cju2qfie4rvz508357kad9z5o.jpg,0.966698,0.983067,0.999358
cju2qh5le1ock0878oahaql7d,/Users/brian/Desktop/VCL318/Swin-ViT/ViTUnet vs SwinUnet/Dataset/processed/Kvasir-SEG/images/cju2qh5le1ock0878oahaql7d.jpg,0.970985,0.985279,0.999508
cju2qn2fzs1vy0988l243cvzy,/Users/brian/Desktop/VCL318/Swin-ViT/ViTUnet vs SwinUnet/Dataset/processed/Kvasir-SEG/images/cju2qn2fzs1vy0988l243cvzy.jpg,0.975857,0.987781,0.999541
cju2qozsk20cq0855ugrg3cri,/Users/brian/Desktop/VCL318/Swin-ViT/ViTUnet vs SwinUnet/Dataset/processed/Kvasir-SEG/images/cju2qozsk20cq0855ugrg3cri.jpg,0.971985,0.985794,0.999445
cju2qqn5ys4uo0988ewrt2ip2,/Users/brian/Desktop/VCL318/Swin-ViT/ViTUnet vs SwinUnet/Dataset/processed/Kvasir-SEG/images/cju2qqn5ys4uo0988ewrt2ip2.jpg,0.921572,0.959185,0.995561
cju2qs32r1vys07999conmbvx,/Users/brian/Desktop/VCL318/Swin-ViT/ViTUnet vs SwinUnet/Dataset/processed/Kvasir-SEG/images/cju2qs32r1vys07999conmbvx.jpg,0.882619,0.93765,0.987539
cju2qtee81yd708787bsjr75d,/Users/brian/Desktop/VCL318/Swin-ViT/ViTUnet vs SwinUnet/Dataset/processed/Kvasir-SEG/images/cju2qtee81yd708787bsjr75d.jpg,0.770755,0.870539,0.932348
cju2qu37qobl50993aw7ghcfq,/Users/brian/Desktop/VCL318/Swin-ViT/ViTUnet vs SwinUnet/Dataset/processed/Kvasir-SEG/images/cju2qu37qobl50993aw7ghcfq.jpg,0.906516,0.950966,0.991759
cju2qvuj1s9ok0835tp2k4ozh,/Users/brian/Desktop/VCL318/Swin-ViT/ViTUnet vs SwinUnet/Dataset/processed/Kvasir-SEG/images/cju2qvuj1s9ok0835tp2k4ozh.jpg,0.973992,0.986825,0.999477
cju2qxxko229x08786gvxxhur,/Users/brian/Desktop/VCL318/Swin-ViT/ViTUnet vs SwinUnet/Dataset/processed/Kvasir-SEG/images/cju2qxxko229x08786gvxxhur.jpg,0.959094,0.97912,0.998961
cju2qz06823a40878ojcz9ccx,/Users/brian/Desktop/VCL318/Swin-ViT/ViTUnet vs SwinUnet/Dataset/processed/Kvasir-SEG/images/cju2qz06823a40878ojcz9ccx.jpg,0.965843,0.982625,0.999001
cju2r11x7sdgx0988o8ule0wl,/Users/brian/Desktop/VCL318/Swin-ViT/ViTUnet vs SwinUnet/Dataset/processed/Kvasir-SEG/images/cju2r11x7sdgx0988o8ule0wl.jpg,0.975296,0.987494,0.999534
cju2r2obh2bjm08553kng0rh7,/Users/brian/Desktop/VCL318/Swin-ViT/ViTUnet vs SwinUnet/Dataset/processed/Kvasir-SEG/images/cju2r2obh2bjm08553kng0rh7.jpg,0.907212,0.951349,0.997112
cju2r6mt2om21099352pny5gw,/Users/brian/Desktop/VCL318/Swin-ViT/ViTUnet vs SwinUnet/Dataset/processed/Kvasir-SEG/images/cju2r6mt2om21099352pny5gw.jpg,0.97618,0.987946,0.999728
cju2r7h21sj9608354gzks3ae,/Users/brian/Desktop/VCL318/Swin-ViT/ViTUnet vs SwinUnet/Dataset/processed/Kvasir-SEG/images/cju2r7h21sj9608354gzks3ae.jpg,0.958091,0.978597,0.99912
cju2r91dg2k090801bh0xzbxk,/Users/brian/Desktop/VCL318/Swin-ViT/ViTUnet vs SwinUnet/Dataset/processed/Kvasir-SEG/images/cju2r91dg2k090801bh0xzbxk.jpg,0.965759,0.982581,0.999461
cju2raxlosl630988jdbfy9b0,/Users/brian/Desktop/VCL318/Swin-ViT/ViTUnet vs SwinUnet/Dataset/processed/Kvasir-SEG/images/cju2raxlosl630988jdbfy9b0.jpg,0.97466,0.987167,0.999466
cju2rga4psq9n09881z519xx0,/Users/brian/Desktop/VCL318/Swin-ViT/ViTUnet vs SwinUnet/Dataset/processed/Kvasir-SEG/images/cju2rga4psq9n09881z519xx0.jpg,0.966714,0.983075,0.999292
cju2ricdv2iys0878sv1adh0u,/Users/brian/Desktop/VCL318/Swin-ViT/ViTUnet vs SwinUnet/Dataset/processed/Kvasir-SEG/images/cju2ricdv2iys0878sv1adh0u.jpg,0.962677,0.980984,0.999264
cju2rkjfwoxys0993x768l1j2,/Users/brian/Desktop/VCL318/Swin-ViT/ViTUnet vs SwinUnet/Dataset/processed/Kvasir-SEG/images/cju2rkjfwoxys0993x768l1j2.jpg,0.970324,0.984939,0.999551
cju2rlqdnoz9k0993cpjae3x0,/Users/brian/Desktop/VCL318/Swin-ViT/ViTUnet vs SwinUnet/Dataset/processed/Kvasir-SEG/images/cju2rlqdnoz9k0993cpjae3x0.jpg,0.970575,0.985068,0.999505
cju2rmd2rsw9g09888hh1efu0,/Users/brian/Desktop/VCL318/Swin-ViT/ViTUnet vs SwinUnet/Dataset/processed/Kvasir-SEG/images/cju2rmd2rsw9g09888hh1efu0.jpg,0.76652,0.86783,0.982493
cju2rn0hasxri0835nfy3buay,/Users/brian/Desktop/VCL318/Swin-ViT/ViTUnet vs SwinUnet/Dataset/processed/Kvasir-SEG/images/cju2rn0hasxri0835nfy3buay.jpg,0.953475,0.976183,0.99893
cju2rnkt22xep0801as160g9t,/Users/brian/Desktop/VCL318/Swin-ViT/ViTUnet vs SwinUnet/Dataset/processed/Kvasir-SEG/images/cju2rnkt22xep0801as160g9t.jpg,0.907429,0.951468,0.994863
cju2ro5jqsy680988pi6qsujw,/Users/brian/Desktop/VCL318/Swin-ViT/ViTUnet vs SwinUnet/Dataset/processed/Kvasir-SEG/images/cju2ro5jqsy680988pi6qsujw.jpg,0.943462,0.970909,0.997275
cju2rpa30t07b0835im0erql0,/Users/brian/Desktop/VCL318/Swin-ViT/ViTUnet vs SwinUnet/Dataset/processed/Kvasir-SEG/images/cju2rpa30t07b0835im0erql0.jpg,0.966776,0.983107,0.999438
cju2rqo702wpx0855fn7d5cxh,/Users/brian/Desktop/VCL318/Swin-ViT/ViTUnet vs SwinUnet/Dataset/processed/Kvasir-SEG/images/cju2rqo702wpx0855fn7d5cxh.jpg,0.939735,0.968931,0.9951
cju2rxm8rpbaf0993o3qr2oph,/Users/brian/Desktop/VCL318/Swin-ViT/ViTUnet vs SwinUnet/Dataset/processed/Kvasir-SEG/images/cju2rxm8rpbaf0993o3qr2oph.jpg,0.943429,0.970891,0.997461
cju2rz4k434s70855wwx3ddtx,/Users/brian/Desktop/VCL318/Swin-ViT/ViTUnet vs SwinUnet/Dataset/processed/Kvasir-SEG/images/cju2rz4k434s70855wwx3ddtx.jpg,0.950373,0.974555,0.998461
cju2rzpsmtb0f0835jabkbao1,/Users/brian/Desktop/VCL318/Swin-ViT/ViTUnet vs SwinUnet/Dataset/processed/Kvasir-SEG/images/cju2rzpsmtb0f0835jabkbao1.jpg,0.848764,0.918196,0.930551
cju2s16zp317h0799gr67jqc2,/Users/brian/Desktop/VCL318/Swin-ViT/ViTUnet vs SwinUnet/Dataset/processed/Kvasir-SEG/images/cju2s16zp317h0799gr67jqc2.jpg,0.981593,0.990711,0.999728
cju2s2527pfyr0993l3h1149a,/Users/brian/Desktop/VCL318/Swin-ViT/ViTUnet vs SwinUnet/Dataset/processed/Kvasir-SEG/images/cju2s2527pfyr0993l3h1149a.jpg,0.936497,0.967207,0.998753
cju2s9g11pnra0993gn4eh793,/Users/brian/Desktop/VCL318/Swin-ViT/ViTUnet vs SwinUnet/Dataset/processed/Kvasir-SEG/images/cju2s9g11pnra0993gn4eh793.jpg,0.979796,0.989795,0.999653
cju2saez63gxl08559ucjq3kt,/Users/brian/Desktop/VCL318/Swin-ViT/ViTUnet vs SwinUnet/Dataset/processed/Kvasir-SEG/images/cju2saez63gxl08559ucjq3kt.jpg,0.97033,0.984942,0.999511
cju2sevf53lkx08558h5bpaig,/Users/brian/Desktop/VCL318/Swin-ViT/ViTUnet vs SwinUnet/Dataset/processed/Kvasir-SEG/images/cju2sevf53lkx08558h5bpaig.jpg,0.968753,0.984128,0.99926
cju2sggy13na70855tbeoqgha,/Users/brian/Desktop/VCL318/Swin-ViT/ViTUnet vs SwinUnet/Dataset/processed/Kvasir-SEG/images/cju2sggy13na70855tbeoqgha.jpg,0.9698,0.984668,0.999184
cju2spdagu1l50835da1f46fr,/Users/brian/Desktop/VCL318/Swin-ViT/ViTUnet vs SwinUnet/Dataset/processed/Kvasir-SEG/images/cju2spdagu1l50835da1f46fr.jpg,0.947741,0.97317,0.997396
cju2srvy5440s0801y1ba9akr,/Users/brian/Desktop/VCL318/Swin-ViT/ViTUnet vs SwinUnet/Dataset/processed/Kvasir-SEG/images/cju2srvy5440s0801y1ba9akr.jpg,0.969314,0.984418,0.999367
cju2sszfq3uye0878sucelzk2,/Users/brian/Desktop/VCL318/Swin-ViT/ViTUnet vs SwinUnet/Dataset/processed/Kvasir-SEG/images/cju2sszfq3uye0878sucelzk2.jpg,0.647006,0.785675,0.944923
cju2suk42469908015ngmq6f2,/Users/brian/Desktop/VCL318/Swin-ViT/ViTUnet vs SwinUnet/Dataset/processed/Kvasir-SEG/images/cju2suk42469908015ngmq6f2.jpg,0.967782,0.983627,0.998172
cju2sxf3iqbpv09937iksn8ep,/Users/brian/Desktop/VCL318/Swin-ViT/ViTUnet vs SwinUnet/Dataset/processed/Kvasir-SEG/images/cju2sxf3iqbpv09937iksn8ep.jpg,0.96723,0.983342,0.999197
cju2syxa93yw40799x2iuwabz,/Users/brian/Desktop/VCL318/Swin-ViT/ViTUnet vs SwinUnet/Dataset/processed/Kvasir-SEG/images/cju2syxa93yw40799x2iuwabz.jpg,0.929453,0.963437,0.994397
cju2t16vuucaq0835xcpsivn2,/Users/brian/Desktop/VCL318/Swin-ViT/ViTUnet vs SwinUnet/Dataset/processed/Kvasir-SEG/images/cju2t16vuucaq0835xcpsivn2.jpg,0.959534,0.979349,0.998916
cju2t2ivz43i10878zeg8r1br,/Users/brian/Desktop/VCL318/Swin-ViT/ViTUnet vs SwinUnet/Dataset/processed/Kvasir-SEG/images/cju2t2ivz43i10878zeg8r1br.jpg,0.962683,0.980986,0.999325
cju2t3ibkuecr0835o7si16zv,/Users/brian/Desktop/VCL318/Swin-ViT/ViTUnet vs SwinUnet/Dataset/processed/Kvasir-SEG/images/cju2t3ibkuecr0835o7si16zv.jpg,0.906738,0.951088,0.991276
cju2t62nq45jl0799odpufwx6,/Users/brian/Desktop/VCL318/Swin-ViT/ViTUnet vs SwinUnet/Dataset/processed/Kvasir-SEG/images/cju2t62nq45jl0799odpufwx6.jpg,0.98118,0.990501,0.999857
cju2t9tdwuk700835kv0ljmtl,/Users/brian/Desktop/VCL318/Swin-ViT/ViTUnet vs SwinUnet/Dataset/processed/Kvasir-SEG/images/cju2t9tdwuk700835kv0ljmtl.jpg,0.972056,0.98583,0.999447
cju2ti1du4idn0878giuozonw,/Users/brian/Desktop/VCL318/Swin-ViT/ViTUnet vs SwinUnet/Dataset/processed/Kvasir-SEG/images/cju2ti1du4idn0878giuozonw.jpg,0.971733,0.985664,0.999213
cju2tjrog4jy30878pawyazqc,/Users/brian/Desktop/VCL318/Swin-ViT/ViTUnet vs SwinUnet/Dataset/processed/Kvasir-SEG/images/cju2tjrog4jy30878pawyazqc.jpg,0.965466,0.98243,0.999228
cju2top2ruxxy0988p1svx36g,/Users/brian/Desktop/VCL318/Swin-ViT/ViTUnet vs SwinUnet/Dataset/processed/Kvasir-SEG/images/cju2top2ruxxy0988p1svx36g.jpg,0.969592,0.984561,0.999221
cju2tpfa5uyx408359datxqqj,/Users/brian/Desktop/VCL318/Swin-ViT/ViTUnet vs SwinUnet/Dataset/processed/Kvasir-SEG/images/cju2tpfa5uyx408359datxqqj.jpg,0.957838,0.978465,0.998661
cju2tqfgw4oat0799rn0g5b2z,/Users/brian/Desktop/VCL318/Swin-ViT/ViTUnet vs SwinUnet/Dataset/processed/Kvasir-SEG/images/cju2tqfgw4oat0799rn0g5b2z.jpg,0.968954,0.984232,0.999382
cju2trbpkv0c00988hxla5dzz,/Users/brian/Desktop/VCL318/Swin-ViT/ViTUnet vs SwinUnet/Dataset/processed/Kvasir-SEG/images/cju2trbpkv0c00988hxla5dzz.jpg,0.974246,0.986955,0.99948
cju2trtjf4qjd0878a2zle9v9,/Users/brian/Desktop/VCL318/Swin-ViT/ViTUnet vs SwinUnet/Dataset/processed/Kvasir-SEG/images/cju2trtjf4qjd0878a2zle9v9.jpg,0.945731,0.972109,0.998278
cju2tvrvm53ws0801a0jfjdxg,/Users/brian/Desktop/VCL318/Swin-ViT/ViTUnet vs SwinUnet/Dataset/processed/Kvasir-SEG/images/cju2tvrvm53ws0801a0jfjdxg.jpg,0.963126,0.981216,0.999024
cju2txjfzv60w098839dcimys,/Users/brian/Desktop/VCL318/Swin-ViT/ViTUnet vs SwinUnet/Dataset/processed/Kvasir-SEG/images/cju2txjfzv60w098839dcimys.jpg,0.973021,0.986326,0.99941
cju2tzypl4wss0799ow05oxb9,/Users/brian/Desktop/VCL318/Swin-ViT/ViTUnet vs SwinUnet/Dataset/processed/Kvasir-SEG/images/cju2tzypl4wss0799ow05oxb9.jpg,0.984861,0.992373,0.9999
cju2u2b9o4zvp08788qb9nqxj,/Users/brian/Desktop/VCL318/Swin-ViT/ViTUnet vs SwinUnet/Dataset/processed/Kvasir-SEG/images/cju2u2b9o4zvp08788qb9nqxj.jpg,0.980231,0.990017,0.999724
cju2u4pymvc720988wsxrmi84,/Users/brian/Desktop/VCL318/Swin-ViT/ViTUnet vs SwinUnet/Dataset/processed/Kvasir-SEG/images/cju2u4pymvc720988wsxrmi84.jpg,0.978268,0.989014,0.999736
cju2u73dj53oz0878486k8k4b,/Users/brian/Desktop/VCL318/Swin-ViT/ViTUnet vs SwinUnet/Dataset/processed/Kvasir-SEG/images/cju2u73dj53oz0878486k8k4b.jpg,0.973249,0.986443,0.999556
cju2ueb6j5ado0878vf5md13o,/Users/brian/Desktop/VCL318/Swin-ViT/ViTUnet vs SwinUnet/Dataset/processed/Kvasir-SEG/images/cju2ueb6j5ado0878vf5md13o.jpg,0.958866,0.979001,0.997116
cju2ulk385h170799rlklxob0,/Users/brian/Desktop/VCL318/Swin-ViT/ViTUnet vs SwinUnet/Dataset/processed/Kvasir-SEG/images/cju2ulk385h170799rlklxob0.jpg,0.958671,0.978899,0.99652
cju2uokeg5jm20799xwgsyz89,/Users/brian/Desktop/VCL318/Swin-ViT/ViTUnet vs SwinUnet/Dataset/processed/Kvasir-SEG/images/cju2uokeg5jm20799xwgsyz89.jpg,0.968637,0.984069,0.999429
cju2upu4evw7g08358guwozxv,/Users/brian/Desktop/VCL318/Swin-ViT/ViTUnet vs SwinUnet/Dataset/processed/Kvasir-SEG/images/cju2upu4evw7g08358guwozxv.jpg,0.96189,0.980575,0.999239
cju2urqpwvxw70835rvndvtsi,/Users/brian/Desktop/VCL318/Swin-ViT/ViTUnet vs SwinUnet/Dataset/processed/Kvasir-SEG/images/cju2urqpwvxw70835rvndvtsi.jpg,0.954296,0.976614,0.999219
cju2uwz9f5yf1085506cfamfx,/Users/brian/Desktop/VCL318/Swin-ViT/ViTUnet vs SwinUnet/Dataset/processed/Kvasir-SEG/images/cju2uwz9f5yf1085506cfamfx.jpg,0.980097,0.989948,0.999842
cju2uy8ox62jo0801g88hh42z,/Users/brian/Desktop/VCL318/Swin-ViT/ViTUnet vs SwinUnet/Dataset/processed/Kvasir-SEG/images/cju2uy8ox62jo0801g88hh42z.jpg,0.962447,0.980864,0.998854
cju2uzabhs6er0993x3aaf87p,/Users/brian/Desktop/VCL318/Swin-ViT/ViTUnet vs SwinUnet/Dataset/processed/Kvasir-SEG/images/cju2uzabhs6er0993x3aaf87p.jpg,0.958413,0.978765,0.998521
cju2wtwj87kys0855kx6mddzw,/Users/brian/Desktop/VCL318/Swin-ViT/ViTUnet vs SwinUnet/Dataset/processed/Kvasir-SEG/images/cju2wtwj87kys0855kx6mddzw.jpg,0.979718,0.989755,0.999653
cju2wve9v7esz0878mxsdcy04,/Users/brian/Desktop/VCL318/Swin-ViT/ViTUnet vs SwinUnet/Dataset/processed/Kvasir-SEG/images/cju2wve9v7esz0878mxsdcy04.jpg,0.973011,0.986321,0.999499
cju2wx0gh7fpz0878wwyd9ep8,/Users/brian/Desktop/VCL318/Swin-ViT/ViTUnet vs SwinUnet/Dataset/processed/Kvasir-SEG/images/cju2wx0gh7fpz0878wwyd9ep8.jpg,0.965246,0.982316,0.999103
cju2wxv0hxs2f09884w48v8fi,/Users/brian/Desktop/VCL318/Swin-ViT/ViTUnet vs SwinUnet/Dataset/processed/Kvasir-SEG/images/cju2wxv0hxs2f09884w48v8fi.jpg,0.908316,0.951955,0.995388
cju2wzu8wxtgu09880ku9x1pg,/Users/brian/Desktop/VCL318/Swin-ViT/ViTUnet vs SwinUnet/Dataset/processed/Kvasir-SEG/images/cju2wzu8wxtgu09880ku9x1pg.jpg,0.981183,0.990502,0.999637
cju2x7vw87mu30878hye2ca0m,/Users/brian/Desktop/VCL318/Swin-ViT/ViTUnet vs SwinUnet/Dataset/processed/Kvasir-SEG/images/cju2x7vw87mu30878hye2ca0m.jpg,0.969185,0.984351,0.999332
cju2xa3i4y0160988i679zsqd,/Users/brian/Desktop/VCL318/Swin-ViT/ViTUnet vs SwinUnet/Dataset/processed/Kvasir-SEG/images/cju2xa3i4y0160988i679zsqd.jpg,0.965968,0.982689,0.999194
cju2xbk0080y80801eghyddi2,/Users/brian/Desktop/VCL318/Swin-ViT/ViTUnet vs SwinUnet/Dataset/processed/Kvasir-SEG/images/cju2xbk0080y80801eghyddi2.jpg,0.965535,0.982465,0.999337
cju2xd75m82720801q4s4ik3n,/Users/brian/Desktop/VCL318/Swin-ViT/ViTUnet vs SwinUnet/Dataset/processed/Kvasir-SEG/images/cju2xd75m82720801q4s4ik3n.jpg,0.979628,0.989709,0.999694
cju2xf8e5y2wm08359vcgk09b,/Users/brian/Desktop/VCL318/Swin-ViT/ViTUnet vs SwinUnet/Dataset/processed/Kvasir-SEG/images/cju2xf8e5y2wm08359vcgk09b.jpg,0.985949,0.992925,0.999865
cju2xjz2ju8pe0993ysv9wg17,/Users/brian/Desktop/VCL318/Swin-ViT/ViTUnet vs SwinUnet/Dataset/processed/Kvasir-SEG/images/cju2xjz2ju8pe0993ysv9wg17.jpg,0.974805,0.987242,0.999633
cju2xlcqxy9c60988vjacdznb,/Users/brian/Desktop/VCL318/Swin-ViT/ViTUnet vs SwinUnet/Dataset/processed/Kvasir-SEG/images/cju2xlcqxy9c60988vjacdznb.jpg,0.975506,0.987601,0.999537
cju2xs6na81t20878pt6nkfip,/Users/brian/Desktop/VCL318/Swin-ViT/ViTUnet vs SwinUnet/Dataset/processed/Kvasir-SEG/images/cju2xs6na81t20878pt6nkfip.jpg,0.955164,0.977068,0.997729
cju2xwm1s84l50799i60mq0pu,/Users/brian/Desktop/VCL318/Swin-ViT/ViTUnet vs SwinUnet/Dataset/processed/Kvasir-SEG/images/cju2xwm1s84l50799i60mq0pu.jpg,0.958541,0.978831,0.998775
cju2xyd9vyi7m098831qcucse,/Users/brian/Desktop/VCL318/Swin-ViT/ViTUnet vs SwinUnet/Dataset/processed/Kvasir-SEG/images/cju2xyd9vyi7m098831qcucse.jpg,0.978169,0.988964,0.999601
cju2y0z6g87p10878fpk5d3rq,/Users/brian/Desktop/VCL318/Swin-ViT/ViTUnet vs SwinUnet/Dataset/processed/Kvasir-SEG/images/cju2y0z6g87p10878fpk5d3rq.jpg,0.919583,0.958107,0.981984
cju2y26c588bo07993ksd8eoz,/Users/brian/Desktop/VCL318/Swin-ViT/ViTUnet vs SwinUnet/Dataset/processed/Kvasir-SEG/images/cju2y26c588bo07993ksd8eoz.jpg,0.9528,0.97583,0.996786
cju2y40d8ulqo0993q0adtgtb,/Users/brian/Desktop/VCL318/Swin-ViT/ViTUnet vs SwinUnet/Dataset/processed/Kvasir-SEG/images/cju2y40d8ulqo0993q0adtgtb.jpg,0.965058,0.982219,0.998938
cju2y5zas8m7f0801d34g5owq,/Users/brian/Desktop/VCL318/Swin-ViT/ViTUnet vs SwinUnet/Dataset/processed/Kvasir-SEG/images/cju2y5zas8m7f0801d34g5owq.jpg,0.967728,0.983599,0.9991
cju2y8s56ymqr083541ggdsml,/Users/brian/Desktop/VCL318/Swin-ViT/ViTUnet vs SwinUnet/Dataset/processed/Kvasir-SEG/images/cju2y8s56ymqr083541ggdsml.jpg,0.963629,0.981478,0.999055
cju2yb31a8e8u0878wdashg7o,/Users/brian/Desktop/VCL318/Swin-ViT/ViTUnet vs SwinUnet/Dataset/processed/Kvasir-SEG/images/cju2yb31a8e8u0878wdashg7o.jpg,0.968515,0.984005,0.999584
cju2ycp1u8g2r0799jslnp7cz,/Users/brian/Desktop/VCL318/Swin-ViT/ViTUnet vs SwinUnet/Dataset/processed/Kvasir-SEG/images/cju2ycp1u8g2r0799jslnp7cz.jpg,0.919495,0.95806,0.994033
cju2yg5ht8i4p087800js8hp4,/Users/brian/Desktop/VCL318/Swin-ViT/ViTUnet vs SwinUnet/Dataset/processed/Kvasir-SEG/images/cju2yg5ht8i4p087800js8hp4.jpg,0.967927,0.983702,0.998779
cju2yi9tz8vky0801yqip0xyl,/Users/brian/Desktop/VCL318/Swin-ViT/ViTUnet vs SwinUnet/Dataset/processed/Kvasir-SEG/images/cju2yi9tz8vky0801yqip0xyl.jpg,0.979076,0.989427,0.999703
cju2yljr0yzhw0988ecf271ly,/Users/brian/Desktop/VCL318/Swin-ViT/ViTUnet vs SwinUnet/Dataset/processed/Kvasir-SEG/images/cju2yljr0yzhw0988ecf271ly.jpg,0.892413,0.943148,0.989004
cju2yo1j1v0qz09934o0e683p,/Users/brian/Desktop/VCL318/Swin-ViT/ViTUnet vs SwinUnet/Dataset/processed/Kvasir-SEG/images/cju2yo1j1v0qz09934o0e683p.jpg,0.977619,0.988683,0.999648
cju2ysg748ru80878sp6j0gm0,/Users/brian/Desktop/VCL318/Swin-ViT/ViTUnet vs SwinUnet/Dataset/processed/Kvasir-SEG/images/cju2ysg748ru80878sp6j0gm0.jpg,0.911956,0.953951,0.987988
cju2yv4imv6cz099314jveiib,/Users/brian/Desktop/VCL318/Swin-ViT/ViTUnet vs SwinUnet/Dataset/processed/Kvasir-SEG/images/cju2yv4imv6cz099314jveiib.jpg,0.974341,0.987004,0.999514
cju2yw4s7z7p20988lmf2gdgd,/Users/brian/Desktop/VCL318/Swin-ViT/ViTUnet vs SwinUnet/Dataset/processed/Kvasir-SEG/images/cju2yw4s7z7p20988lmf2gdgd.jpg,0.942661,0.970484,0.998436
cju2yyhsp933j0855hp32e012,/Users/brian/Desktop/VCL318/Swin-ViT/ViTUnet vs SwinUnet/Dataset/processed/Kvasir-SEG/images/cju2yyhsp933j0855hp32e012.jpg,0.978847,0.98931,0.999599
cju2z1nxlzaj40835wj81s1iy,/Users/brian/Desktop/VCL318/Swin-ViT/ViTUnet vs SwinUnet/Dataset/processed/Kvasir-SEG/images/cju2z1nxlzaj40835wj81s1iy.jpg,0.973743,0.986697,0.999512
cju2z2x3nvd3c099350zgty7w,/Users/brian/Desktop/VCL318/Swin-ViT/ViTUnet vs SwinUnet/Dataset/processed/Kvasir-SEG/images/cju2z2x3nvd3c099350zgty7w.jpg,0.972803,0.986214,0.999448
cju2z45kuzf6d0988nz2c819m,/Users/brian/Desktop/VCL318/Swin-ViT/ViTUnet vs SwinUnet/Dataset/processed/Kvasir-SEG/images/cju2z45kuzf6d0988nz2c819m.jpg,0.959127,0.979137,0.998852
cju2z6ez69g4u0801qwt088lw,/Users/brian/Desktop/VCL318/Swin-ViT/ViTUnet vs SwinUnet/Dataset/processed/Kvasir-SEG/images/cju2z6ez69g4u0801qwt088lw.jpg,0.967856,0.983666,0.99966
cju2z9vlp9j0w0801oag91sy9,/Users/brian/Desktop/VCL318/Swin-ViT/ViTUnet vs SwinUnet/Dataset/processed/Kvasir-SEG/images/cju2z9vlp9j0w0801oag91sy9.jpg,0.962119,0.980694,0.999194
cju2zblxw9848087853csbrx1,/Users/brian/Desktop/VCL318/Swin-ViT/ViTUnet vs SwinUnet/Dataset/processed/Kvasir-SEG/images/cju2zblxw9848087853csbrx1.jpg,0.956704,0.977873,0.998488
cju2zdhsczmn50988z64qwg2q,/Users/brian/Desktop/VCL318/Swin-ViT/ViTUnet vs SwinUnet/Dataset/processed/Kvasir-SEG/images/cju2zdhsczmn50988z64qwg2q.jpg,0.75191,0.858389,0.840966
cju2zdvjn9h7r08553cp4eed5,/Users/brian/Desktop/VCL318/Swin-ViT/ViTUnet vs SwinUnet/Dataset/processed/Kvasir-SEG/images/cju2zdvjn9h7r08553cp4eed5.jpg,0.959713,0.979442,0.999373
cju2zgbj9zmrw0835nnlzxj4c,/Users/brian/Desktop/VCL318/Swin-ViT/ViTUnet vs SwinUnet/Dataset/processed/Kvasir-SEG/images/cju2zgbj9zmrw0835nnlzxj4c.jpg,0.972868,0.986247,0.99951
cju2zi4l09f5807991s8do2b2,/Users/brian/Desktop/VCL318/Swin-ViT/ViTUnet vs SwinUnet/Dataset/processed/Kvasir-SEG/images/cju2zi4l09f5807991s8do2b2.jpg,0.972169,0.985888,0.999407
cju2zjcvj9qma0801dk71hhi0,/Users/brian/Desktop/VCL318/Swin-ViT/ViTUnet vs SwinUnet/Dataset/processed/Kvasir-SEG/images/cju2zjcvj9qma0801dk71hhi0.jpg,0.964705,0.982035,0.999023
cju2zkpdl9h7t0799ix60teqg,/Users/brian/Desktop/VCL318/Swin-ViT/ViTUnet vs SwinUnet/Dataset/processed/Kvasir-SEG/images/cju2zkpdl9h7t0799ix60teqg.jpg,0.943079,0.970706,0.998637
cju2zm0axztpe0988r8s9twjr,/Users/brian/Desktop/VCL318/Swin-ViT/ViTUnet vs SwinUnet/Dataset/processed/Kvasir-SEG/images/cju2zm0axztpe0988r8s9twjr.jpg,0.96599,0.982701,0.999553
cju2zo0fwzv580988qlijd2xa,/Users/brian/Desktop/VCL318/Swin-ViT/ViTUnet vs SwinUnet/Dataset/processed/Kvasir-SEG/images/cju2zo0fwzv580988qlijd2xa.jpg,0.90343,0.949265,0.997403
cju2zp89k9q1g0855k1x0f1xa,/Users/brian/Desktop/VCL318/Swin-ViT/ViTUnet vs SwinUnet/Dataset/processed/Kvasir-SEG/images/cju2zp89k9q1g0855k1x0f1xa.jpg,0.941135,0.969675,0.997421
cju2zpw4q9vzr0801p0lysjdl,/Users/brian/Desktop/VCL318/Swin-ViT/ViTUnet vs SwinUnet/Dataset/processed/Kvasir-SEG/images/cju2zpw4q9vzr0801p0lysjdl.jpg,0.940469,0.969321,0.997064
cju2zr3c3vwb00993jn06bbaz,/Users/brian/Desktop/VCL318/Swin-ViT/ViTUnet vs SwinUnet/Dataset/processed/Kvasir-SEG/images/cju2zr3c3vwb00993jn06bbaz.jpg,0.97032,0.984936,0.999426
cju2zrojo9kcd0878ld2epejq,/Users/brian/Desktop/VCL318/Swin-ViT/ViTUnet vs SwinUnet/Dataset/processed/Kvasir-SEG/images/cju2zrojo9kcd0878ld2epejq.jpg,0.930393,0.963942,0.997919
cju2zwg05a0oy0801yr73ig7g,/Users/brian/Desktop/VCL318/Swin-ViT/ViTUnet vs SwinUnet/Dataset/processed/Kvasir-SEG/images/cju2zwg05a0oy0801yr73ig7g.jpg,0.966749,0.983093,0.999495
cju2zxja9w1eh09933609ho9z,/Users/brian/Desktop/VCL318/Swin-ViT/ViTUnet vs SwinUnet/Dataset/processed/Kvasir-SEG/images/cju2zxja9w1eh09933609ho9z.jpg,0.937,0.967475,0.997676
cju2zy1e49pqk0878t6ncqn12,/Users/brian/Desktop/VCL318/Swin-ViT/ViTUnet vs SwinUnet/Dataset/processed/Kvasir-SEG/images/cju2zy1e49pqk0878t6ncqn12.jpg,0.520638,0.684763,0.666468
cju300m3s04fg0988uzupuf7z,/Users/brian/Desktop/VCL318/Swin-ViT/ViTUnet vs SwinUnet/Dataset/processed/Kvasir-SEG/images/cju300m3s04fg0988uzupuf7z.jpg,0.971877,0.985738,0.999476
cju302fqq9spc0878rrygyzzz,/Users/brian/Desktop/VCL318/Swin-ViT/ViTUnet vs SwinUnet/Dataset/processed/Kvasir-SEG/images/cju302fqq9spc0878rrygyzzz.jpg,0.631798,0.774358,0.95906
cju303j5r062k098835zxfds5,/Users/brian/Desktop/VCL318/Swin-ViT/ViTUnet vs SwinUnet/Dataset/processed/Kvasir-SEG/images/cju303j5r062k098835zxfds5.jpg,0.963335,0.981325,0.999338
cju30525w04r10835ygp257sb,/Users/brian/Desktop/VCL318/Swin-ViT/ViTUnet vs SwinUnet/Dataset/processed/Kvasir-SEG/images/cju30525w04r10835ygp257sb.jpg,0.967912,0.983695,0.999373
cju306x7w05nb0835cunv799x,/Users/brian/Desktop/VCL318/Swin-ViT/ViTUnet vs SwinUnet/Dataset/processed/Kvasir-SEG/images/cju306x7w05nb0835cunv799x.jpg,0.968742,0.984123,0.999236
cju30ajhw09sx0988qyahx9s8,/Users/brian/Desktop/VCL318/Swin-ViT/ViTUnet vs SwinUnet/Dataset/processed/Kvasir-SEG/images/cju30ajhw09sx0988qyahx9s8.jpg,0.955511,0.97725,0.997994
cju30bmab08bi0835mvlr6e0r,/Users/brian/Desktop/VCL318/Swin-ViT/ViTUnet vs SwinUnet/Dataset/processed/Kvasir-SEG/images/cju30bmab08bi0835mvlr6e0r.jpg,0.967601,0.983534,0.999473
cju30df2j09dd08351ayx2t6w,/Users/brian/Desktop/VCL318/Swin-ViT/ViTUnet vs SwinUnet/Dataset/processed/Kvasir-SEG/images/cju30df2j09dd08351ayx2t6w.jpg,0.963624,0.981475,0.999113
cju30ftgja7170855xl9bkdm0,/Users/brian/Desktop/VCL318/Swin-ViT/ViTUnet vs SwinUnet/Dataset/processed/Kvasir-SEG/images/cju30ftgja7170855xl9bkdm0.jpg,0.966219,0.982819,0.999516
cju30gxjq0djk0988jytm49rs,/Users/brian/Desktop/VCL318/Swin-ViT/ViTUnet vs SwinUnet/Dataset/processed/Kvasir-SEG/images/cju30gxjq0djk0988jytm49rs.jpg,0.942271,0.970278,0.998559
cju30ia8da2bq0799klnehml2,/Users/brian/Desktop/VCL318/Swin-ViT/ViTUnet vs SwinUnet/Dataset/processed/Kvasir-SEG/images/cju30ia8da2bq0799klnehml2.jpg,0.977787,0.988769,0.999391
cju30j1rgadut0801vuyrsnt8,/Users/brian/Desktop/VCL318/Swin-ViT/ViTUnet vs SwinUnet/Dataset/processed/Kvasir-SEG/images/cju30j1rgadut0801vuyrsnt8.jpg,0.747112,0.855254,0.985284
cju30k2z40ds308353kdew70n,/Users/brian/Desktop/VCL318/Swin-ViT/ViTUnet vs SwinUnet/Dataset/processed/Kvasir-SEG/images/cju30k2z40ds308353kdew70n.jpg,0.874071,0.932805,0.993945
cju30lncba3ny0878jwnous8n,/Users/brian/Desktop/VCL318/Swin-ViT/ViTUnet vs SwinUnet/Dataset/processed/Kvasir-SEG/images/cju30lncba3ny0878jwnous8n.jpg,0.966254,0.982838,0.999466
cju30mm25a53s0799qa5wiqe8,/Users/brian/Desktop/VCL318/Swin-ViT/ViTUnet vs SwinUnet/Dataset/processed/Kvasir-SEG/images/cju30mm25a53s0799qa5wiqe8.jpg,0.94453,0.971474,0.997704
cju30nyxe0gfb0835p256yoju,/Users/brian/Desktop/VCL318/Swin-ViT/ViTUnet vs SwinUnet/Dataset/processed/Kvasir-SEG/images/cju30nyxe0gfb0835p256yoju.jpg,0.557116,0.715574,0.898151
cju30ov1oah920801mi8thuyg,/Users/brian/Desktop/VCL318/Swin-ViT/ViTUnet vs SwinUnet/Dataset/processed/Kvasir-SEG/images/cju30ov1oah920801mi8thuyg.jpg,0.944882,0.97166,0.998554
cju30qbm1ad3x0855znuhpz9u,/Users/brian/Desktop/VCL318/Swin-ViT/ViTUnet vs SwinUnet/Dataset/processed/Kvasir-SEG/images/cju30qbm1ad3x0855znuhpz9u.jpg,0.977672,0.98871,0.999675
cju30u1hbakn808019g15nb8b,/Users/brian/Desktop/VCL318/Swin-ViT/ViTUnet vs SwinUnet/Dataset/processed/Kvasir-SEG/images/cju30u1hbakn808019g15nb8b.jpg,0.947723,0.97316,0.998554
cju30xqmh0ni00835ix3batv1,/Users/brian/Desktop/VCL318/Swin-ViT/ViTUnet vs SwinUnet/Dataset/processed/Kvasir-SEG/images/cju30xqmh0ni00835ix3batv1.jpg,0.967304,0.98338,0.999463
cju30ywtc0oar0835bp2en7ec,/Users/brian/Desktop/VCL318/Swin-ViT/ViTUnet vs SwinUnet/Dataset/processed/Kvasir-SEG/images/cju30ywtc0oar0835bp2en7ec.jpg,0.971685,0.985639,0.999144
cju310f6val1v0855xo8tc3gu,/Users/brian/Desktop/VCL318/Swin-ViT/ViTUnet vs SwinUnet/Dataset/processed/Kvasir-SEG/images/cju310f6val1v0855xo8tc3gu.jpg,0.709109,0.8298,0.97267
cju3128yi0rpu0988o4oo5n8n,/Users/brian/Desktop/VCL318/Swin-ViT/ViTUnet vs SwinUnet/Dataset/processed/Kvasir-SEG/images/cju3128yi0rpu0988o4oo5n8n.jpg,0.95792,0.978508,0.999309
cju31rb7vb6110801p9rhacuw,/Users/brian/Desktop/VCL318/Swin-ViT/ViTUnet vs SwinUnet/Dataset/processed/Kvasir-SEG/images/cju31rb7vb6110801p9rhacuw.jpg,0.963811,0.981572,0.9993
cju31t8xd17bk0835rnb893jk,/Users/brian/Desktop/VCL318/Swin-ViT/ViTUnet vs SwinUnet/Dataset/processed/Kvasir-SEG/images/cju31t8xd17bk0835rnb893jk.jpg,0.493955,0.661272,0.96281
cju31ugmfb3dz0855xtqshki6,/Users/brian/Desktop/VCL318/Swin-ViT/ViTUnet vs SwinUnet/Dataset/processed/Kvasir-SEG/images/cju31ugmfb3dz0855xtqshki6.jpg,0.974439,0.987054,0.99972
cju31w6goazci0799n014ly1q,/Users/brian/Desktop/VCL318/Swin-ViT/ViTUnet vs SwinUnet/Dataset/processed/Kvasir-SEG/images/cju31w6goazci0799n014ly1q.jpg,0.970082,0.984814,0.999302
cju31y80qbawn0801twwm2l5s,/Users/brian/Desktop/VCL318/Swin-ViT/ViTUnet vs SwinUnet/Dataset/processed/Kvasir-SEG/images/cju31y80qbawn0801twwm2l5s.jpg,0.964402,0.981878,0.999222
cju320gyvbch60801v2amdi2g,/Users/brian/Desktop/VCL318/Swin-ViT/ViTUnet vs SwinUnet/Dataset/processed/Kvasir-SEG/images/cju320gyvbch60801v2amdi2g.jpg,0.958984,0.979063,0.998773
cju323ypb1fbb0988gx5rzudb,/Users/brian/Desktop/VCL318/Swin-ViT/ViTUnet vs SwinUnet/Dataset/processed/Kvasir-SEG/images/cju323ypb1fbb0988gx5rzudb.jpg,0.979167,0.989474,0.999696
cju324q101fhe08350wae9cif,/Users/brian/Desktop/VCL318/Swin-ViT/ViTUnet vs SwinUnet/Dataset/processed/Kvasir-SEG/images/cju324q101fhe08350wae9cif.jpg,0.921407,0.959096,0.979525
cju326h4v1gxw08352px40p7r,/Users/brian/Desktop/VCL318/Swin-ViT/ViTUnet vs SwinUnet/Dataset/processed/Kvasir-SEG/images/cju326h4v1gxw08352px40p7r.jpg,0.862252,0.926031,0.975803
cju3280wv1ir009882jze27tc,/Users/brian/Desktop/VCL318/Swin-ViT/ViTUnet vs SwinUnet/Dataset/processed/Kvasir-SEG/images/cju3280wv1ir009882jze27tc.jpg,0.974088,0.986874,0.999521
cju32a52lb9rc0799xi40qs00,/Users/brian/Desktop/VCL318/Swin-ViT/ViTUnet vs SwinUnet/Dataset/processed/Kvasir-SEG/images/cju32a52lb9rc0799xi40qs00.jpg,0.974169,0.986915,0.999515
cju32csyfblyh080170aa3x5p,/Users/brian/Desktop/VCL318/Swin-ViT/ViTUnet vs SwinUnet/Dataset/processed/Kvasir-SEG/images/cju32csyfblyh080170aa3x5p.jpg,0.977396,0.988569,0.999602
cju32fhnhbds40799broyoptc,/Users/brian/Desktop/VCL318/Swin-ViT/ViTUnet vs SwinUnet/Dataset/processed/Kvasir-SEG/images/cju32fhnhbds40799broyoptc.jpg,0.959546,0.979356,0.998549
cju32gzs6xo8x0993r8tedbpb,/Users/brian/Desktop/VCL318/Swin-ViT/ViTUnet vs SwinUnet/Dataset/processed/Kvasir-SEG/images/cju32gzs6xo8x0993r8tedbpb.jpg,0.947574,0.973081,0.99498
cju32jcdabepz0878d0cznmfe,/Users/brian/Desktop/VCL318/Swin-ViT/ViTUnet vs SwinUnet/Dataset/processed/Kvasir-SEG/images/cju32jcdabepz0878d0cznmfe.jpg,0.971409,0.985497,0.999413
cju32l161bi1v07990vm376in,/Users/brian/Desktop/VCL318/Swin-ViT/ViTUnet vs SwinUnet/Dataset/processed/Kvasir-SEG/images/cju32l161bi1v07990vm376in.jpg,0.958806,0.97897,0.999522
cju32phw2bv130801yj7bkouq,/Users/brian/Desktop/VCL318/Swin-ViT/ViTUnet vs SwinUnet/Dataset/processed/Kvasir-SEG/images/cju32phw2bv130801yj7bkouq.jpg,0.981363,0.990594,0.999743
cju32pzh9bpw10855q4vaxfhe,/Users/brian/Desktop/VCL318/Swin-ViT/ViTUnet vs SwinUnet/Dataset/processed/Kvasir-SEG/images/cju32pzh9bpw10855q4vaxfhe.jpg,0.709609,0.830142,0.831979
cju32qr9tbvsj08013pkpjenq,/Users/brian/Desktop/VCL318/Swin-ViT/ViTUnet vs SwinUnet/Dataset/processed/Kvasir-SEG/images/cju32qr9tbvsj08013pkpjenq.jpg,0.96875,0.984127,0.998997
cju32srle1xfq083575i3fl75,/Users/brian/Desktop/VCL318/Swin-ViT/ViTUnet vs SwinUnet/Dataset/processed/Kvasir-SEG/images/cju32srle1xfq083575i3fl75.jpg,0.957937,0.978517,0.998379
cju32upim1z7u0988l883nqp6,/Users/brian/Desktop/VCL318/Swin-ViT/ViTUnet vs SwinUnet/Dataset/processed/Kvasir-SEG/images/cju32upim1z7u0988l883nqp6.jpg,0.971229,0.985405,0.999294
cju32zhbnc1oy0801iyv1ix6p,/Users/brian/Desktop/VCL318/Swin-ViT/ViTUnet vs SwinUnet/Dataset/processed/Kvasir-SEG/images/cju32zhbnc1oy0801iyv1ix6p.jpg,0.966734,0.983086,0.998901
cju330ofbc2l30801th5g3hw6,/Users/brian/Desktop/VCL318/Swin-ViT/ViTUnet vs SwinUnet/Dataset/processed/Kvasir-SEG/images/cju330ofbc2l30801th5g3hw6.jpg,0.912184,0.954075,0.996377
cju33231uy4gi0993qc7b1jch,/Users/brian/Desktop/VCL318/Swin-ViT/ViTUnet vs SwinUnet/Dataset/processed/Kvasir-SEG/images/cju33231uy4gi0993qc7b1jch.jpg,0.890127,0.94187,0.994513
cju334jzo261t0835yqudnfs1,/Users/brian/Desktop/VCL318/Swin-ViT/ViTUnet vs SwinUnet/Dataset/processed/Kvasir-SEG/images/cju334jzo261t0835yqudnfs1.jpg,0.950967,0.974867,0.996685
cju336l68y7if0993wf092166,/Users/brian/Desktop/VCL318/Swin-ViT/ViTUnet vs SwinUnet/Dataset/processed/Kvasir-SEG/images/cju336l68y7if0993wf092166.jpg,0.978048,0.988902,0.999695
cju3381d8bz3h07991xtl7ra0,/Users/brian/Desktop/VCL318/Swin-ViT/ViTUnet vs SwinUnet/Dataset/processed/Kvasir-SEG/images/cju3381d8bz3h07991xtl7ra0.jpg,0.953,0.975934,0.998822
cju33belnbyhm0878yxl42233,/Users/brian/Desktop/VCL318/Swin-ViT/ViTUnet vs SwinUnet/Dataset/processed/Kvasir-SEG/images/cju33belnbyhm0878yxl42233.jpg,0.948415,0.973525,0.998018
cju33eqwbcch208012jikwdky,/Users/brian/Desktop/VCL318/Swin-ViT/ViTUnet vs SwinUnet/Dataset/processed/Kvasir-SEG/images/cju33eqwbcch208012jikwdky.jpg,0.958045,0.978573,0.998637
cju33jon3ygbj0993pu22a4k6,/Users/brian/Desktop/VCL318/Swin-ViT/ViTUnet vs SwinUnet/Dataset/processed/Kvasir-SEG/images/cju33jon3ygbj0993pu22a4k6.jpg,0.946454,0.97249,0.997714
cju33mirdc8mj0799k33wzoes,/Users/brian/Desktop/VCL318/Swin-ViT/ViTUnet vs SwinUnet/Dataset/processed/Kvasir-SEG/images/cju33mirdc8mj0799k33wzoes.jpg,0.975469,0.987582,0.999339
cju33o12x2jm50988944mxq0v,/Users/brian/Desktop/VCL318/Swin-ViT/ViTUnet vs SwinUnet/Dataset/processed/Kvasir-SEG/images/cju33o12x2jm50988944mxq0v.jpg,0.953196,0.976037,0.998281
cju33qpdvc9g0087825jhf3s9,/Users/brian/Desktop/VCL318/Swin-ViT/ViTUnet vs SwinUnet/Dataset/processed/Kvasir-SEG/images/cju33qpdvc9g0087825jhf3s9.jpg,0.94702,0.972789,0.998515
cju33w4sdcivk0855x879zht7,/Users/brian/Desktop/VCL318/Swin-ViT/ViTUnet vs SwinUnet/Dataset/processed/Kvasir-SEG/images/cju33w4sdcivk0855x879zht7.jpg,0.964368,0.981861,0.999472
cju33x0f22peh0988g0ln7w5v,/Users/brian/Desktop/VCL318/Swin-ViT/ViTUnet vs SwinUnet/Dataset/processed/Kvasir-SEG/images/cju33x0f22peh0988g0ln7w5v.jpg,0.887671,0.940493,0.992145
cju33yemn2qb20988wfjxximx,/Users/brian/Desktop/VCL318/Swin-ViT/ViTUnet vs SwinUnet/Dataset/processed/Kvasir-SEG/images/cju33yemn2qb20988wfjxximx.jpg,0.943187,0.970763,0.998498
cju33za6l2qy70988jhrlp2ev,/Users/brian/Desktop/VCL318/Swin-ViT/ViTUnet vs SwinUnet/Dataset/processed/Kvasir-SEG/images/cju33za6l2qy70988jhrlp2ev.jpg,0.956639,0.977839,0.998508
cju34aozyyy830993bn16u32n,/Users/brian/Desktop/VCL318/Swin-ViT/ViTUnet vs SwinUnet/Dataset/processed/Kvasir-SEG/images/cju34aozyyy830993bn16u32n.jpg,0.973995,0.986826,0.99942
cju34c1xfyz920993itxkkfad,/Users/brian/Desktop/VCL318/Swin-ViT/ViTUnet vs SwinUnet/Dataset/processed/Kvasir-SEG/images/cju34c1xfyz920993itxkkfad.jpg,0.972673,0.986147,0.999524
cju34ds2531520988qjpqt6e3,/Users/brian/Desktop/VCL318/Swin-ViT/ViTUnet vs SwinUnet/Dataset/processed/Kvasir-SEG/images/cju34ds2531520988qjpqt6e3.jpg,0.516795,0.68143,0.489692
cju34eqjpcpm508788b3lhp97,/Users/brian/Desktop/VCL318/Swin-ViT/ViTUnet vs SwinUnet/Dataset/processed/Kvasir-SEG/images/cju34eqjpcpm508788b3lhp97.jpg,0.976092,0.987902,0.999575
cju34fojcctcf0799ebolbvkn,/Users/brian/Desktop/VCL318/Swin-ViT/ViTUnet vs SwinUnet/Dataset/processed/Kvasir-SEG/images/cju34fojcctcf0799ebolbvkn.jpg,0.909521,0.952617,0.994944
cju34i3qvcyog0855qiejxx5w,/Users/brian/Desktop/VCL318/Swin-ViT/ViTUnet vs SwinUnet/Dataset/processed/Kvasir-SEG/images/cju34i3qvcyog0855qiejxx5w.jpg,0.974716,0.987196,0.999459
cju34m7h536wq0988xz7gx79v,/Users/brian/Desktop/VCL318/Swin-ViT/ViTUnet vs SwinUnet/Dataset/processed/Kvasir-SEG/images/cju34m7h536wq0988xz7gx79v.jpg,0.960655,0.979933,0.998689
cju34o6dbd2lo0855aqlcy1hs,/Users/brian/Desktop/VCL318/Swin-ViT/ViTUnet vs SwinUnet/Dataset/processed/Kvasir-SEG/images/cju34o6dbd2lo0855aqlcy1hs.jpg,0.949917,0.974315,0.997842
cju34ouumcznz07996gg1xq7v,/Users/brian/Desktop/VCL318/Swin-ViT/ViTUnet vs SwinUnet/Dataset/processed/Kvasir-SEG/images/cju34ouumcznz07996gg1xq7v.jpg,0.96819,0.983838,0.999332
cju34repocy5208780gswillm,/Users/brian/Desktop/VCL318/Swin-ViT/ViTUnet vs SwinUnet/Dataset/processed/Kvasir-SEG/images/cju34repocy5208780gswillm.jpg,0.979576,0.989683,0.9998
cju34sh43d8zm08019xbwhc0o,/Users/brian/Desktop/VCL318/Swin-ViT/ViTUnet vs SwinUnet/Dataset/processed/Kvasir-SEG/images/cju34sh43d8zm08019xbwhc0o.jpg,0.953363,0.976125,0.998049
cju34uhepd3dd0799hs8782ad,/Users/brian/Desktop/VCL318/Swin-ViT/ViTUnet vs SwinUnet/Dataset/processed/Kvasir-SEG/images/cju34uhepd3dd0799hs8782ad.jpg,0.952344,0.975591,0.998443
cju34xspwzenf0993cyzajv9n,/Users/brian/Desktop/VCL318/Swin-ViT/ViTUnet vs SwinUnet/Dataset/processed/Kvasir-SEG/images/cju34xspwzenf0993cyzajv9n.jpg,0.977634,0.988691,0.999595
cju34ymm8d6700799uop0cw33,/Users/brian/Desktop/VCL318/Swin-ViT/ViTUnet vs SwinUnet/Dataset/processed/Kvasir-SEG/images/cju34ymm8d6700799uop0cw33.jpg,0.930269,0.963875,0.996652
cju34zivp3fq80988opxbaqyn,/Users/brian/Desktop/VCL318/Swin-ViT/ViTUnet vs SwinUnet/Dataset/processed/Kvasir-SEG/images/cju34zivp3fq80988opxbaqyn.jpg,0.972373,0.985993,0.999386
cju3518w2d838079939fqztbc,/Users/brian/Desktop/VCL318/Swin-ViT/ViTUnet vs SwinUnet/Dataset/processed/Kvasir-SEG/images/cju3518w2d838079939fqztbc.jpg,0.962942,0.981121,0.998513
cju3521y5d5mq0878t3ezsu4p,/Users/brian/Desktop/VCL318/Swin-ViT/ViTUnet vs SwinUnet/Dataset/processed/Kvasir-SEG/images/cju3521y5d5mq0878t3ezsu4p.jpg,0.96929,0.984405,0.999307
cju353d1eda8c07992afde611,/Users/brian/Desktop/VCL318/Swin-ViT/ViTUnet vs SwinUnet/Dataset/processed/Kvasir-SEG/images/cju353d1eda8c07992afde611.jpg,0.974142,0.986901,0.999625
cju35740hzm0g0993zl5ic246,/Users/brian/Desktop/VCL318/Swin-ViT/ViTUnet vs SwinUnet/Dataset/processed/Kvasir-SEG/images/cju35740hzm0g0993zl5ic246.jpg,0.940795,0.969495,0.996181
cju357rxxdaz30878y2esjpjt,/Users/brian/Desktop/VCL318/Swin-ViT/ViTUnet vs SwinUnet/Dataset/processed/Kvasir-SEG/images/cju357rxxdaz30878y2esjpjt.jpg,0.943396,0.970874,0.997514
cju358pwtdby20878cg7nm0np,/Users/brian/Desktop/VCL318/Swin-ViT/ViTUnet vs SwinUnet/Dataset/processed/Kvasir-SEG/images/cju358pwtdby20878cg7nm0np.jpg,0.962609,0.980948,0.999015
cju35a77vdj4n08556jj2lgmc,/Users/brian/Desktop/VCL318/Swin-ViT/ViTUnet vs SwinUnet/Dataset/processed/Kvasir-SEG/images/cju35a77vdj4n08556jj2lgmc.jpg,0.977373,0.988557,0.999654
cju35atpxdjot0855q46aqrd0,/Users/brian/Desktop/VCL318/Swin-ViT/ViTUnet vs SwinUnet/Dataset/processed/Kvasir-SEG/images/cju35atpxdjot0855q46aqrd0.jpg,0.571365,0.727221,0.830397
cju35c4wzdhow0799h6eq4sgs,/Users/brian/Desktop/VCL318/Swin-ViT/ViTUnet vs SwinUnet/Dataset/processed/Kvasir-SEG/images/cju35c4wzdhow0799h6eq4sgs.jpg,0.791811,0.883811,0.90973
cju35eg0tdmjt085525sb4bua,/Users/brian/Desktop/VCL318/Swin-ViT/ViTUnet vs SwinUnet/Dataset/processed/Kvasir-SEG/images/cju35eg0tdmjt085525sb4bua.jpg,0.924837,0.960951,0.997429
cju35fxqyzt5p0993vusm54qz,/Users/brian/Desktop/VCL318/Swin-ViT/ViTUnet vs SwinUnet/Dataset/processed/Kvasir-SEG/images/cju35fxqyzt5p0993vusm54qz.jpg,0.966162,0.98279,0.999277
cju35i2e63uxr0835h7zgkg9k,/Users/brian/Desktop/VCL318/Swin-ViT/ViTUnet vs SwinUnet/Dataset/processed/Kvasir-SEG/images/cju35i2e63uxr0835h7zgkg9k.jpg,0.977783,0.988767,0.999676
cju35k2fr3vc50988c85qkrwg,/Users/brian/Desktop/VCL318/Swin-ViT/ViTUnet vs SwinUnet/Dataset/processed/Kvasir-SEG/images/cju35k2fr3vc50988c85qkrwg.jpg,0.876783,0.934347,0.982444
cju35ldepdtlm0801yv79y8vu,/Users/brian/Desktop/VCL318/Swin-ViT/ViTUnet vs SwinUnet/Dataset/processed/Kvasir-SEG/images/cju35ldepdtlm0801yv79y8vu.jpg,0.945703,0.972094,0.997434
cju35mdz73x890835eynq1h9v,/Users/brian/Desktop/VCL318/Swin-ViT/ViTUnet vs SwinUnet/Dataset/processed/Kvasir-SEG/images/cju35mdz73x890835eynq1h9v.jpg,0.971448,0.985517,0.999351
cju35oyvd3y850988km12hdz1,/Users/brian/Desktop/VCL318/Swin-ViT/ViTUnet vs SwinUnet/Dataset/processed/Kvasir-SEG/images/cju35oyvd3y850988km12hdz1.jpg,0.96366,0.981494,0.999061
cju3tp94kfstl08181awh6z49,/Users/brian/Desktop/VCL318/Swin-ViT/ViTUnet vs SwinUnet/Dataset/processed/Kvasir-SEG/images/cju3tp94kfstl08181awh6z49.jpg,0.980159,0.98998,0.999756
cju3tsh4lfsok0987w6x3a0v1,/Users/brian/Desktop/VCL318/Swin-ViT/ViTUnet vs SwinUnet/Dataset/processed/Kvasir-SEG/images/cju3tsh4lfsok0987w6x3a0v1.jpg,0.962518,0.980901,0.998945
cju3ttznuftyf09875t11850w,/Users/brian/Desktop/VCL318/Swin-ViT/ViTUnet vs SwinUnet/Dataset/processed/Kvasir-SEG/images/cju3ttznuftyf09875t11850w.jpg,0.964661,0.982013,0.998849
cju3tvffffx5f0818t5ov22al,/Users/brian/Desktop/VCL318/Swin-ViT/ViTUnet vs SwinUnet/Dataset/processed/Kvasir-SEG/images/cju3tvffffx5f0818t5ov22al.jpg,0.945962,0.972231,0.996598
cju3tx1qyg0c907552fglumhc,/Users/brian/Desktop/VCL318/Swin-ViT/ViTUnet vs SwinUnet/Dataset/processed/Kvasir-SEG/images/cju3tx1qyg0c907552fglumhc.jpg,0.929877,0.963664,0.994758
cju3u1c8tfyqx08503iedc3mx,/Users/brian/Desktop/VCL318/Swin-ViT/ViTUnet vs SwinUnet/Dataset/processed/Kvasir-SEG/images/cju3u1c8tfyqx08503iedc3mx.jpg,0.956472,0.977752,0.99889
cju3u39fog1bo0871lxjrabks,/Users/brian/Desktop/VCL318/Swin-ViT/ViTUnet vs SwinUnet/Dataset/processed/Kvasir-SEG/images/cju3u39fog1bo0871lxjrabks.jpg,0.972961,0.986295,0.999672
cju3u4lxmg59o0755rz42b9en,/Users/brian/Desktop/VCL318/Swin-ViT/ViTUnet vs SwinUnet/Dataset/processed/Kvasir-SEG/images/cju3u4lxmg59o0755rz42b9en.jpg,0.969943,0.984742,0.99952
cju3u815rg4ek0850vvhtcvcm,/Users/brian/Desktop/VCL318/Swin-ViT/ViTUnet vs SwinUnet/Dataset/processed/Kvasir-SEG/images/cju3u815rg4ek0850vvhtcvcm.jpg,0.977988,0.988871,0.999619
cju3ua8u0g9rg0801uayhdxhu,/Users/brian/Desktop/VCL318/Swin-ViT/ViTUnet vs SwinUnet/Dataset/processed/Kvasir-SEG/images/cju3ua8u0g9rg0801uayhdxhu.jpg,0.973378,0.986509,0.999447
cju3uhb79gcgr0871orbrbi3x,/Users/brian/Desktop/VCL318/Swin-ViT/ViTUnet vs SwinUnet/Dataset/processed/Kvasir-SEG/images/cju3uhb79gcgr0871orbrbi3x.jpg,0.0,0.0,0.058647
cju3ul8dogf1z09872y2ecowp,/Users/brian/Desktop/VCL318/Swin-ViT/ViTUnet vs SwinUnet/Dataset/processed/Kvasir-SEG/images/cju3ul8dogf1z09872y2ecowp.jpg,0.954694,0.976822,0.998467
cju3umoh1geet0817cmpef5am,/Users/brian/Desktop/VCL318/Swin-ViT/ViTUnet vs SwinUnet/Dataset/processed/Kvasir-SEG/images/cju3umoh1geet0817cmpef5am.jpg,0.967059,0.983254,0.998639
cju3uwz6ogsp10801h2r3bj5l,/Users/brian/Desktop/VCL318/Swin-ViT/ViTUnet vs SwinUnet/Dataset/processed/Kvasir-SEG/images/cju3uwz6ogsp10801h2r3bj5l.jpg,0.965963,0.982687,0.999305
cju3uz4o6gr9z0850lhxyxvsj,/Users/brian/Desktop/VCL318/Swin-ViT/ViTUnet vs SwinUnet/Dataset/processed/Kvasir-SEG/images/cju3uz4o6gr9z0850lhxyxvsj.jpg,0.972188,0.985898,0.999486
cju3v0fl3gwce0755qkjhzmd4,/Users/brian/Desktop/VCL318/Swin-ViT/ViTUnet vs SwinUnet/Dataset/processed/Kvasir-SEG/images/cju3v0fl3gwce0755qkjhzmd4.jpg,0.974338,0.987002,0.999471
cju3v11mrgwwb0755u242ygye,/Users/brian/Desktop/VCL318/Swin-ViT/ViTUnet vs SwinUnet/Dataset/processed/Kvasir-SEG/images/cju3v11mrgwwb0755u242ygye.jpg,0.954204,0.976566,0.998673
cju3v3ac9gyz30755hfqwyp1i,/Users/brian/Desktop/VCL318/Swin-ViT/ViTUnet vs SwinUnet/Dataset/processed/Kvasir-SEG/images/cju3v3ac9gyz30755hfqwyp1i.jpg,0.90098,0.947911,0.995814
cju3v56bwgy8v0871w14pz8fx,/Users/brian/Desktop/VCL318/Swin-ViT/ViTUnet vs SwinUnet/Dataset/processed/Kvasir-SEG/images/cju3v56bwgy8v0871w14pz8fx.jpg,0.953392,0.97614,0.997262
cju3v664kh0px0818y4y7wolf,/Users/brian/Desktop/VCL318/Swin-ViT/ViTUnet vs SwinUnet/Dataset/processed/Kvasir-SEG/images/cju3v664kh0px0818y4y7wolf.jpg,0.955799,0.9774,0.998647
cju3v72v5h1qz0818fggilwtq,/Users/brian/Desktop/VCL318/Swin-ViT/ViTUnet vs SwinUnet/Dataset/processed/Kvasir-SEG/images/cju3v72v5h1qz0818fggilwtq.jpg,0.955496,0.977242,0.99915
cju3wstckialg0871xs0vevsj,/Users/brian/Desktop/VCL318/Swin-ViT/ViTUnet vs SwinUnet/Dataset/processed/Kvasir-SEG/images/cju3wstckialg0871xs0vevsj.jpg,0.981716,0.990773,0.999791
cju3x2s11ibzi0817kk284k0j,/Users/brian/Desktop/VCL318/Swin-ViT/ViTUnet vs SwinUnet/Dataset/processed/Kvasir-SEG/images/cju3x2s11ibzi0817kk284k0j.jpg,0.970337,0.984945,0.99938
cju3x4blzieu30850x10uuvbm,/Users/brian/Desktop/VCL318/Swin-ViT/ViTUnet vs SwinUnet/Dataset/processed/Kvasir-SEG/images/cju3x4blzieu30850x10uuvbm.jpg,0.805608,0.89234,0.914178
cju3x5u2tiihx0818914gzxy1,/Users/brian/Desktop/VCL318/Swin-ViT/ViTUnet vs SwinUnet/Dataset/processed/Kvasir-SEG/images/cju3x5u2tiihx0818914gzxy1.jpg,0.985339,0.992615,0.99983
cju3x7xsaijq80818f0psavav,/Users/brian/Desktop/VCL318/Swin-ViT/ViTUnet vs SwinUnet/Dataset/processed/Kvasir-SEG/images/cju3x7xsaijq80818f0psavav.jpg,0.976893,0.988311,0.999678
cju3x9lttikfb0818a0g104zn,/Users/brian/Desktop/VCL318/Swin-ViT/ViTUnet vs SwinUnet/Dataset/processed/Kvasir-SEG/images/cju3x9lttikfb0818a0g104zn.jpg,0.956835,0.977941,0.998634
cju3xeexgii1j0817zs68tb4g,/Users/brian/Desktop/VCL318/Swin-ViT/ViTUnet vs SwinUnet/Dataset/processed/Kvasir-SEG/images/cju3xeexgii1j0817zs68tb4g.jpg,0.965561,0.982479,0.999258
cju3xga12iixg0817dijbvjxw,/Users/brian/Desktop/VCL318/Swin-ViT/ViTUnet vs SwinUnet/Dataset/processed/Kvasir-SEG/images/cju3xga12iixg0817dijbvjxw.jpg,0.974276,0.986971,0.999369
cju3xhpvvimda0987ygrpzni2,/Users/brian/Desktop/VCL318/Swin-ViT/ViTUnet vs SwinUnet/Dataset/processed/Kvasir-SEG/images/cju3xhpvvimda0987ygrpzni2.jpg,0.951038,0.974905,0.997595
cju3xiic0ilzp0850lusrb42j,/Users/brian/Desktop/VCL318/Swin-ViT/ViTUnet vs SwinUnet/Dataset/processed/Kvasir-SEG/images/cju3xiic0ilzp0850lusrb42j.jpg,0.954515,0.976728,0.998788
cju3xjqtpikx50817tppy6g84,/Users/brian/Desktop/VCL318/Swin-ViT/ViTUnet vs SwinUnet/Dataset/processed/Kvasir-SEG/images/cju3xjqtpikx50817tppy6g84.jpg,0.97076,0.985163,0.999313
cju3xl264ingx0850rcf0rshj,/Users/brian/Desktop/VCL318/Swin-ViT/ViTUnet vs SwinUnet/Dataset/processed/Kvasir-SEG/images/cju3xl264ingx0850rcf0rshj.jpg,0.960272,0.979734,0.999051
cju3xtufwiv9c0818djsc4cqd,/Users/brian/Desktop/VCL318/Swin-ViT/ViTUnet vs SwinUnet/Dataset/processed/Kvasir-SEG/images/cju3xtufwiv9c0818djsc4cqd.jpg,0.948762,0.973707,0.99895
cju3xuj20ivgp0818mij8bjrd,/Users/brian/Desktop/VCL318/Swin-ViT/ViTUnet vs SwinUnet/Dataset/processed/Kvasir-SEG/images/cju3xuj20ivgp0818mij8bjrd.jpg,0.951892,0.975353,0.998745
cju3xvoo2iqlc0817eku2r3wl,/Users/brian/Desktop/VCL318/Swin-ViT/ViTUnet vs SwinUnet/Dataset/processed/Kvasir-SEG/images/cju3xvoo2iqlc0817eku2r3wl.jpg,0.967816,0.983645,0.998922
cju3xwpgviwlx0871rwm15q7v,/Users/brian/Desktop/VCL318/Swin-ViT/ViTUnet vs SwinUnet/Dataset/processed/Kvasir-SEG/images/cju3xwpgviwlx0871rwm15q7v.jpg,0.972793,0.986209,0.999492
cju3xzvnzj0hd0755xprz39nj,/Users/brian/Desktop/VCL318/Swin-ViT/ViTUnet vs SwinUnet/Dataset/processed/Kvasir-SEG/images/cju3xzvnzj0hd0755xprz39nj.jpg,0.979897,0.989846,0.999708
cju3y0pjrj1c30755nxekxccj,/Users/brian/Desktop/VCL318/Swin-ViT/ViTUnet vs SwinUnet/Dataset/processed/Kvasir-SEG/images/cju3y0pjrj1c30755nxekxccj.jpg,0.965973,0.982692,0.99941
cju3y21quj0ir0818kgjagr15,/Users/brian/Desktop/VCL318/Swin-ViT/ViTUnet vs SwinUnet/Dataset/processed/Kvasir-SEG/images/cju3y21quj0ir0818kgjagr15.jpg,0.888672,0.941055,0.988898
cju3y54kwj3nr0801biidlb4e,/Users/brian/Desktop/VCL318/Swin-ViT/ViTUnet vs SwinUnet/Dataset/processed/Kvasir-SEG/images/cju3y54kwj3nr0801biidlb4e.jpg,0.985185,0.992537,0.999872
cju3y79ofj3va0871uqfb1mzo,/Users/brian/Desktop/VCL318/Swin-ViT/ViTUnet vs SwinUnet/Dataset/processed/Kvasir-SEG/images/cju3y79ofj3va0871uqfb1mzo.jpg,0.960463,0.979833,0.99895
cju3y9difj6th0801kd1rqm3w,/Users/brian/Desktop/VCL318/Swin-ViT/ViTUnet vs SwinUnet/Dataset/processed/Kvasir-SEG/images/cju3y9difj6th0801kd1rqm3w.jpg,0.973669,0.986659,0.999733
cju3ya7goj6at0818v2l5ay7f,/Users/brian/Desktop/VCL318/Swin-ViT/ViTUnet vs SwinUnet/Dataset/processed/Kvasir-SEG/images/cju3ya7goj6at0818v2l5ay7f.jpg,0.927978,0.962644,0.996649
cju3yb47cj1xq0817zfotbni4,/Users/brian/Desktop/VCL318/Swin-ViT/ViTUnet vs SwinUnet/Dataset/processed/Kvasir-SEG/images/cju3yb47cj1xq0817zfotbni4.jpg,0.806183,0.892693,0.946874
cju3yht87j83m08507yk1u1fg,/Users/brian/Desktop/VCL318/Swin-ViT/ViTUnet vs SwinUnet/Dataset/processed/Kvasir-SEG/images/cju3yht87j83m08507yk1u1fg.jpg,0.981884,0.990859,0.999782
cju3ykamdj9u208503pygyuc8,/Users/brian/Desktop/VCL318/Swin-ViT/ViTUnet vs SwinUnet/Dataset/processed/Kvasir-SEG/images/cju3ykamdj9u208503pygyuc8.jpg,0.752363,0.858684,0.936508
cju40jl7skiuo0817p0smlgg8,/Users/brian/Desktop/VCL318/Swin-ViT/ViTUnet vs SwinUnet/Dataset/processed/Kvasir-SEG/images/cju40jl7skiuo0817p0smlgg8.jpg,0.858348,0.923776,0.984881
cju40m0rjkpw80871z6n6yg1u,/Users/brian/Desktop/VCL318/Swin-ViT/ViTUnet vs SwinUnet/Dataset/processed/Kvasir-SEG/images/cju40m0rjkpw80871z6n6yg1u.jpg,0.939095,0.968591,0.977797
cju40poe4kt9s0755f9cnm3h5,/Users/brian/Desktop/VCL318/Swin-ViT/ViTUnet vs SwinUnet/Dataset/processed/Kvasir-SEG/images/cju40poe4kt9s0755f9cnm3h5.jpg,0.913084,0.954567,0.997546
cju40r6jrksyk0871wg98zgho,/Users/brian/Desktop/VCL318/Swin-ViT/ViTUnet vs SwinUnet/Dataset/processed/Kvasir-SEG/images/cju40r6jrksyk0871wg98zgho.jpg,0.970319,0.984936,0.999306
cju40sdwukv3k0755y99ug1k8,/Users/brian/Desktop/VCL318/Swin-ViT/ViTUnet vs SwinUnet/Dataset/processed/Kvasir-SEG/images/cju40sdwukv3k0755y99ug1k8.jpg,0.965709,0.982555,0.999019
cju40taxlkrho0987smigg0x0,/Users/brian/Desktop/VCL318/Swin-ViT/ViTUnet vs SwinUnet/Dataset/processed/Kvasir-SEG/images/cju40taxlkrho0987smigg0x0.jpg,0.964943,0.982159,0.999101
cju40u30gkuzc0871rq7t666d,/Users/brian/Desktop/VCL318/Swin-ViT/ViTUnet vs SwinUnet/Dataset/processed/Kvasir-SEG/images/cju40u30gkuzc0871rq7t666d.jpg,0.960733,0.979973,0.99861
cju40w3hbkwpn08015rbs3wko,/Users/brian/Desktop/VCL318/Swin-ViT/ViTUnet vs SwinUnet/Dataset/processed/Kvasir-SEG/images/cju40w3hbkwpn08015rbs3wko.jpg,0.954263,0.976596,0.998393
cju40wto5kxwi0755it190f2k,/Users/brian/Desktop/VCL318/Swin-ViT/ViTUnet vs SwinUnet/Dataset/processed/Kvasir-SEG/images/cju40wto5kxwi0755it190f2k.jpg,0.974177,0.986919,0.99932
cju410dnfl0960755y8lu8d79,/Users/brian/Desktop/VCL318/Swin-ViT/ViTUnet vs SwinUnet/Dataset/processed/Kvasir-SEG/images/cju410dnfl0960755y8lu8d79.jpg,0.924555,0.960799,0.993345
cju412uwlkva50850d1ps1ww7,/Users/brian/Desktop/VCL318/Swin-ViT/ViTUnet vs SwinUnet/Dataset/processed/Kvasir-SEG/images/cju412uwlkva50850d1ps1ww7.jpg,0.96162,0.980434,0.998282
cju414lf2l1lt0801rl3hjllj,/Users/brian/Desktop/VCL318/Swin-ViT/ViTUnet vs SwinUnet/Dataset/processed/Kvasir-SEG/images/cju414lf2l1lt0801rl3hjllj.jpg,0.434867,0.606142,0.774178
cju418rckl3ur08012psrx1r1,/Users/brian/Desktop/VCL318/Swin-ViT/ViTUnet vs SwinUnet/Dataset/processed/Kvasir-SEG/images/cju418rckl3ur08012psrx1r1.jpg,0.962765,0.981029,0.998715
cju41kd7yl4nm0850gil5qqwh,/Users/brian/Desktop/VCL318/Swin-ViT/ViTUnet vs SwinUnet/Dataset/processed/Kvasir-SEG/images/cju41kd7yl4nm0850gil5qqwh.jpg,0.941014,0.969611,0.997928
cju41lojblbs307555jdci937,/Users/brian/Desktop/VCL318/Swin-ViT/ViTUnet vs SwinUnet/Dataset/processed/Kvasir-SEG/images/cju41lojblbs307555jdci937.jpg,0.965651,0.982526,0.999451
cju41nz76lcxu0755cya2qefx,/Users/brian/Desktop/VCL318/Swin-ViT/ViTUnet vs SwinUnet/Dataset/processed/Kvasir-SEG/images/cju41nz76lcxu0755cya2qefx.jpg,0.975861,0.987783,0.999566
cju41p90plcsx08018cnzpndc,/Users/brian/Desktop/VCL318/Swin-ViT/ViTUnet vs SwinUnet/Dataset/processed/Kvasir-SEG/images/cju41p90plcsx08018cnzpndc.jpg,0.929664,0.96355,0.997789
cju41r6v2lcww0871ps8k8pf5,/Users/brian/Desktop/VCL318/Swin-ViT/ViTUnet vs SwinUnet/Dataset/processed/Kvasir-SEG/images/cju41r6v2lcww0871ps8k8pf5.jpg,0.974466,0.987068,0.999571
cju41s6nbleqy0755e2mslg0b,/Users/brian/Desktop/VCL318/Swin-ViT/ViTUnet vs SwinUnet/Dataset/processed/Kvasir-SEG/images/cju41s6nbleqy0755e2mslg0b.jpg,0.974398,0.987033,0.999542
cju41z76wlgbz0801qdetlvby,/Users/brian/Desktop/VCL318/Swin-ViT/ViTUnet vs SwinUnet/Dataset/processed/Kvasir-SEG/images/cju41z76wlgbz0801qdetlvby.jpg,0.974752,0.987215,0.99968
cju422cm8lfxn0818ojicxejb,/Users/brian/Desktop/VCL318/Swin-ViT/ViTUnet vs SwinUnet/Dataset/processed/Kvasir-SEG/images/cju422cm8lfxn0818ojicxejb.jpg,0.964621,0.981992,0.999304
cju424hy5lckr085073fva1ok,/Users/brian/Desktop/VCL318/Swin-ViT/ViTUnet vs SwinUnet/Dataset/processed/Kvasir-SEG/images/cju424hy5lckr085073fva1ok.jpg,0.973411,0.986526,0.999517
cju426tomlhll0818fc0i7nvh,/Users/brian/Desktop/VCL318/Swin-ViT/ViTUnet vs SwinUnet/Dataset/processed/Kvasir-SEG/images/cju426tomlhll0818fc0i7nvh.jpg,0.962836,0.981066,0.999405
cju428k5fldt108177s6g6f45,/Users/brian/Desktop/VCL318/Swin-ViT/ViTUnet vs SwinUnet/Dataset/processed/Kvasir-SEG/images/cju428k5fldt108177s6g6f45.jpg,0.975837,0.987771,0.999657
cju42dwedlmk60871jbgu4ehi,/Users/brian/Desktop/VCL318/Swin-ViT/ViTUnet vs SwinUnet/Dataset/processed/Kvasir-SEG/images/cju42dwedlmk60871jbgu4ehi.jpg,0.976761,0.988244,0.999557
cju42g865lorv07552ytz6xxa,/Users/brian/Desktop/VCL318/Swin-ViT/ViTUnet vs SwinUnet/Dataset/processed/Kvasir-SEG/images/cju42g865lorv07552ytz6xxa.jpg,0.974553,0.987113,0.999687
cju42m60jlpcm08186kqppzqv,/Users/brian/Desktop/VCL318/Swin-ViT/ViTUnet vs SwinUnet/Dataset/processed/Kvasir-SEG/images/cju42m60jlpcm08186kqppzqv.jpg,0.96571,0.982556,0.999209
cju42nm68lpyo0818xvvqmupq,/Users/brian/Desktop/VCL318/Swin-ViT/ViTUnet vs SwinUnet/Dataset/processed/Kvasir-SEG/images/cju42nm68lpyo0818xvvqmupq.jpg,0.967284,0.98337,0.999459
cju42py9mlqyd0818u3d1d7ga,/Users/brian/Desktop/VCL318/Swin-ViT/ViTUnet vs SwinUnet/Dataset/processed/Kvasir-SEG/images/cju42py9mlqyd0818u3d1d7ga.jpg,0.955145,0.977058,0.998888
cju42qet0lsq90871e50xbnuv,/Users/brian/Desktop/VCL318/Swin-ViT/ViTUnet vs SwinUnet/Dataset/processed/Kvasir-SEG/images/cju42qet0lsq90871e50xbnuv.jpg,0.96731,0.983383,0.999494
cju42romflni20817etb9a0fl,/Users/brian/Desktop/VCL318/Swin-ViT/ViTUnet vs SwinUnet/Dataset/processed/Kvasir-SEG/images/cju42romflni20817etb9a0fl.jpg,0.972146,0.985876,0.999471
cju42tauqlo5p08171l3cuo4b,/Users/brian/Desktop/VCL318/Swin-ViT/ViTUnet vs SwinUnet/Dataset/processed/Kvasir-SEG/images/cju42tauqlo5p08171l3cuo4b.jpg,0.949346,0.974015,0.997349
cju42u5bjlvi10801dc13sskp,/Users/brian/Desktop/VCL318/Swin-ViT/ViTUnet vs SwinUnet/Dataset/processed/Kvasir-SEG/images/cju42u5bjlvi10801dc13sskp.jpg,0.969823,0.984681,0.99931
cju42wamblrqn098798r2yyok,/Users/brian/Desktop/VCL318/Swin-ViT/ViTUnet vs SwinUnet/Dataset/processed/Kvasir-SEG/images/cju42wamblrqn098798r2yyok.jpg,0.976548,0.988135,0.999286
cju42xpi8lw4w0871ve317a1p,/Users/brian/Desktop/VCL318/Swin-ViT/ViTUnet vs SwinUnet/Dataset/processed/Kvasir-SEG/images/cju42xpi8lw4w0871ve317a1p.jpg,0.969975,0.984759,0.999283
cju430pm2lz0y0755jkhcc3d1,/Users/brian/Desktop/VCL318/Swin-ViT/ViTUnet vs SwinUnet/Dataset/processed/Kvasir-SEG/images/cju430pm2lz0y0755jkhcc3d1.jpg,0.918404,0.957467,0.991397
cju439oazm2fu0871ma0vvrft,/Users/brian/Desktop/VCL318/Swin-ViT/ViTUnet vs SwinUnet/Dataset/processed/Kvasir-SEG/images/cju439oazm2fu0871ma0vvrft.jpg,0.962684,0.980987,0.998997
cju43b8daly4408170e5ev06g,/Users/brian/Desktop/VCL318/Swin-ViT/ViTUnet vs SwinUnet/Dataset/processed/Kvasir-SEG/images/cju43b8daly4408170e5ev06g.jpg,0.979152,0.989466,0.999681
cju43c92lm5cj0755lorsorfg,/Users/brian/Desktop/VCL318/Swin-ViT/ViTUnet vs SwinUnet/Dataset/processed/Kvasir-SEG/images/cju43c92lm5cj0755lorsorfg.jpg,0.898825,0.946717,0.995027
cju43eigtm6ev0801mv0m96t1,/Users/brian/Desktop/VCL318/Swin-ViT/ViTUnet vs SwinUnet/Dataset/processed/Kvasir-SEG/images/cju43eigtm6ev0801mv0m96t1.jpg,0.983969,0.99192,0.999793
cju43gfosm63n08714rpih8pe,/Users/brian/Desktop/VCL318/Swin-ViT/ViTUnet vs SwinUnet/Dataset/processed/Kvasir-SEG/images/cju43gfosm63n08714rpih8pe.jpg,0.973808,0.98673,0.999507
cju43h43am1dy08176gwfhmnt,/Users/brian/Desktop/VCL318/Swin-ViT/ViTUnet vs SwinUnet/Dataset/processed/Kvasir-SEG/images/cju43h43am1dy08176gwfhmnt.jpg,0.862047,0.925914,0.994018
cju43in5fm22c08175rxziqrk,/Users/brian/Desktop/VCL318/Swin-ViT/ViTUnet vs SwinUnet/Dataset/processed/Kvasir-SEG/images/cju43in5fm22c08175rxziqrk.jpg,0.979616,0.989703,0.999562
cju43jcqim2cp08172dvjvyui,/Users/brian/Desktop/VCL318/Swin-ViT/ViTUnet vs SwinUnet/Dataset/processed/Kvasir-SEG/images/cju43jcqim2cp08172dvjvyui.jpg,0.904762,0.95,0.994538
cju43kj2pm34f0850l28ahpni,/Users/brian/Desktop/VCL318/Swin-ViT/ViTUnet vs SwinUnet/Dataset/processed/Kvasir-SEG/images/cju43kj2pm34f0850l28ahpni.jpg,0.726946,0.841886,0.984377
cju43lcnum9y10755bjs7z87f,/Users/brian/Desktop/VCL318/Swin-ViT/ViTUnet vs SwinUnet/Dataset/processed/Kvasir-SEG/images/cju43lcnum9y10755bjs7z87f.jpg,0.960971,0.980097,0.999236
cju43mkj9m8wb0871qiadahub,/Users/brian/Desktop/VCL318/Swin-ViT/ViTUnet vs SwinUnet/Dataset/processed/Kvasir-SEG/images/cju43mkj9m8wb0871qiadahub.jpg,0.967786,0.983629,0.999155
cju43o6n7m9nk087191ijwqq9,/Users/brian/Desktop/VCL318/Swin-ViT/ViTUnet vs SwinUnet/Dataset/processed/Kvasir-SEG/images/cju43o6n7m9nk087191ijwqq9.jpg,0.97061,0.985086,0.99912
cju45jpvfn6c809873pv1i34s,/Users/brian/Desktop/VCL318/Swin-ViT/ViTUnet vs SwinUnet/Dataset/processed/Kvasir-SEG/images/cju45jpvfn6c809873pv1i34s.jpg,0.973837,0.986745,0.999488
cju45lbgznahl08180xz1h7u6,/Users/brian/Desktop/VCL318/Swin-ViT/ViTUnet vs SwinUnet/Dataset/processed/Kvasir-SEG/images/cju45lbgznahl08180xz1h7u6.jpg,0.977851,0.988802,0.99969
cju45n0oxn5vu08500yfrt9jn,/Users/brian/Desktop/VCL318/Swin-ViT/ViTUnet vs SwinUnet/Dataset/processed/Kvasir-SEG/images/cju45n0oxn5vu08500yfrt9jn.jpg,0.967579,0.983522,0.999191
cju45ofd9ne1j0801ri8dup7t,/Users/brian/Desktop/VCL318/Swin-ViT/ViTUnet vs SwinUnet/Dataset/processed/Kvasir-SEG/images/cju45ofd9ne1j0801ri8dup7t.jpg,0.785204,0.87968,0.96004
cju45pm27n80u08174kyow1gj,/Users/brian/Desktop/VCL318/Swin-ViT/ViTUnet vs SwinUnet/Dataset/processed/Kvasir-SEG/images/cju45pm27n80u08174kyow1gj.jpg,0.972657,0.986139,0.999392
cju45qbf3n9sa0987oonbkly9,/Users/brian/Desktop/VCL318/Swin-ViT/ViTUnet vs SwinUnet/Dataset/processed/Kvasir-SEG/images/cju45qbf3n9sa0987oonbkly9.jpg,0.967213,0.983333,0.999266
cju45rj7ln8980850a7821fov,/Users/brian/Desktop/VCL318/Swin-ViT/ViTUnet vs SwinUnet/Dataset/processed/Kvasir-SEG/images/cju45rj7ln8980850a7821fov.jpg,0.963974,0.981656,0.998992
cju45t5ddnbio0987qtqzx762,/Users/brian/Desktop/VCL318/Swin-ViT/ViTUnet vs SwinUnet/Dataset/processed/Kvasir-SEG/images/cju45t5ddnbio0987qtqzx762.jpg,0.965192,0.982288,0.999146
cju45ty6zn9oz0850qy4qnck1,/Users/brian/Desktop/VCL318/Swin-ViT/ViTUnet vs SwinUnet/Dataset/processed/Kvasir-SEG/images/cju45ty6zn9oz0850qy4qnck1.jpg,0.974459,0.987065,0.999472
cju45v0pungu40871acnwtmu5,/Users/brian/Desktop/VCL318/Swin-ViT/ViTUnet vs SwinUnet/Dataset/processed/Kvasir-SEG/images/cju45v0pungu40871acnwtmu5.jpg,0.976925,0.988328,0.999607
cju5b9oyda4yr0850g9viziyv,/Users/brian/Desktop/VCL318/Swin-ViT/ViTUnet vs SwinUnet/Dataset/processed/Kvasir-SEG/images/cju5b9oyda4yr0850g9viziyv.jpg,0.956499,0.977766,0.998314
cju5bbtwsa8cl0987wgfsqpao,/Users/brian/Desktop/VCL318/Swin-ViT/ViTUnet vs SwinUnet/Dataset/processed/Kvasir-SEG/images/cju5bbtwsa8cl0987wgfsqpao.jpg,0.927241,0.962247,0.989351
cju5bdwa3aatx0818b79i18zf,/Users/brian/Desktop/VCL318/Swin-ViT/ViTUnet vs SwinUnet/Dataset/processed/Kvasir-SEG/images/cju5bdwa3aatx0818b79i18zf.jpg,0.958288,0.9787,0.998762
cju5bf6hxa6m50817rbwettgu,/Users/brian/Desktop/VCL318/Swin-ViT/ViTUnet vs SwinUnet/Dataset/processed/Kvasir-SEG/images/cju5bf6hxa6m50817rbwettgu.jpg,0.963128,0.981218,0.998875
cju5bhv81abur0850ean02atv,/Users/brian/Desktop/VCL318/Swin-ViT/ViTUnet vs SwinUnet/Dataset/processed/Kvasir-SEG/images/cju5bhv81abur0850ean02atv.jpg,0.759933,0.863593,0.988523
cju5bj926aiec07559rshy4wa,/Users/brian/Desktop/VCL318/Swin-ViT/ViTUnet vs SwinUnet/Dataset/processed/Kvasir-SEG/images/cju5bj926aiec07559rshy4wa.jpg,0.931368,0.964464,0.994514
cju5bmhdcafs909878qfzrqzi,/Users/brian/Desktop/VCL318/Swin-ViT/ViTUnet vs SwinUnet/Dataset/processed/Kvasir-SEG/images/cju5bmhdcafs909878qfzrqzi.jpg,0.527991,0.691092,0.816573
cju5boicjagt20871b1fotkh4,/Users/brian/Desktop/VCL318/Swin-ViT/ViTUnet vs SwinUnet/Dataset/processed/Kvasir-SEG/images/cju5boicjagt20871b1fotkh4.jpg,0.985265,0.992578,0.999895
cju5buy2bal250818ipl6fqwv,/Users/brian/Desktop/VCL318/Swin-ViT/ViTUnet vs SwinUnet/Dataset/processed/Kvasir-SEG/images/cju5buy2bal250818ipl6fqwv.jpg,0.964921,0.982147,0.998948
cju5bwhapakm90987c1v4z46a,/Users/brian/Desktop/VCL318/Swin-ViT/ViTUnet vs SwinUnet/Dataset/processed/Kvasir-SEG/images/cju5bwhapakm90987c1v4z46a.jpg,0.95362,0.976259,0.99845
cju5bycdkalkb09875f7bfrvx,/Users/brian/Desktop/VCL318/Swin-ViT/ViTUnet vs SwinUnet/Dataset/processed/Kvasir-SEG/images/cju5bycdkalkb09875f7bfrvx.jpg,0.700598,0.823943,0.890896
cju5c5xc7algd0817pb1ej5yo,/Users/brian/Desktop/VCL318/Swin-ViT/ViTUnet vs SwinUnet/Dataset/processed/Kvasir-SEG/images/cju5c5xc7algd0817pb1ej5yo.jpg,0.972108,0.985857,0.999332
cju5c7oijaqmq09878qwgqv8n,/Users/brian/Desktop/VCL318/Swin-ViT/ViTUnet vs SwinUnet/Dataset/processed/Kvasir-SEG/images/cju5c7oijaqmq09878qwgqv8n.jpg,0.974121,0.986891,0.999657
cju5ca9hcatkc0801jzwe7tfx,/Users/brian/Desktop/VCL318/Swin-ViT/ViTUnet vs SwinUnet/Dataset/processed/Kvasir-SEG/images/cju5ca9hcatkc0801jzwe7tfx.jpg,0.952271,0.975552,0.996078
cju5ccpvqash50850kb4bs22k,/Users/brian/Desktop/VCL318/Swin-ViT/ViTUnet vs SwinUnet/Dataset/processed/Kvasir-SEG/images/cju5ccpvqash50850kb4bs22k.jpg,0.974979,0.987331,0.99931
cju5cetivauok0987ok3e5bre,/Users/brian/Desktop/VCL318/Swin-ViT/ViTUnet vs SwinUnet/Dataset/processed/Kvasir-SEG/images/cju5cetivauok0987ok3e5bre.jpg,0.971004,0.985289,0.999402
cju5chrxxawka0871qcj171yz,/Users/brian/Desktop/VCL318/Swin-ViT/ViTUnet vs SwinUnet/Dataset/processed/Kvasir-SEG/images/cju5chrxxawka0871qcj171yz.jpg,0.970069,0.984807,0.999537
cju5cjh3xattc0817j2vbulzi,/Users/brian/Desktop/VCL318/Swin-ViT/ViTUnet vs SwinUnet/Dataset/processed/Kvasir-SEG/images/cju5cjh3xattc0817j2vbulzi.jpg,0.951082,0.974928,0.997852
cju5cky5xb0ay0801oxet697t,/Users/brian/Desktop/VCL318/Swin-ViT/ViTUnet vs SwinUnet/Dataset/processed/Kvasir-SEG/images/cju5cky5xb0ay0801oxet697t.jpg,0.963649,0.981488,0.99876
cju5clr68b48r0755cmuvponm,/Users/brian/Desktop/VCL318/Swin-ViT/ViTUnet vs SwinUnet/Dataset/processed/Kvasir-SEG/images/cju5clr68b48r0755cmuvponm.jpg,0.969297,0.984409,0.999431
cju5cu8qkb84x08186jwo8yin,/Users/brian/Desktop/VCL318/Swin-ViT/ViTUnet vs SwinUnet/Dataset/processed/Kvasir-SEG/images/cju5cu8qkb84x08186jwo8yin.jpg,0.42952,0.600929,0.558947
cju5ddda9bkkt0850enzwatb1,/Users/brian/Desktop/VCL318/Swin-ViT/ViTUnet vs SwinUnet/Dataset/processed/Kvasir-SEG/images/cju5ddda9bkkt0850enzwatb1.jpg,0.929679,0.963558,0.996777
cju5eftctcdbj08712gdp989f,/Users/brian/Desktop/VCL318/Swin-ViT/ViTUnet vs SwinUnet/Dataset/processed/Kvasir-SEG/images/cju5eftctcdbj08712gdp989f.jpg,0.97012,0.984833,0.998717
cju5ekty5ckzf07550c9u3ckk,/Users/brian/Desktop/VCL318/Swin-ViT/ViTUnet vs SwinUnet/Dataset/processed/Kvasir-SEG/images/cju5ekty5ckzf07550c9u3ckk.jpg,0.970089,0.984817,0.998753
cju5enq1tcn1i0755hnkon787,/Users/brian/Desktop/VCL318/Swin-ViT/ViTUnet vs SwinUnet/Dataset/processed/Kvasir-SEG/images/cju5enq1tcn1i0755hnkon787.jpg,0.964844,0.982108,0.999283
cju5eq8c8ck690850vix98hv3,/Users/brian/Desktop/VCL318/Swin-ViT/ViTUnet vs SwinUnet/Dataset/processed/Kvasir-SEG/images/cju5eq8c8ck690850vix98hv3.jpg,0.973142,0.986388,0.999254
cju5es375cnzy0801nkq35ffs,/Users/brian/Desktop/VCL318/Swin-ViT/ViTUnet vs SwinUnet/Dataset/processed/Kvasir-SEG/images/cju5es375cnzy0801nkq35ffs.jpg,0.959517,0.97934,0.99812
cju5ew4h9cqaf0818rrczkmqh,/Users/brian/Desktop/VCL318/Swin-ViT/ViTUnet vs SwinUnet/Dataset/processed/Kvasir-SEG/images/cju5ew4h9cqaf0818rrczkmqh.jpg,0.960381,0.97979,0.998702
cju5eyfe9cpk90987laa7tsl3,/Users/brian/Desktop/VCL318/Swin-ViT/ViTUnet vs SwinUnet/Dataset/processed/Kvasir-SEG/images/cju5eyfe9cpk90987laa7tsl3.jpg,0.95053,0.974637,0.99545
cju5f0dezct4q08183ydw11dx,/Users/brian/Desktop/VCL318/Swin-ViT/ViTUnet vs SwinUnet/Dataset/processed/Kvasir-SEG/images/cju5f0dezct4q08183ydw11dx.jpg,0.96965,0.984591,0.999322
cju5f26ebcuai0818xlwh6116,/Users/brian/Desktop/VCL318/Swin-ViT/ViTUnet vs SwinUnet/Dataset/processed/Kvasir-SEG/images/cju5f26ebcuai0818xlwh6116.jpg,0.905383,0.950342,0.992966
cju5f8hxdcxxn08188obby0ea,/Users/brian/Desktop/VCL318/Swin-ViT/ViTUnet vs SwinUnet/Dataset/processed/Kvasir-SEG/images/cju5f8hxdcxxn08188obby0ea.jpg,0.944024,0.971206,0.998206
cju5fb86jd1jp0755b1ukbhq5,/Users/brian/Desktop/VCL318/Swin-ViT/ViTUnet vs SwinUnet/Dataset/processed/Kvasir-SEG/images/cju5fb86jd1jp0755b1ukbhq5.jpg,0.976819,0.988273,0.999645
cju5fi0yxd3ei0801v7u0yudn,/Users/brian/Desktop/VCL318/Swin-ViT/ViTUnet vs SwinUnet/Dataset/processed/Kvasir-SEG/images/cju5fi0yxd3ei0801v7u0yudn.jpg,0.956238,0.97763,0.998744
cju5fs6j6d8350801vglraq4u,/Users/brian/Desktop/VCL318/Swin-ViT/ViTUnet vs SwinUnet/Dataset/processed/Kvasir-SEG/images/cju5fs6j6d8350801vglraq4u.jpg,0.978613,0.989191,0.999685
cju5ft6mcd5q40987rhjgbrr6,/Users/brian/Desktop/VCL318/Swin-ViT/ViTUnet vs SwinUnet/Dataset/processed/Kvasir-SEG/images/cju5ft6mcd5q40987rhjgbrr6.jpg,0.917894,0.957189,0.99324
cju5fu081d8gc0818l3yylujk,/Users/brian/Desktop/VCL318/Swin-ViT/ViTUnet vs SwinUnet/Dataset/processed/Kvasir-SEG/images/cju5fu081d8gc0818l3yylujk.jpg,0.851657,0.919886,0.983602
cju5fw37edaae0801vkwvocn7,/Users/brian/Desktop/VCL318/Swin-ViT/ViTUnet vs SwinUnet/Dataset/processed/Kvasir-SEG/images/cju5fw37edaae0801vkwvocn7.jpg,0.967803,0.983638,0.999044
cju5fydrud94708507vo6oy21,/Users/brian/Desktop/VCL318/Swin-ViT/ViTUnet vs SwinUnet/Dataset/processed/Kvasir-SEG/images/cju5fydrud94708507vo6oy21.jpg,0.973624,0.986636,0.999409
cju5g163vd6mt0817uccuga6u,/Users/brian/Desktop/VCL318/Swin-ViT/ViTUnet vs SwinUnet/Dataset/processed/Kvasir-SEG/images/cju5g163vd6mt0817uccuga6u.jpg,0.953681,0.976291,0.998875
cju5gucasds9d0801019axylx,/Users/brian/Desktop/VCL318/Swin-ViT/ViTUnet vs SwinUnet/Dataset/processed/Kvasir-SEG/images/cju5gucasds9d0801019axylx.jpg,0.941599,0.969921,0.998273
cju5h57xedz5h0755mjpc8694,/Users/brian/Desktop/VCL318/Swin-ViT/ViTUnet vs SwinUnet/Dataset/processed/Kvasir-SEG/images/cju5h57xedz5h0755mjpc8694.jpg,0.986957,0.993436,0.999877
cju5hi52odyf90817prvcwg45,/Users/brian/Desktop/VCL318/Swin-ViT/ViTUnet vs SwinUnet/Dataset/processed/Kvasir-SEG/images/cju5hi52odyf90817prvcwg45.jpg,0.551263,0.710728,0.905366
cju5hjxaae3i40850h5z2laf5,/Users/brian/Desktop/VCL318/Swin-ViT/ViTUnet vs SwinUnet/Dataset/processed/Kvasir-SEG/images/cju5hjxaae3i40850h5z2laf5.jpg,0.973559,0.986602,0.999453
cju5hl8nee8a40755fm8qjj0o,/Users/brian/Desktop/VCL318/Swin-ViT/ViTUnet vs SwinUnet/Dataset/processed/Kvasir-SEG/images/cju5hl8nee8a40755fm8qjj0o.jpg,0.956981,0.978018,0.998678
cju5hqz50e7o90850e0prlpa0,/Users/brian/Desktop/VCL318/Swin-ViT/ViTUnet vs SwinUnet/Dataset/processed/Kvasir-SEG/images/cju5hqz50e7o90850e0prlpa0.jpg,0.919434,0.958026,0.99652
cju5ht88gedbu0755xrcuddcx,/Users/brian/Desktop/VCL318/Swin-ViT/ViTUnet vs SwinUnet/Dataset/processed/Kvasir-SEG/images/cju5ht88gedbu0755xrcuddcx.jpg,0.962242,0.980758,0.999049
cju5huurrecm70801y680y13m,/Users/brian/Desktop/VCL318/Swin-ViT/ViTUnet vs SwinUnet/Dataset/processed/Kvasir-SEG/images/cju5huurrecm70801y680y13m.jpg,0.968523,0.98401,0.999201
cju5hwonqedw10801vsd3w6kk,/Users/brian/Desktop/VCL318/Swin-ViT/ViTUnet vs SwinUnet/Dataset/processed/Kvasir-SEG/images/cju5hwonqedw10801vsd3w6kk.jpg,0.969135,0.984325,0.999277
cju5hyi9yegob0755ho3do8en,/Users/brian/Desktop/VCL318/Swin-ViT/ViTUnet vs SwinUnet/Dataset/processed/Kvasir-SEG/images/cju5hyi9yegob0755ho3do8en.jpg,0.921047,0.958901,0.995489
cju5i39mreass0817au8p22zy,/Users/brian/Desktop/VCL318/Swin-ViT/ViTUnet vs SwinUnet/Dataset/processed/Kvasir-SEG/images/cju5i39mreass0817au8p22zy.jpg,0.401817,0.57328,0.829623
cju5i5oh2efg60987ez6cpf72,/Users/brian/Desktop/VCL318/Swin-ViT/ViTUnet vs SwinUnet/Dataset/processed/Kvasir-SEG/images/cju5i5oh2efg60987ez6cpf72.jpg,0.982065,0.990951,0.999721
cju5jx7jzf7c90871c2i9aiov,/Users/brian/Desktop/VCL318/Swin-ViT/ViTUnet vs SwinUnet/Dataset/processed/Kvasir-SEG/images/cju5jx7jzf7c90871c2i9aiov.jpg,0.969543,0.984536,0.998908
cju5jz5fff8c50871hbe6108f,/Users/brian/Desktop/VCL318/Swin-ViT/ViTUnet vs SwinUnet/Dataset/processed/Kvasir-SEG/images/cju5jz5fff8c50871hbe6108f.jpg,0.974093,0.986876,0.998557
cju5k3j3uf6de0817hszzfr7n,/Users/brian/Desktop/VCL318/Swin-ViT/ViTUnet vs SwinUnet/Dataset/processed/Kvasir-SEG/images/cju5k3j3uf6de0817hszzfr7n.jpg,0.96,0.979592,0.998372
cju5k503sfa5f0871lx0rpu5y,/Users/brian/Desktop/VCL318/Swin-ViT/ViTUnet vs SwinUnet/Dataset/processed/Kvasir-SEG/images/cju5k503sfa5f0871lx0rpu5y.jpg,0.927709,0.962499,0.995579
cju5k7r0yf98c09878csbxb4d,/Users/brian/Desktop/VCL318/Swin-ViT/ViTUnet vs SwinUnet/Dataset/processed/Kvasir-SEG/images/cju5k7r0yf98c09878csbxb4d.jpg,0.867873,0.929264,0.996902
cju5klveuff6w0871wbibgh3m,/Users/brian/Desktop/VCL318/Swin-ViT/ViTUnet vs SwinUnet/Dataset/processed/Kvasir-SEG/images/cju5klveuff6w0871wbibgh3m.jpg,0.839024,0.912467,0.979708
cju5knbbqfipk080128cggukq,/Users/brian/Desktop/VCL318/Swin-ViT/ViTUnet vs SwinUnet/Dataset/processed/Kvasir-SEG/images/cju5knbbqfipk080128cggukq.jpg,0.97702,0.988377,0.999491
cju5kre09fhka0850h7b1898j,/Users/brian/Desktop/VCL318/Swin-ViT/ViTUnet vs SwinUnet/Dataset/processed/Kvasir-SEG/images/cju5kre09fhka0850h7b1898j.jpg,0.963892,0.981614,0.999454
cju5ktjwofed70817eg58ef7u,/Users/brian/Desktop/VCL318/Swin-ViT/ViTUnet vs SwinUnet/Dataset/processed/Kvasir-SEG/images/cju5ktjwofed70817eg58ef7u.jpg,0.964512,0.981935,0.999229
cju5nxkujgscq0817l9gss626,/Users/brian/Desktop/VCL318/Swin-ViT/ViTUnet vs SwinUnet/Dataset/processed/Kvasir-SEG/images/cju5nxkujgscq0817l9gss626.jpg,0.960381,0.97979,0.99898
cju5nyu31gv8e0871zpk74a2n,/Users/brian/Desktop/VCL318/Swin-ViT/ViTUnet vs SwinUnet/Dataset/processed/Kvasir-SEG/images/cju5nyu31gv8e0871zpk74a2n.jpg,0.900204,0.947481,0.976456
cju5o1vu9gz8a0818eyy92bns,/Users/brian/Desktop/VCL318/Swin-ViT/ViTUnet vs SwinUnet/Dataset/processed/Kvasir-SEG/images/cju5o1vu9gz8a0818eyy92bns.jpg,0.969608,0.984569,0.999267
cju5o4pk9h0720755lgp9jq8m,/Users/brian/Desktop/VCL318/Swin-ViT/ViTUnet vs SwinUnet/Dataset/processed/Kvasir-SEG/images/cju5o4pk9h0720755lgp9jq8m.jpg,0.983322,0.991591,0.999793
cju5tenjojp1j0755ms4949h2,/Users/brian/Desktop/VCL318/Swin-ViT/ViTUnet vs SwinUnet/Dataset/processed/Kvasir-SEG/images/cju5tenjojp1j0755ms4949h2.jpg,0.974781,0.987229,0.999678
cju5tgbzhjllu08174ca41eus,/Users/brian/Desktop/VCL318/Swin-ViT/ViTUnet vs SwinUnet/Dataset/processed/Kvasir-SEG/images/cju5tgbzhjllu08174ca41eus.jpg,0.348348,0.516704,0.807027
cju5thdbrjp1108715xdfx356,/Users/brian/Desktop/VCL318/Swin-ViT/ViTUnet vs SwinUnet/Dataset/processed/Kvasir-SEG/images/cju5thdbrjp1108715xdfx356.jpg,0.940191,0.969174,0.997616
cju5u4pywk81x0817vn9pe14z,/Users/brian/Desktop/VCL318/Swin-ViT/ViTUnet vs SwinUnet/Dataset/processed/Kvasir-SEG/images/cju5u4pywk81x0817vn9pe14z.jpg,0.967526,0.983495,0.999278
cju5u6wf0kh1t0755bg1ssixv,/Users/brian/Desktop/VCL318/Swin-ViT/ViTUnet vs SwinUnet/Dataset/processed/Kvasir-SEG/images/cju5u6wf0kh1t0755bg1ssixv.jpg,0.983525,0.991694,0.999796
cju5u8gz4kj5b07552e2wpkwp,/Users/brian/Desktop/VCL318/Swin-ViT/ViTUnet vs SwinUnet/Dataset/processed/Kvasir-SEG/images/cju5u8gz4kj5b07552e2wpkwp.jpg,0.974264,0.986964,0.999445
cju5udcufki0s09874ll1dbr5,/Users/brian/Desktop/VCL318/Swin-ViT/ViTUnet vs SwinUnet/Dataset/processed/Kvasir-SEG/images/cju5udcufki0s09874ll1dbr5.jpg,0.97005,0.984797,0.999221
cju5ufn3skquf0818dhapnhba,/Users/brian/Desktop/VCL318/Swin-ViT/ViTUnet vs SwinUnet/Dataset/processed/Kvasir-SEG/images/cju5ufn3skquf0818dhapnhba.jpg,0.956655,0.977847,0.998739
cju5uget8krjy0818kvywd0zu,/Users/brian/Desktop/VCL318/Swin-ViT/ViTUnet vs SwinUnet/Dataset/processed/Kvasir-SEG/images/cju5uget8krjy0818kvywd0zu.jpg,0.946237,0.972376,0.997806
cju5uhrdwkmsu0817ervv91l8,/Users/brian/Desktop/VCL318/Swin-ViT/ViTUnet vs SwinUnet/Dataset/processed/Kvasir-SEG/images/cju5uhrdwkmsu0817ervv91l8.jpg,0.922669,0.95978,0.996443
cju5ukkg6kv7u08011x2b6zl5,/Users/brian/Desktop/VCL318/Swin-ViT/ViTUnet vs SwinUnet/Dataset/processed/Kvasir-SEG/images/cju5ukkg6kv7u08011x2b6zl5.jpg,0.969777,0.984657,0.99938
cju5uxjnol2r509871qv2yeia,/Users/brian/Desktop/VCL318/Swin-ViT/ViTUnet vs SwinUnet/Dataset/processed/Kvasir-SEG/images/cju5uxjnol2r509871qv2yeia.jpg,0.966984,0.983215,0.998756
cju5uzmaol56l0817flxh4w9p,/Users/brian/Desktop/VCL318/Swin-ViT/ViTUnet vs SwinUnet/Dataset/processed/Kvasir-SEG/images/cju5uzmaol56l0817flxh4w9p.jpg,0.952433,0.975637,0.998484
cju5v8pgplg6k0755rvi2t63h,/Users/brian/Desktop/VCL318/Swin-ViT/ViTUnet vs SwinUnet/Dataset/processed/Kvasir-SEG/images/cju5v8pgplg6k0755rvi2t63h.jpg,0.960644,0.979927,0.998104
cju5vbo6jldrt0871jf6f1700,/Users/brian/Desktop/VCL318/Swin-ViT/ViTUnet vs SwinUnet/Dataset/processed/Kvasir-SEG/images/cju5vbo6jldrt0871jf6f1700.jpg,0.969971,0.984757,0.99955
cju5vcmrqla7i0817x4sp4pqw,/Users/brian/Desktop/VCL318/Swin-ViT/ViTUnet vs SwinUnet/Dataset/processed/Kvasir-SEG/images/cju5vcmrqla7i0817x4sp4pqw.jpg,0.963257,0.981285,0.998306
cju5vgawslbe30987ndeepc1b,/Users/brian/Desktop/VCL318/Swin-ViT/ViTUnet vs SwinUnet/Dataset/processed/Kvasir-SEG/images/cju5vgawslbe30987ndeepc1b.jpg,0.977222,0.98848,0.999206
cju5vi4nxlc530817uoqm2m7a,/Users/brian/Desktop/VCL318/Swin-ViT/ViTUnet vs SwinUnet/Dataset/processed/Kvasir-SEG/images/cju5vi4nxlc530817uoqm2m7a.jpg,0.977396,0.988569,0.99979
cju5von04litr08718j8po40a,/Users/brian/Desktop/VCL318/Swin-ViT/ViTUnet vs SwinUnet/Dataset/processed/Kvasir-SEG/images/cju5von04litr08718j8po40a.jpg,0.952288,0.975561,0.998783
cju5vutu7ll8w0871dfp92n9p,/Users/brian/Desktop/VCL318/Swin-ViT/ViTUnet vs SwinUnet/Dataset/processed/Kvasir-SEG/images/cju5vutu7ll8w0871dfp92n9p.jpg,0.972904,0.986266,0.999607
cju5vwbr4lhqn0987a1pji0ux,/Users/brian/Desktop/VCL318/Swin-ViT/ViTUnet vs SwinUnet/Dataset/processed/Kvasir-SEG/images/cju5vwbr4lhqn0987a1pji0ux.jpg,0.866395,0.928416,0.991237
cju5vxuc5loxw0818u8xgf45p,/Users/brian/Desktop/VCL318/Swin-ViT/ViTUnet vs SwinUnet/Dataset/processed/Kvasir-SEG/images/cju5vxuc5loxw0818u8xgf45p.jpg,0.961658,0.980455,0.998776
cju5vzjoslpj708186z2fusmz,/Users/brian/Desktop/VCL318/Swin-ViT/ViTUnet vs SwinUnet/Dataset/processed/Kvasir-SEG/images/cju5vzjoslpj708186z2fusmz.jpg,0.960842,0.98003,0.999218
cju5w7xn0lrkq0801f9k0htgx,/Users/brian/Desktop/VCL318/Swin-ViT/ViTUnet vs SwinUnet/Dataset/processed/Kvasir-SEG/images/cju5w7xn0lrkq0801f9k0htgx.jpg,0.929895,0.963674,0.992787
cju5waeduln160817w0agirve,/Users/brian/Desktop/VCL318/Swin-ViT/ViTUnet vs SwinUnet/Dataset/processed/Kvasir-SEG/images/cju5waeduln160817w0agirve.jpg,0.962963,0.981132,0.998297
cju5wcc90lu020850mjrxppv6,/Users/brian/Desktop/VCL318/Swin-ViT/ViTUnet vs SwinUnet/Dataset/processed/Kvasir-SEG/images/cju5wcc90lu020850mjrxppv6.jpg,0.968507,0.984002,0.999392
cju5wi6bqlxy90755bu227nvb,/Users/brian/Desktop/VCL318/Swin-ViT/ViTUnet vs SwinUnet/Dataset/processed/Kvasir-SEG/images/cju5wi6bqlxy90755bu227nvb.jpg,0.973216,0.986426,0.999503
cju5wj0faly5008187n6530af,/Users/brian/Desktop/VCL318/Swin-ViT/ViTUnet vs SwinUnet/Dataset/processed/Kvasir-SEG/images/cju5wj0faly5008187n6530af.jpg,0.900897,0.947865,0.973006
cju5wkonqlrl409877y8zvnub,/Users/brian/Desktop/VCL318/Swin-ViT/ViTUnet vs SwinUnet/Dataset/processed/Kvasir-SEG/images/cju5wkonqlrl409877y8zvnub.jpg,0.97969,0.989741,0.999699
cju5wmvsdlx1j0871npgj8j4b,/Users/brian/Desktop/VCL318/Swin-ViT/ViTUnet vs SwinUnet/Dataset/processed/Kvasir-SEG/images/cju5wmvsdlx1j0871npgj8j4b.jpg,0.939303,0.968702,0.997178
cju5woy82m07m08505dmjg7g1,/Users/brian/Desktop/VCL318/Swin-ViT/ViTUnet vs SwinUnet/Dataset/processed/Kvasir-SEG/images/cju5woy82m07m08505dmjg7g1.jpg,0.971479,0.985533,0.999427
cju5wphwwlu3m0987hh3ltg88,/Users/brian/Desktop/VCL318/Swin-ViT/ViTUnet vs SwinUnet/Dataset/processed/Kvasir-SEG/images/cju5wphwwlu3m0987hh3ltg88.jpg,0.949602,0.97415,0.998432
cju5wqonpm0e60801z88ewmy1,/Users/brian/Desktop/VCL318/Swin-ViT/ViTUnet vs SwinUnet/Dataset/processed/Kvasir-SEG/images/cju5wqonpm0e60801z88ewmy1.jpg,0.965884,0.982646,0.999331
cju5wrapcm2290818jsh26ppb,/Users/brian/Desktop/VCL318/Swin-ViT/ViTUnet vs SwinUnet/Dataset/processed/Kvasir-SEG/images/cju5wrapcm2290818jsh26ppb.jpg,0.972167,0.985887,0.999415
cju5wrrs0m2af0818vmnajbtw,/Users/brian/Desktop/VCL318/Swin-ViT/ViTUnet vs SwinUnet/Dataset/processed/Kvasir-SEG/images/cju5wrrs0m2af0818vmnajbtw.jpg,0.900482,0.947635,0.990766
cju5wtdu4m0im0871mix0yvc0,/Users/brian/Desktop/VCL318/Swin-ViT/ViTUnet vs SwinUnet/Dataset/processed/Kvasir-SEG/images/cju5wtdu4m0im0871mix0yvc0.jpg,0.972878,0.986253,0.999607
cju5wuhm1lwm40987vugqn3vv,/Users/brian/Desktop/VCL318/Swin-ViT/ViTUnet vs SwinUnet/Dataset/processed/Kvasir-SEG/images/cju5wuhm1lwm40987vugqn3vv.jpg,0.912168,0.954067,0.982916
cju5x00l6m5j608503k78ptee,/Users/brian/Desktop/VCL318/Swin-ViT/ViTUnet vs SwinUnet/Dataset/processed/Kvasir-SEG/images/cju5x00l6m5j608503k78ptee.jpg,0.981583,0.990706,0.999717
cju5x15djm7ae0755h8czf6nt,/Users/brian/Desktop/VCL318/Swin-ViT/ViTUnet vs SwinUnet/Dataset/processed/Kvasir-SEG/images/cju5x15djm7ae0755h8czf6nt.jpg,0.972048,0.985826,0.999311
cju5x28nzm7t907558ocq4bt7,/Users/brian/Desktop/VCL318/Swin-ViT/ViTUnet vs SwinUnet/Dataset/processed/Kvasir-SEG/images/cju5x28nzm7t907558ocq4bt7.jpg,0.929332,0.963372,0.991182
cju5x7iskmad90818frchyfwd,/Users/brian/Desktop/VCL318/Swin-ViT/ViTUnet vs SwinUnet/Dataset/processed/Kvasir-SEG/images/cju5x7iskmad90818frchyfwd.jpg,0.963993,0.981667,0.998806
cju5xjn5mm78b09871spyqhhr,/Users/brian/Desktop/VCL318/Swin-ViT/ViTUnet vs SwinUnet/Dataset/processed/Kvasir-SEG/images/cju5xjn5mm78b09871spyqhhr.jpg,0.974268,0.986966,0.999561
cju5xkwzxmf0z0818gk4xabdm,/Users/brian/Desktop/VCL318/Swin-ViT/ViTUnet vs SwinUnet/Dataset/processed/Kvasir-SEG/images/cju5xkwzxmf0z0818gk4xabdm.jpg,0.970142,0.984845,0.999361
cju5xneamme2p0801qdf7fdwv,/Users/brian/Desktop/VCL318/Swin-ViT/ViTUnet vs SwinUnet/Dataset/processed/Kvasir-SEG/images/cju5xneamme2p0801qdf7fdwv.jpg,0.945813,0.972152,0.99774
cju5xopi0md7q0871r1sjc1av,/Users/brian/Desktop/VCL318/Swin-ViT/ViTUnet vs SwinUnet/Dataset/processed/Kvasir-SEG/images/cju5xopi0md7q0871r1sjc1av.jpg,0.96742,0.98344,0.999355
cju5xq3tdm9fn0987pbedxdg5,/Users/brian/Desktop/VCL318/Swin-ViT/ViTUnet vs SwinUnet/Dataset/processed/Kvasir-SEG/images/cju5xq3tdm9fn0987pbedxdg5.jpg,0.932212,0.964917,0.997493
cju5y4hgqmk0i08180rjhbwvp,/Users/brian/Desktop/VCL318/Swin-ViT/ViTUnet vs SwinUnet/Dataset/processed/Kvasir-SEG/images/cju5y4hgqmk0i08180rjhbwvp.jpg,0.911496,0.953699,0.995828
cju5y7buemcw80987p0r30g9f,/Users/brian/Desktop/VCL318/Swin-ViT/ViTUnet vs SwinUnet/Dataset/processed/Kvasir-SEG/images/cju5y7buemcw80987p0r30g9f.jpg,0.974104,0.986882,0.999373
cju5y84q3mdv50817eyp82xf3,/Users/brian/Desktop/VCL318/Swin-ViT/ViTUnet vs SwinUnet/Dataset/processed/Kvasir-SEG/images/cju5y84q3mdv50817eyp82xf3.jpg,0.922142,0.959494,0.989542
cju5yclrymlgj0818k426ud6z,/Users/brian/Desktop/VCL318/Swin-ViT/ViTUnet vs SwinUnet/Dataset/processed/Kvasir-SEG/images/cju5yclrymlgj0818k426ud6z.jpg,0.969027,0.98427,0.999372
cju5yeqiwmkgl0801fzv2douc,/Users/brian/Desktop/VCL318/Swin-ViT/ViTUnet vs SwinUnet/Dataset/processed/Kvasir-SEG/images/cju5yeqiwmkgl0801fzv2douc.jpg,0.952842,0.975851,0.998246
cju5ygh1zmmdi0755uod5e17i,/Users/brian/Desktop/VCL318/Swin-ViT/ViTUnet vs SwinUnet/Dataset/processed/Kvasir-SEG/images/cju5ygh1zmmdi0755uod5e17i.jpg,0.969078,0.984296,0.999389
cju5yhgznmkzb0801cji2vi8j,/Users/brian/Desktop/VCL318/Swin-ViT/ViTUnet vs SwinUnet/Dataset/processed/Kvasir-SEG/images/cju5yhgznmkzb0801cji2vi8j.jpg,0.655092,0.791608,0.826795
cju5yimthmlv80850zhoc90c2,/Users/brian/Desktop/VCL318/Swin-ViT/ViTUnet vs SwinUnet/Dataset/processed/Kvasir-SEG/images/cju5yimthmlv80850zhoc90c2.jpg,0.970844,0.985207,0.999261
cju5yjq1pmlgc0801z0t24bly,/Users/brian/Desktop/VCL318/Swin-ViT/ViTUnet vs SwinUnet/Dataset/processed/Kvasir-SEG/images/cju5yjq1pmlgc0801z0t24bly.jpg,0.898566,0.946573,0.960725
cju5ymyd8mmdc0801ry3by1xr,/Users/brian/Desktop/VCL318/Swin-ViT/ViTUnet vs SwinUnet/Dataset/processed/Kvasir-SEG/images/cju5ymyd8mmdc0801ry3by1xr.jpg,0.955543,0.977266,0.998093
cju6ur9l9v9jq0755paud9uka,/Users/brian/Desktop/VCL318/Swin-ViT/ViTUnet vs SwinUnet/Dataset/processed/Kvasir-SEG/images/cju6ur9l9v9jq0755paud9uka.jpg,0.953836,0.976373,0.998451
cju6us80mv1b50871ebyq2wxa,/Users/brian/Desktop/VCL318/Swin-ViT/ViTUnet vs SwinUnet/Dataset/processed/Kvasir-SEG/images/cju6us80mv1b50871ebyq2wxa.jpg,0.853018,0.92068,0.995486
cju6ut4l8va6y0755tyw3vfqq,/Users/brian/Desktop/VCL318/Swin-ViT/ViTUnet vs SwinUnet/Dataset/processed/Kvasir-SEG/images/cju6ut4l8va6y0755tyw3vfqq.jpg,0.864264,0.92719,0.976738
cju6uy20suzbl0987rzuhz7z9,/Users/brian/Desktop/VCL318/Swin-ViT/ViTUnet vs SwinUnet/Dataset/processed/Kvasir-SEG/images/cju6uy20suzbl0987rzuhz7z9.jpg,0.923532,0.960246,0.995114
cju6uzxk0v83p0801rcwnexdu,/Users/brian/Desktop/VCL318/Swin-ViT/ViTUnet vs SwinUnet/Dataset/processed/Kvasir-SEG/images/cju6uzxk0v83p0801rcwnexdu.jpg,0.979932,0.989864,0.999701
cju6v1m1xv07w09870ah3njy1,/Users/brian/Desktop/VCL318/Swin-ViT/ViTUnet vs SwinUnet/Dataset/processed/Kvasir-SEG/images/cju6v1m1xv07w09870ah3njy1.jpg,0.959386,0.979272,0.998736
cju6v3bb2v7xo085090blubyw,/Users/brian/Desktop/VCL318/Swin-ViT/ViTUnet vs SwinUnet/Dataset/processed/Kvasir-SEG/images/cju6v3bb2v7xo085090blubyw.jpg,0.949367,0.974026,0.997925
cju6v4szov55u0871qmqz3v8n,/Users/brian/Desktop/VCL318/Swin-ViT/ViTUnet vs SwinUnet/Dataset/processed/Kvasir-SEG/images/cju6v4szov55u0871qmqz3v8n.jpg,0.984366,0.992121,0.999778
cju6v5ilsv8hk0850rb5sgh6o,/Users/brian/Desktop/VCL318/Swin-ViT/ViTUnet vs SwinUnet/Dataset/processed/Kvasir-SEG/images/cju6v5ilsv8hk0850rb5sgh6o.jpg,0.938903,0.968489,0.997943
cju6v6g6kvdw007552x6mb0po,/Users/brian/Desktop/VCL318/Swin-ViT/ViTUnet vs SwinUnet/Dataset/processed/Kvasir-SEG/images/cju6v6g6kvdw007552x6mb0po.jpg,0.934921,0.966366,0.995958
cju6vgdmivcvb08018fra5lnv,/Users/brian/Desktop/VCL318/Swin-ViT/ViTUnet vs SwinUnet/Dataset/processed/Kvasir-SEG/images/cju6vgdmivcvb08018fra5lnv.jpg,0.972842,0.986234,0.99947
cju6vifjlv55z0987un6y4zdo,/Users/brian/Desktop/VCL318/Swin-ViT/ViTUnet vs SwinUnet/Dataset/processed/Kvasir-SEG/images/cju6vifjlv55z0987un6y4zdo.jpg,0.985382,0.992637,0.999791
cju6vqarjv7yo0987q4b1btk1,/Users/brian/Desktop/VCL318/Swin-ViT/ViTUnet vs SwinUnet/Dataset/processed/Kvasir-SEG/images/cju6vqarjv7yo0987q4b1btk1.jpg,0.969967,0.984755,0.998977
cju6vrs1ov8cr098788h8gs6j,/Users/brian/Desktop/VCL318/Swin-ViT/ViTUnet vs SwinUnet/Dataset/processed/Kvasir-SEG/images/cju6vrs1ov8cr098788h8gs6j.jpg,0.939554,0.968835,0.996275
cju6vta3kvazg0817qbeppjtm,/Users/brian/Desktop/VCL318/Swin-ViT/ViTUnet vs SwinUnet/Dataset/processed/Kvasir-SEG/images/cju6vta3kvazg0817qbeppjtm.jpg,0.970937,0.985254,0.998704
cju6vucxvvlda0755j7msqnya,/Users/brian/Desktop/VCL318/Swin-ViT/ViTUnet vs SwinUnet/Dataset/processed/Kvasir-SEG/images/cju6vucxvvlda0755j7msqnya.jpg,0.824427,0.903766,0.896034
cju6vvb8svhed0801jjcquh5e,/Users/brian/Desktop/VCL318/Swin-ViT/ViTUnet vs SwinUnet/Dataset/processed/Kvasir-SEG/images/cju6vvb8svhed0801jjcquh5e.jpg,0.831849,0.908207,0.989533
cju6vvxsev9y30987kespucdg,/Users/brian/Desktop/VCL318/Swin-ViT/ViTUnet vs SwinUnet/Dataset/processed/Kvasir-SEG/images/cju6vvxsev9y30987kespucdg.jpg,0.971064,0.985319,0.99923
cju6w733bveoz0817e600tw72,/Users/brian/Desktop/VCL318/Swin-ViT/ViTUnet vs SwinUnet/Dataset/processed/Kvasir-SEG/images/cju6w733bveoz0817e600tw72.jpg,0.870176,0.930582,0.937834
cju6wi3akvn8r0801px8eligc,/Users/brian/Desktop/VCL318/Swin-ViT/ViTUnet vs SwinUnet/Dataset/processed/Kvasir-SEG/images/cju6wi3akvn8r0801px8eligc.jpg,0.975059,0.987372,0.999666
cju6wjm81vgsc0987enk9n3pr,/Users/brian/Desktop/VCL318/Swin-ViT/ViTUnet vs SwinUnet/Dataset/processed/Kvasir-SEG/images/cju6wjm81vgsc0987enk9n3pr.jpg,0.981737,0.990784,0.999779
cju6wll7wvo3y08502pagos8m,/Users/brian/Desktop/VCL318/Swin-ViT/ViTUnet vs SwinUnet/Dataset/processed/Kvasir-SEG/images/cju6wll7wvo3y08502pagos8m.jpg,0.965367,0.982378,0.996346
cju6wn57mvooj0850rp78hhy7,/Users/brian/Desktop/VCL318/Swin-ViT/ViTUnet vs SwinUnet/Dataset/processed/Kvasir-SEG/images/cju6wn57mvooj0850rp78hhy7.jpg,0.917188,0.956805,0.992053
cju6wt9jvvn500871hjn3t3g0,/Users/brian/Desktop/VCL318/Swin-ViT/ViTUnet vs SwinUnet/Dataset/processed/Kvasir-SEG/images/cju6wt9jvvn500871hjn3t3g0.jpg,0.926714,0.961963,0.98783
cju6wuojavt740818b5qcv3iw,/Users/brian/Desktop/VCL318/Swin-ViT/ViTUnet vs SwinUnet/Dataset/processed/Kvasir-SEG/images/cju6wuojavt740818b5qcv3iw.jpg,0.975652,0.987676,0.999551
cju6x0yqbvxqt0755dhxislgb,/Users/brian/Desktop/VCL318/Swin-ViT/ViTUnet vs SwinUnet/Dataset/processed/Kvasir-SEG/images/cju6x0yqbvxqt0755dhxislgb.jpg,0.977914,0.988834,0.999458
cju6x35ervu2808015c7eoqe4,/Users/brian/Desktop/VCL318/Swin-ViT/ViTUnet vs SwinUnet/Dataset/processed/Kvasir-SEG/images/cju6x35ervu2808015c7eoqe4.jpg,0.97375,0.986701,0.999499
cju6x4t13vyw60755gtcf9ndu,/Users/brian/Desktop/VCL318/Swin-ViT/ViTUnet vs SwinUnet/Dataset/processed/Kvasir-SEG/images/cju6x4t13vyw60755gtcf9ndu.jpg,0.982561,0.991204,0.999762
cju6x97w4vwua0850x0997r0a,/Users/brian/Desktop/VCL318/Swin-ViT/ViTUnet vs SwinUnet/Dataset/processed/Kvasir-SEG/images/cju6x97w4vwua0850x0997r0a.jpg,0.966064,0.982739,0.998536
cju6xa0qmvzun0818xjukgncj,/Users/brian/Desktop/VCL318/Swin-ViT/ViTUnet vs SwinUnet/Dataset/processed/Kvasir-SEG/images/cju6xa0qmvzun0818xjukgncj.jpg,0.955403,0.977193,0.998301
cju6xifswvwbo0987nibtdr50,/Users/brian/Desktop/VCL318/Swin-ViT/ViTUnet vs SwinUnet/Dataset/processed/Kvasir-SEG/images/cju6xifswvwbo0987nibtdr50.jpg,0.983902,0.991886,0.999772
cju6xlygpw7bs0818n691jsq4,/Users/brian/Desktop/VCL318/Swin-ViT/ViTUnet vs SwinUnet/Dataset/processed/Kvasir-SEG/images/cju6xlygpw7bs0818n691jsq4.jpg,0.966361,0.982893,0.998204
cju6xmqd9w0250817l5kxfnsk,/Users/brian/Desktop/VCL318/Swin-ViT/ViTUnet vs SwinUnet/Dataset/processed/Kvasir-SEG/images/cju6xmqd9w0250817l5kxfnsk.jpg,0.96946,0.984493,0.999268
cju6ywm40wdbo0987pbftsvtg,/Users/brian/Desktop/VCL318/Swin-ViT/ViTUnet vs SwinUnet/Dataset/processed/Kvasir-SEG/images/cju6ywm40wdbo0987pbftsvtg.jpg,0.977796,0.988773,0.999624
cju6yxyt0wh080871sqpepu47,/Users/brian/Desktop/VCL318/Swin-ViT/ViTUnet vs SwinUnet/Dataset/processed/Kvasir-SEG/images/cju6yxyt0wh080871sqpepu47.jpg,0.967249,0.983352,0.999238
cju6yywx1whbb0871ksgfgf9f,/Users/brian/Desktop/VCL318/Swin-ViT/ViTUnet vs SwinUnet/Dataset/processed/Kvasir-SEG/images/cju6yywx1whbb0871ksgfgf9f.jpg,0.933025,0.965352,0.993899
cju6z1bzbwfq50817b2alatvr,/Users/brian/Desktop/VCL318/Swin-ViT/ViTUnet vs SwinUnet/Dataset/processed/Kvasir-SEG/images/cju6z1bzbwfq50817b2alatvr.jpg,0.987215,0.993566,0.999886
cju6z2616wqbk07555bvnuyr1,/Users/brian/Desktop/VCL318/Swin-ViT/ViTUnet vs SwinUnet/Dataset/processed/Kvasir-SEG/images/cju6z2616wqbk07555bvnuyr1.jpg,0.96129,0.980263,0.998766
cju6z600qwh4z081700qimgl9,/Users/brian/Desktop/VCL318/Swin-ViT/ViTUnet vs SwinUnet/Dataset/processed/Kvasir-SEG/images/cju6z600qwh4z081700qimgl9.jpg,0.956699,0.977871,0.997427
cju6z7e4bwgdd0987ogkzq9kt,/Users/brian/Desktop/VCL318/Swin-ViT/ViTUnet vs SwinUnet/Dataset/processed/Kvasir-SEG/images/cju6z7e4bwgdd0987ogkzq9kt.jpg,0.96983,0.984684,0.999267
cju6z9a9kwsl007552s49rx6i,/Users/brian/Desktop/VCL318/Swin-ViT/ViTUnet vs SwinUnet/Dataset/processed/Kvasir-SEG/images/cju6z9a9kwsl007552s49rx6i.jpg,0.962074,0.980671,0.998873
cju76erapykj30871x5eaxh4q,/Users/brian/Desktop/VCL318/Swin-ViT/ViTUnet vs SwinUnet/Dataset/processed/Kvasir-SEG/images/cju76erapykj30871x5eaxh4q.jpg,0.981455,0.990641,0.999684
cju76l27oyrw907551ri2a7fl,/Users/brian/Desktop/VCL318/Swin-ViT/ViTUnet vs SwinUnet/Dataset/processed/Kvasir-SEG/images/cju76l27oyrw907551ri2a7fl.jpg,0.97839,0.989077,0.999709
cju76lsehyia10987u54vn8rb,/Users/brian/Desktop/VCL318/Swin-ViT/ViTUnet vs SwinUnet/Dataset/processed/Kvasir-SEG/images/cju76lsehyia10987u54vn8rb.jpg,0.945909,0.972203,0.998494
cju76o55nymqd0871h31sph9w,/Users/brian/Desktop/VCL318/Swin-ViT/ViTUnet vs SwinUnet/Dataset/processed/Kvasir-SEG/images/cju76o55nymqd0871h31sph9w.jpg,0.804455,0.891632,0.980524
cju77196iyshb0850ycbto50a,/Users/brian/Desktop/VCL318/Swin-ViT/ViTUnet vs SwinUnet/Dataset/processed/Kvasir-SEG/images/cju77196iyshb0850ycbto50a.jpg,0.980051,0.989925,0.999719
cju772304yw5t0818vbw8kkjf,/Users/brian/Desktop/VCL318/Swin-ViT/ViTUnet vs SwinUnet/Dataset/processed/Kvasir-SEG/images/cju772304yw5t0818vbw8kkjf.jpg,0.95015,0.974438,0.991845
cju773hsyyosz0817pk1e7sjq,/Users/brian/Desktop/VCL318/Swin-ViT/ViTUnet vs SwinUnet/Dataset/processed/Kvasir-SEG/images/cju773hsyyosz0817pk1e7sjq.jpg,0.977034,0.988384,0.999615
cju774fmayxif0818u2g79usw,/Users/brian/Desktop/VCL318/Swin-ViT/ViTUnet vs SwinUnet/Dataset/processed/Kvasir-SEG/images/cju774fmayxif0818u2g79usw.jpg,0.940758,0.969475,0.998453
cju7787c5yy3l080159mwqsnj,/Users/brian/Desktop/VCL318/Swin-ViT/ViTUnet vs SwinUnet/Dataset/processed/Kvasir-SEG/images/cju7787c5yy3l080159mwqsnj.jpg,0.933868,0.965803,0.996762
cju77afzlz3kp07550x5nafzs,/Users/brian/Desktop/VCL318/Swin-ViT/ViTUnet vs SwinUnet/Dataset/processed/Kvasir-SEG/images/cju77afzlz3kp07550x5nafzs.jpg,0.854225,0.921382,0.972784
cju77b3wyz4160755qis4ljsb,/Users/brian/Desktop/VCL318/Swin-ViT/ViTUnet vs SwinUnet/Dataset/processed/Kvasir-SEG/images/cju77b3wyz4160755qis4ljsb.jpg,0.953039,0.975955,0.997843
cju77bvg0yv4r0987yh60xmjo,/Users/brian/Desktop/VCL318/Swin-ViT/ViTUnet vs SwinUnet/Dataset/processed/Kvasir-SEG/images/cju77bvg0yv4r0987yh60xmjo.jpg,0.976027,0.987868,0.99957
cju77g99iyxc00817zqi2ppor,/Users/brian/Desktop/VCL318/Swin-ViT/ViTUnet vs SwinUnet/Dataset/processed/Kvasir-SEG/images/cju77g99iyxc00817zqi2ppor.jpg,0.939456,0.968783,0.995836
cju77idwfz36d0871tzfzz51i,/Users/brian/Desktop/VCL318/Swin-ViT/ViTUnet vs SwinUnet/Dataset/processed/Kvasir-SEG/images/cju77idwfz36d0871tzfzz51i.jpg,0.957036,0.978047,0.997287
cju77j66ez52p08019xygi0co,/Users/brian/Desktop/VCL318/Swin-ViT/ViTUnet vs SwinUnet/Dataset/processed/Kvasir-SEG/images/cju77j66ez52p08019xygi0co.jpg,0.960396,0.979798,0.998907
cju77k828z46w0871r0avuoo9,/Users/brian/Desktop/VCL318/Swin-ViT/ViTUnet vs SwinUnet/Dataset/processed/Kvasir-SEG/images/cju77k828z46w0871r0avuoo9.jpg,0.953645,0.976273,0.99553
cju77q10sz9ug0801449wu1nu,/Users/brian/Desktop/VCL318/Swin-ViT/ViTUnet vs SwinUnet/Dataset/processed/Kvasir-SEG/images/cju77q10sz9ug0801449wu1nu.jpg,0.94586,0.972177,0.998122
cju77re6fz5bb0817vp9redjg,/Users/brian/Desktop/VCL318/Swin-ViT/ViTUnet vs SwinUnet/Dataset/processed/Kvasir-SEG/images/cju77re6fz5bb0817vp9redjg.jpg,0.95875,0.978941,0.999137
cju77t0razbvm080106o56289,/Users/brian/Desktop/VCL318/Swin-ViT/ViTUnet vs SwinUnet/Dataset/processed/Kvasir-SEG/images/cju77t0razbvm080106o56289.jpg,0.976193,0.987953,0.999508
cju77u1sjz77b0817ft44r3fk,/Users/brian/Desktop/VCL318/Swin-ViT/ViTUnet vs SwinUnet/Dataset/processed/Kvasir-SEG/images/cju77u1sjz77b0817ft44r3fk.jpg,0.968708,0.984105,0.999279
cju77vvcwzcm50850lzoykuva,/Users/brian/Desktop/VCL318/Swin-ViT/ViTUnet vs SwinUnet/Dataset/processed/Kvasir-SEG/images/cju77vvcwzcm50850lzoykuva.jpg,0.965723,0.982563,0.999323
cju783tmkzkqu081803g7q5vk,/Users/brian/Desktop/VCL318/Swin-ViT/ViTUnet vs SwinUnet/Dataset/processed/Kvasir-SEG/images/cju783tmkzkqu081803g7q5vk.jpg,0.972844,0.986235,0.999534
cju784jpdzeae0987q5ypq883,/Users/brian/Desktop/VCL318/Swin-ViT/ViTUnet vs SwinUnet/Dataset/processed/Kvasir-SEG/images/cju784jpdzeae0987q5ypq883.jpg,0.970243,0.984897,0.999235
cju785htizjzo08017tvlhtg4,/Users/brian/Desktop/VCL318/Swin-ViT/ViTUnet vs SwinUnet/Dataset/processed/Kvasir-SEG/images/cju785htizjzo08017tvlhtg4.jpg,0.973436,0.986539,0.999413
cju787jnjzjuj0871p94nck9g,/Users/brian/Desktop/VCL318/Swin-ViT/ViTUnet vs SwinUnet/Dataset/processed/Kvasir-SEG/images/cju787jnjzjuj0871p94nck9g.jpg,0.97592,0.987814,0.999698
cju7adqyj1jcx08712r1ro5gx,/Users/brian/Desktop/VCL318/Swin-ViT/ViTUnet vs SwinUnet/Dataset/processed/Kvasir-SEG/images/cju7adqyj1jcx08712r1ro5gx.jpg,0.985662,0.992779,0.999794
cju7ae7bq1f820987toc8si1d,/Users/brian/Desktop/VCL318/Swin-ViT/ViTUnet vs SwinUnet/Dataset/processed/Kvasir-SEG/images/cju7ae7bq1f820987toc8si1d.jpg,0.96495,0.982162,0.998879
cju7aez2x1jtj0871ztezs3oi,/Users/brian/Desktop/VCL318/Swin-ViT/ViTUnet vs SwinUnet/Dataset/processed/Kvasir-SEG/images/cju7aez2x1jtj0871ztezs3oi.jpg,0.523948,0.687619,0.922816
cju7afqon1ip40850ue2308b6,/Users/brian/Desktop/VCL318/Swin-ViT/ViTUnet vs SwinUnet/Dataset/processed/Kvasir-SEG/images/cju7afqon1ip40850ue2308b6.jpg,0.969647,0.98459,0.999297
cju7agj961l2r0818z29iq8yn,/Users/brian/Desktop/VCL318/Swin-ViT/ViTUnet vs SwinUnet/Dataset/processed/Kvasir-SEG/images/cju7agj961l2r0818z29iq8yn.jpg,0.900981,0.947912,0.974455
cju7ahtkb1jr90801jck4kbds,/Users/brian/Desktop/VCL318/Swin-ViT/ViTUnet vs SwinUnet/Dataset/processed/Kvasir-SEG/images/cju7ahtkb1jr90801jck4kbds.jpg,0.956496,0.977764,0.997479
cju7aifyo1p3n07552nxjx51f,/Users/brian/Desktop/VCL318/Swin-ViT/ViTUnet vs SwinUnet/Dataset/processed/Kvasir-SEG/images/cju7aifyo1p3n07552nxjx51f.jpg,0.967131,0.983291,0.999331
cju7ajnbo1gvm098749rdouk0,/Users/brian/Desktop/VCL318/Swin-ViT/ViTUnet vs SwinUnet/Dataset/processed/Kvasir-SEG/images/cju7ajnbo1gvm098749rdouk0.jpg,0.984721,0.992302,0.999825
cju7aklv31h4309871m29l4e7,/Users/brian/Desktop/VCL318/Swin-ViT/ViTUnet vs SwinUnet/Dataset/processed/Kvasir-SEG/images/cju7aklv31h4309871m29l4e7.jpg,0.972414,0.986014,0.999495
cju7alcgr1lsr0871riqk84z7,/Users/brian/Desktop/VCL318/Swin-ViT/ViTUnet vs SwinUnet/Dataset/processed/Kvasir-SEG/images/cju7alcgr1lsr0871riqk84z7.jpg,0.966967,0.983206,0.999225
cju7amjna1ly40871ugiokehb,/Users/brian/Desktop/VCL318/Swin-ViT/ViTUnet vs SwinUnet/Dataset/processed/Kvasir-SEG/images/cju7amjna1ly40871ugiokehb.jpg,0.968118,0.983801,0.999284
cju7ap09p1kz10850ldccjebj,/Users/brian/Desktop/VCL318/Swin-ViT/ViTUnet vs SwinUnet/Dataset/processed/Kvasir-SEG/images/cju7ap09p1kz10850ldccjebj.jpg,0.960962,0.980092,0.998841
cju7apr0c1qqm0755s7msqot4,/Users/brian/Desktop/VCL318/Swin-ViT/ViTUnet vs SwinUnet/Dataset/processed/Kvasir-SEG/images/cju7apr0c1qqm0755s7msqot4.jpg,0.978381,0.989072,0.999577
cju7aqkue1i2k09879uzcpt8r,/Users/brian/Desktop/VCL318/Swin-ViT/ViTUnet vs SwinUnet/Dataset/processed/Kvasir-SEG/images/cju7aqkue1i2k09879uzcpt8r.jpg,0.963824,0.981579,0.998943
cju7arvfe1ldu0850erdmphgj,/Users/brian/Desktop/VCL318/Swin-ViT/ViTUnet vs SwinUnet/Dataset/processed/Kvasir-SEG/images/cju7arvfe1ldu0850erdmphgj.jpg,0.933264,0.96548,0.995248
cju7atnm31if40817pqclnjer,/Users/brian/Desktop/VCL318/Swin-ViT/ViTUnet vs SwinUnet/Dataset/processed/Kvasir-SEG/images/cju7atnm31if40817pqclnjer.jpg,0.966223,0.982821,0.999195
cju7avvi51iox0817ym55y6tt,/Users/brian/Desktop/VCL318/Swin-ViT/ViTUnet vs SwinUnet/Dataset/processed/Kvasir-SEG/images/cju7avvi51iox0817ym55y6tt.jpg,0.966063,0.982739,0.999521
cju7awzmu1ncs0871hziy65zx,/Users/brian/Desktop/VCL318/Swin-ViT/ViTUnet vs SwinUnet/Dataset/processed/Kvasir-SEG/images/cju7awzmu1ncs0871hziy65zx.jpg,0.948139,0.973379,0.998387
cju7azuu31mia0801pf9ib5ed,/Users/brian/Desktop/VCL318/Swin-ViT/ViTUnet vs SwinUnet/Dataset/processed/Kvasir-SEG/images/cju7azuu31mia0801pf9ib5ed.jpg,0.962973,0.981137,0.99912
cju7b10ce1mnm08011c5bwyr4,/Users/brian/Desktop/VCL318/Swin-ViT/ViTUnet vs SwinUnet/Dataset/processed/Kvasir-SEG/images/cju7b10ce1mnm08011c5bwyr4.jpg,0.936234,0.967067,0.99614
cju7b1ygu1msd0801hywhy0mc,/Users/brian/Desktop/VCL318/Swin-ViT/ViTUnet vs SwinUnet/Dataset/processed/Kvasir-SEG/images/cju7b1ygu1msd0801hywhy0mc.jpg,0.957922,0.978509,0.998803
cju7b2l561oas0871decgslaf,/Users/brian/Desktop/VCL318/Swin-ViT/ViTUnet vs SwinUnet/Dataset/processed/Kvasir-SEG/images/cju7b2l561oas0871decgslaf.jpg,0.950859,0.974811,0.99875
cju7b3f5h1sm40755i572jden,/Users/brian/Desktop/VCL318/Swin-ViT/ViTUnet vs SwinUnet/Dataset/processed/Kvasir-SEG/images/cju7b3f5h1sm40755i572jden.jpg,0.98011,0.989955,0.999667
cju7b4mtw1n9n080186209f3d,/Users/brian/Desktop/VCL318/Swin-ViT/ViTUnet vs SwinUnet/Dataset/processed/Kvasir-SEG/images/cju7b4mtw1n9n080186209f3d.jpg,0.962693,0.980992,0.998878
cju7b5afm1nfw0801xqm8bf8q,/Users/brian/Desktop/VCL318/Swin-ViT/ViTUnet vs SwinUnet/Dataset/processed/Kvasir-SEG/images/cju7b5afm1nfw0801xqm8bf8q.jpg,0.955163,0.977067,0.998702
cju7b9vcs1luz0987ta60j1dy,/Users/brian/Desktop/VCL318/Swin-ViT/ViTUnet vs SwinUnet/Dataset/processed/Kvasir-SEG/images/cju7b9vcs1luz0987ta60j1dy.jpg,0.969256,0.984388,0.999126
cju7bb3ss1uoo0755pmhyco7t,/Users/brian/Desktop/VCL318/Swin-ViT/ViTUnet vs SwinUnet/Dataset/processed/Kvasir-SEG/images/cju7bb3ss1uoo0755pmhyco7t.jpg,0.822809,0.902792,0.97461
cju7bc95p1mdm0817yqj5jc6j,/Users/brian/Desktop/VCL318/Swin-ViT/ViTUnet vs SwinUnet/Dataset/processed/Kvasir-SEG/images/cju7bc95p1mdm0817yqj5jc6j.jpg,0.963284,0.981299,0.999032
cju7bd1qu1mx409877xjxibox,/Users/brian/Desktop/VCL318/Swin-ViT/ViTUnet vs SwinUnet/Dataset/processed/Kvasir-SEG/images/cju7bd1qu1mx409877xjxibox.jpg,0.979734,0.989763,0.999644
cju7bduyq1rjf08719giru9ho,/Users/brian/Desktop/VCL318/Swin-ViT/ViTUnet vs SwinUnet/Dataset/processed/Kvasir-SEG/images/cju7bduyq1rjf08719giru9ho.jpg,0.973061,0.986347,0.999504
cju7bf1lp1shi081835vs84lc,/Users/brian/Desktop/VCL318/Swin-ViT/ViTUnet vs SwinUnet/Dataset/processed/Kvasir-SEG/images/cju7bf1lp1shi081835vs84lc.jpg,0.981344,0.990584,0.999685
cju7bfx651qr80801cs7epotb,/Users/brian/Desktop/VCL318/Swin-ViT/ViTUnet vs SwinUnet/Dataset/processed/Kvasir-SEG/images/cju7bfx651qr80801cs7epotb.jpg,0.973805,0.986729,0.99956
cju7bgnvb1sf808717qa799ir,/Users/brian/Desktop/VCL318/Swin-ViT/ViTUnet vs SwinUnet/Dataset/processed/Kvasir-SEG/images/cju7bgnvb1sf808717qa799ir.jpg,0.975967,0.987837,0.999137
cju7bmi1v1pnj0987pa52jjok,/Users/brian/Desktop/VCL318/Swin-ViT/ViTUnet vs SwinUnet/Dataset/processed/Kvasir-SEG/images/cju7bmi1v1pnj0987pa52jjok.jpg,0.861293,0.925478,0.975533
cju7cl8zm1xcu0817ado0jpas,/Users/brian/Desktop/VCL318/Swin-ViT/ViTUnet vs SwinUnet/Dataset/processed/Kvasir-SEG/images/cju7cl8zm1xcu0817ado0jpas.jpg,0.978088,0.988922,0.999582
cju7cp6dw244p0818gncdol4m,/Users/brian/Desktop/VCL318/Swin-ViT/ViTUnet vs SwinUnet/Dataset/processed/Kvasir-SEG/images/cju7cp6dw244p0818gncdol4m.jpg,0.928682,0.963023,0.996662
cju7cq6su27qv075574dir0r3,/Users/brian/Desktop/VCL318/Swin-ViT/ViTUnet vs SwinUnet/Dataset/processed/Kvasir-SEG/images/cju7cq6su27qv075574dir0r3.jpg,0.927326,0.962293,0.9958
cju7crgxa28550755wbsgqkel,/Users/brian/Desktop/VCL318/Swin-ViT/ViTUnet vs SwinUnet/Dataset/processed/Kvasir-SEG/images/cju7crgxa28550755wbsgqkel.jpg,0.958717,0.978923,0.997578
cju7csvlb22fr0850lvm45n3x,/Users/brian/Desktop/VCL318/Swin-ViT/ViTUnet vs SwinUnet/Dataset/processed/Kvasir-SEG/images/cju7csvlb22fr0850lvm45n3x.jpg,0.976654,0.988189,0.999599
cju7ctvqn25dy08186g442m1r,/Users/brian/Desktop/VCL318/Swin-ViT/ViTUnet vs SwinUnet/Dataset/processed/Kvasir-SEG/images/cju7ctvqn25dy08186g442m1r.jpg,0.96766,0.983564,0.999189
cju7cue9b232j0801qdzk1ykj,/Users/brian/Desktop/VCL318/Swin-ViT/ViTUnet vs SwinUnet/Dataset/processed/Kvasir-SEG/images/cju7cue9b232j0801qdzk1ykj.jpg,0.959883,0.979531,0.998412
cju7cufm7298k0755j09uf3of,/Users/brian/Desktop/VCL318/Swin-ViT/ViTUnet vs SwinUnet/Dataset/processed/Kvasir-SEG/images/cju7cufm7298k0755j09uf3of.jpg,0.969783,0.984659,0.999315
cju7d1tvt25bu08019dvw3uff,/Users/brian/Desktop/VCL318/Swin-ViT/ViTUnet vs SwinUnet/Dataset/processed/Kvasir-SEG/images/cju7d1tvt25bu08019dvw3uff.jpg,0.985379,0.992635,0.999834
cju7d2q1k27nf08715zshsckt,/Users/brian/Desktop/VCL318/Swin-ViT/ViTUnet vs SwinUnet/Dataset/processed/Kvasir-SEG/images/cju7d2q1k27nf08715zshsckt.jpg,0.973628,0.986638,0.999499
cju7d3oc82cho0755dajlwldz,/Users/brian/Desktop/VCL318/Swin-ViT/ViTUnet vs SwinUnet/Dataset/processed/Kvasir-SEG/images/cju7d3oc82cho0755dajlwldz.jpg,0.972822,0.986224,0.999396
cju7d4jk723eu0817bqz2n39m,/Users/brian/Desktop/VCL318/Swin-ViT/ViTUnet vs SwinUnet/Dataset/processed/Kvasir-SEG/images/cju7d4jk723eu0817bqz2n39m.jpg,0.938305,0.968171,0.998512
cju7d5m0p23kn09871rk7pu3v,/Users/brian/Desktop/VCL318/Swin-ViT/ViTUnet vs SwinUnet/Dataset/processed/Kvasir-SEG/images/cju7d5m0p23kn09871rk7pu3v.jpg,0.980733,0.990273,0.999477
cju7d6ux323ze0987xos3srkx,/Users/brian/Desktop/VCL318/Swin-ViT/ViTUnet vs SwinUnet/Dataset/processed/Kvasir-SEG/images/cju7d6ux323ze0987xos3srkx.jpg,0.946993,0.972775,0.997991
cju7d7aut2a2p0818z4uxc6cd,/Users/brian/Desktop/VCL318/Swin-ViT/ViTUnet vs SwinUnet/Dataset/processed/Kvasir-SEG/images/cju7d7aut2a2p0818z4uxc6cd.jpg,0.900862,0.947846,0.995155
cju7d7tly27h408016fyp5nr7,/Users/brian/Desktop/VCL318/Swin-ViT/ViTUnet vs SwinUnet/Dataset/processed/Kvasir-SEG/images/cju7d7tly27h408016fyp5nr7.jpg,0.968531,0.984014,0.999298
cju7d8m3b2e210755l8fj1yph,/Users/brian/Desktop/VCL318/Swin-ViT/ViTUnet vs SwinUnet/Dataset/processed/Kvasir-SEG/images/cju7d8m3b2e210755l8fj1yph.jpg,0.107528,0.194176,0.386656
cju7d9seq29zd0871nzl2uu5m,/Users/brian/Desktop/VCL318/Swin-ViT/ViTUnet vs SwinUnet/Dataset/processed/Kvasir-SEG/images/cju7d9seq29zd0871nzl2uu5m.jpg,0.440204,0.611307,0.676658
cju7da88w2eod0755wejzynvt,/Users/brian/Desktop/VCL318/Swin-ViT/ViTUnet vs SwinUnet/Dataset/processed/Kvasir-SEG/images/cju7da88w2eod0755wejzynvt.jpg,0.95092,0.974843,0.998202
cju7db7lp2f400755tntd1ohf,/Users/brian/Desktop/VCL318/Swin-ViT/ViTUnet vs SwinUnet/Dataset/processed/Kvasir-SEG/images/cju7db7lp2f400755tntd1ohf.jpg,0.973258,0.986448,0.998311
cju7dbppn28nx085097654msi,/Users/brian/Desktop/VCL318/Swin-ViT/ViTUnet vs SwinUnet/Dataset/processed/Kvasir-SEG/images/cju7dbppn28nx085097654msi.jpg,0.975766,0.987734,0.999388
cju7dda8w2br20818zhsuz8s7,/Users/brian/Desktop/VCL318/Swin-ViT/ViTUnet vs SwinUnet/Dataset/processed/Kvasir-SEG/images/cju7dda8w2br20818zhsuz8s7.jpg,0.980385,0.990095,0.99966
cju7ddtz729960801uazp1knc,/Users/brian/Desktop/VCL318/Swin-ViT/ViTUnet vs SwinUnet/Dataset/processed/Kvasir-SEG/images/cju7ddtz729960801uazp1knc.jpg,0.965753,0.982578,0.998709
cju7deifq2fzn0755lc8idyh8,/Users/brian/Desktop/VCL318/Swin-ViT/ViTUnet vs SwinUnet/Dataset/processed/Kvasir-SEG/images/cju7deifq2fzn0755lc8idyh8.jpg,0.95299,0.975929,0.998548
cju7dff9529h208503w60lbil,/Users/brian/Desktop/VCL318/Swin-ViT/ViTUnet vs SwinUnet/Dataset/processed/Kvasir-SEG/images/cju7dff9529h208503w60lbil.jpg,0.976011,0.98786,0.999344
cju7dglf226g50987ohbthl19,/Users/brian/Desktop/VCL318/Swin-ViT/ViTUnet vs SwinUnet/Dataset/processed/Kvasir-SEG/images/cju7dglf226g50987ohbthl19.jpg,0.960175,0.979683,0.998652
cju7dhpsc2dnn0818025m6857,/Users/brian/Desktop/VCL318/Swin-ViT/ViTUnet vs SwinUnet/Dataset/processed/Kvasir-SEG/images/cju7dhpsc2dnn0818025m6857.jpg,0.982891,0.991372,0.999767
cju7dizi82h2i0755doucgnt3,/Users/brian/Desktop/VCL318/Swin-ViT/ViTUnet vs SwinUnet/Dataset/processed/Kvasir-SEG/images/cju7dizi82h2i0755doucgnt3.jpg,0.949721,0.974212,0.998617
cju7dlk532dsh0871zvr6qz0r,/Users/brian/Desktop/VCL318/Swin-ViT/ViTUnet vs SwinUnet/Dataset/processed/Kvasir-SEG/images/cju7dlk532dsh0871zvr6qz0r.jpg,0.975909,0.987807,0.999579
cju7dmlgf2ebw0871ieqas5fh,/Users/brian/Desktop/VCL318/Swin-ViT/ViTUnet vs SwinUnet/Dataset/processed/Kvasir-SEG/images/cju7dmlgf2ebw0871ieqas5fh.jpg,0.947426,0.973004,0.997868
cju7dn24o296i09871qfxb8s2,/Users/brian/Desktop/VCL318/Swin-ViT/ViTUnet vs SwinUnet/Dataset/processed/Kvasir-SEG/images/cju7dn24o296i09871qfxb8s2.jpg,0.751124,0.857876,0.945306
cju7do8c72dbo0801vxfzxdc4,/Users/brian/Desktop/VCL318/Swin-ViT/ViTUnet vs SwinUnet/Dataset/processed/Kvasir-SEG/images/cju7do8c72dbo0801vxfzxdc4.jpg,0.951977,0.975398,0.99848
cju7dp3dw2k4n0755zhe003ad,/Users/brian/Desktop/VCL318/Swin-ViT/ViTUnet vs SwinUnet/Dataset/processed/Kvasir-SEG/images/cju7dp3dw2k4n0755zhe003ad.jpg,0.965064,0.982222,0.999084
cju7dqcwi2dz00850gcmr2ert,/Users/brian/Desktop/VCL318/Swin-ViT/ViTUnet vs SwinUnet/Dataset/processed/Kvasir-SEG/images/cju7dqcwi2dz00850gcmr2ert.jpg,0.700438,0.823833,0.943809
cju7druhp2gp308715i6km7be,/Users/brian/Desktop/VCL318/Swin-ViT/ViTUnet vs SwinUnet/Dataset/processed/Kvasir-SEG/images/cju7druhp2gp308715i6km7be.jpg,0.973747,0.986699,0.999381
cju7dsrtb2f8i085064kwugfk,/Users/brian/Desktop/VCL318/Swin-ViT/ViTUnet vs SwinUnet/Dataset/processed/Kvasir-SEG/images/cju7dsrtb2f8i085064kwugfk.jpg,0.973919,0.986787,0.999236
cju7dtb1e2j0t0818deq51ib3,/Users/brian/Desktop/VCL318/Swin-ViT/ViTUnet vs SwinUnet/Dataset/processed/Kvasir-SEG/images/cju7dtb1e2j0t0818deq51ib3.jpg,0.962923,0.981111,0.998941
cju7dubap2g0w0801fgl42mg9,/Users/brian/Desktop/VCL318/Swin-ViT/ViTUnet vs SwinUnet/Dataset/processed/Kvasir-SEG/images/cju7dubap2g0w0801fgl42mg9.jpg,0.971149,0.985363,0.999326
cju7dvl5m2n4t0755hlnnjjet,/Users/brian/Desktop/VCL318/Swin-ViT/ViTUnet vs SwinUnet/Dataset/processed/Kvasir-SEG/images/cju7dvl5m2n4t0755hlnnjjet.jpg,0.941054,0.969632,0.995475
cju7dwe282dc309876rco45ts,/Users/brian/Desktop/VCL318/Swin-ViT/ViTUnet vs SwinUnet/Dataset/processed/Kvasir-SEG/images/cju7dwe282dc309876rco45ts.jpg,0.972681,0.986151,0.999138
cju7dxffn2eam0817qxosfwch,/Users/brian/Desktop/VCL318/Swin-ViT/ViTUnet vs SwinUnet/Dataset/processed/Kvasir-SEG/images/cju7dxffn2eam0817qxosfwch.jpg,0.964449,0.981903,0.999064
cju7dymur2od30755eg8yv2ht,/Users/brian/Desktop/VCL318/Swin-ViT/ViTUnet vs SwinUnet/Dataset/processed/Kvasir-SEG/images/cju7dymur2od30755eg8yv2ht.jpg,0.95928,0.979217,0.998585
cju7dz5yy2i7z0801ausi7rna,/Users/brian/Desktop/VCL318/Swin-ViT/ViTUnet vs SwinUnet/Dataset/processed/Kvasir-SEG/images/cju7dz5yy2i7z0801ausi7rna.jpg,0.952894,0.975879,0.998036
cju7ea4om2l910801bohqjccy,/Users/brian/Desktop/VCL318/Swin-ViT/ViTUnet vs SwinUnet/Dataset/processed/Kvasir-SEG/images/cju7ea4om2l910801bohqjccy.jpg,0.953672,0.976287,0.994193
cju7ebe962hr409872ovibahw,/Users/brian/Desktop/VCL318/Swin-ViT/ViTUnet vs SwinUnet/Dataset/processed/Kvasir-SEG/images/cju7ebe962hr409872ovibahw.jpg,0.926305,0.961743,0.996882
cju7ecl9i2i060987xawjp4l0,/Users/brian/Desktop/VCL318/Swin-ViT/ViTUnet vs SwinUnet/Dataset/processed/Kvasir-SEG/images/cju7ecl9i2i060987xawjp4l0.jpg,0.973328,0.986484,0.999321
cju7eea9b2m0z0801ynqv1fqu,/Users/brian/Desktop/VCL318/Swin-ViT/ViTUnet vs SwinUnet/Dataset/processed/Kvasir-SEG/images/cju7eea9b2m0z0801ynqv1fqu.jpg,0.95559,0.977291,0.998493
cju7efffp2ivf0817etg3jehl,/Users/brian/Desktop/VCL318/Swin-ViT/ViTUnet vs SwinUnet/Dataset/processed/Kvasir-SEG/images/cju7efffp2ivf0817etg3jehl.jpg,0.982153,0.990996,0.999754
cju7ehljc2or70871261br8ai,/Users/brian/Desktop/VCL318/Swin-ViT/ViTUnet vs SwinUnet/Dataset/processed/Kvasir-SEG/images/cju7ehljc2or70871261br8ai.jpg,0.988769,0.994353,0.999841
cju7ejm2l2ncl0801wq6y84nw,/Users/brian/Desktop/VCL318/Swin-ViT/ViTUnet vs SwinUnet/Dataset/processed/Kvasir-SEG/images/cju7ejm2l2ncl0801wq6y84nw.jpg,0.967501,0.983482,0.998962
cju7ekbo32pft0871fv7kzwb9,/Users/brian/Desktop/VCL318/Swin-ViT/ViTUnet vs SwinUnet/Dataset/processed/Kvasir-SEG/images/cju7ekbo32pft0871fv7kzwb9.jpg,0.942236,0.970259,0.999187
cju7el6xv2k520817qxx9wdr5,/Users/brian/Desktop/VCL318/Swin-ViT/ViTUnet vs SwinUnet/Dataset/processed/Kvasir-SEG/images/cju7el6xv2k520817qxx9wdr5.jpg,0.979568,0.989679,0.999669
cju7emdni2py40871ivhxjtut,/Users/brian/Desktop/VCL318/Swin-ViT/ViTUnet vs SwinUnet/Dataset/processed/Kvasir-SEG/images/cju7emdni2py40871ivhxjtut.jpg,0.980081,0.989941,0.999676
cju7eotqi2qea0871y8yc7tqh,/Users/brian/Desktop/VCL318/Swin-ViT/ViTUnet vs SwinUnet/Dataset/processed/Kvasir-SEG/images/cju7eotqi2qea0871y8yc7tqh.jpg,0.973835,0.986744,0.999442
cju7epwj82koz098713apjnzo,/Users/brian/Desktop/VCL318/Swin-ViT/ViTUnet vs SwinUnet/Dataset/processed/Kvasir-SEG/images/cju7epwj82koz098713apjnzo.jpg,0.953676,0.976289,0.998696
cju7er4kc2opa0801anuxc0eb,/Users/brian/Desktop/VCL318/Swin-ViT/ViTUnet vs SwinUnet/Dataset/processed/Kvasir-SEG/images/cju7er4kc2opa0801anuxc0eb.jpg,0.979276,0.989529,0.999643
cju7es23b2vcp0755gpbm9s7v,/Users/brian/Desktop/VCL318/Swin-ViT/ViTUnet vs SwinUnet/Dataset/processed/Kvasir-SEG/images/cju7es23b2vcp0755gpbm9s7v.jpg,0.986223,0.993063,0.99986
cju7et17a2vjk0755e743npl1,/Users/brian/Desktop/VCL318/Swin-ViT/ViTUnet vs SwinUnet/Dataset/processed/Kvasir-SEG/images/cju7et17a2vjk0755e743npl1.jpg,0.905254,0.950271,0.995742
cju7etr3y2p4t0801cdzjj8ab,/Users/brian/Desktop/VCL318/Swin-ViT/ViTUnet vs SwinUnet/Dataset/processed/Kvasir-SEG/images/cju7etr3y2p4t0801cdzjj8ab.jpg,0.957539,0.978309,0.997873
cju7eueum2oqn0850rodmx8zo,/Users/brian/Desktop/VCL318/Swin-ViT/ViTUnet vs SwinUnet/Dataset/processed/Kvasir-SEG/images/cju7eueum2oqn0850rodmx8zo.jpg,0.964864,0.982118,0.998915
cju7ev2b12owa08500bpfpwyw,/Users/brian/Desktop/VCL318/Swin-ViT/ViTUnet vs SwinUnet/Dataset/processed/Kvasir-SEG/images/cju7ev2b12owa08500bpfpwyw.jpg,0.945838,0.972165,0.997841
cju7evxt12m730987rxivne3x,/Users/brian/Desktop/VCL318/Swin-ViT/ViTUnet vs SwinUnet/Dataset/processed/Kvasir-SEG/images/cju7evxt12m730987rxivne3x.jpg,0.977688,0.988718,0.999607
cju7ey10f2rvf0871bwbi9x82,/Users/brian/Desktop/VCL318/Swin-ViT/ViTUnet vs SwinUnet/Dataset/processed/Kvasir-SEG/images/cju7ey10f2rvf0871bwbi9x82.jpg,0.953662,0.976281,0.998571
cju7ez7r22qbc08015xfoz2wb,/Users/brian/Desktop/VCL318/Swin-ViT/ViTUnet vs SwinUnet/Dataset/processed/Kvasir-SEG/images/cju7ez7r22qbc08015xfoz2wb.jpg,0.980497,0.990152,0.999533
cju7ezs7g2mxm098787atbran,/Users/brian/Desktop/VCL318/Swin-ViT/ViTUnet vs SwinUnet/Dataset/processed/Kvasir-SEG/images/cju7ezs7g2mxm098787atbran.jpg,0.968142,0.983813,0.99929
cju7f0ec32txj08184asb8w5f,/Users/brian/Desktop/VCL318/Swin-ViT/ViTUnet vs SwinUnet/Dataset/processed/Kvasir-SEG/images/cju7f0ec32txj08184asb8w5f.jpg,0.959549,0.979357,0.99901
cju7f4sc62xqj075597xpmuoy,/Users/brian/Desktop/VCL318/Swin-ViT/ViTUnet vs SwinUnet/Dataset/processed/Kvasir-SEG/images/cju7f4sc62xqj075597xpmuoy.jpg,0.97193,0.985765,0.999498
cju7f5ghb2r5s0801chwkxxh9,/Users/brian/Desktop/VCL318/Swin-ViT/ViTUnet vs SwinUnet/Dataset/processed/Kvasir-SEG/images/cju7f5ghb2r5s0801chwkxxh9.jpg,0.970238,0.984894,0.998632
cju7f6cqy2ur20818t1saazbm,/Users/brian/Desktop/VCL318/Swin-ViT/ViTUnet vs SwinUnet/Dataset/processed/Kvasir-SEG/images/cju7f6cqy2ur20818t1saazbm.jpg,0.95795,0.978523,0.997789
cju7f900s2o0k08175gl1giid,/Users/brian/Desktop/VCL318/Swin-ViT/ViTUnet vs SwinUnet/Dataset/processed/Kvasir-SEG/images/cju7f900s2o0k08175gl1giid.jpg,0.9689,0.984204,0.999271
cju7f9umg2olj0987fj5y285w,/Users/brian/Desktop/VCL318/Swin-ViT/ViTUnet vs SwinUnet/Dataset/processed/Kvasir-SEG/images/cju7f9umg2olj0987fj5y285w.jpg,0.977233,0.988486,0.999591
cju7fazv92ywx0755xov2erga,/Users/brian/Desktop/VCL318/Swin-ViT/ViTUnet vs SwinUnet/Dataset/processed/Kvasir-SEG/images/cju7fazv92ywx0755xov2erga.jpg,0.969726,0.98463,0.998962
cju7fbndk2sl608015ravktum,/Users/brian/Desktop/VCL318/Swin-ViT/ViTUnet vs SwinUnet/Dataset/processed/Kvasir-SEG/images/cju7fbndk2sl608015ravktum.jpg,0.93306,0.965371,0.99715
cju7fcgbe2z3p07550vaflqdb,/Users/brian/Desktop/VCL318/Swin-ViT/ViTUnet vs SwinUnet/Dataset/processed/Kvasir-SEG/images/cju7fcgbe2z3p07550vaflqdb.jpg,0.965128,0.982255,0.998411
cju7fd6yt2p740987wkr8exo1,/Users/brian/Desktop/VCL318/Swin-ViT/ViTUnet vs SwinUnet/Dataset/processed/Kvasir-SEG/images/cju7fd6yt2p740987wkr8exo1.jpg,0.955473,0.97723,0.999201
cju7fen322ou10817ziqkob4k,/Users/brian/Desktop/VCL318/Swin-ViT/ViTUnet vs SwinUnet/Dataset/processed/Kvasir-SEG/images/cju7fen322ou10817ziqkob4k.jpg,0.951466,0.975129,0.998022
cju7ff97z2ow40817u2r83my5,/Users/brian/Desktop/VCL318/Swin-ViT/ViTUnet vs SwinUnet/Dataset/processed/Kvasir-SEG/images/cju7ff97z2ow40817u2r83my5.jpg,0.952381,0.97561,0.998802
cju7flevb2wii08188otgs9p2,/Users/brian/Desktop/VCL318/Swin-ViT/ViTUnet vs SwinUnet/Dataset/processed/Kvasir-SEG/images/cju7flevb2wii08188otgs9p2.jpg,0.984082,0.991977,0.999813
cju7fmvpk2q170987v6i3ola8,/Users/brian/Desktop/VCL318/Swin-ViT/ViTUnet vs SwinUnet/Dataset/processed/Kvasir-SEG/images/cju7fmvpk2q170987v6i3ola8.jpg,0.977004,0.988368,0.99971
cju7fnfv02tt90801djnix9m8,/Users/brian/Desktop/VCL318/Swin-ViT/ViTUnet vs SwinUnet/Dataset/processed/Kvasir-SEG/images/cju7fnfv02tt90801djnix9m8.jpg,0.952284,0.975559,0.998279
cju7fob3x301u0755x985pmmq,/Users/brian/Desktop/VCL318/Swin-ViT/ViTUnet vs SwinUnet/Dataset/processed/Kvasir-SEG/images/cju7fob3x301u0755x985pmmq.jpg,0.954597,0.976771,0.998801
cju7fpfzq2wyf0818xxd1oziv,/Users/brian/Desktop/VCL318/Swin-ViT/ViTUnet vs SwinUnet/Dataset/processed/Kvasir-SEG/images/cju7fpfzq2wyf0818xxd1oziv.jpg,0.975501,0.987599,0.999531
cju7fq7mm2pw508176uk5ugtx,/Users/brian/Desktop/VCL318/Swin-ViT/ViTUnet vs SwinUnet/Dataset/processed/Kvasir-SEG/images/cju7fq7mm2pw508176uk5ugtx.jpg,0.985924,0.992912,0.999833
cju7frtqu2xa20818wq8r9fzf,/Users/brian/Desktop/VCL318/Swin-ViT/ViTUnet vs SwinUnet/Dataset/processed/Kvasir-SEG/images/cju7frtqu2xa20818wq8r9fzf.jpg,0.981261,0.990542,0.999629
cju7g7ba42z310987bqzbi2bq,/Users/brian/Desktop/VCL318/Swin-ViT/ViTUnet vs SwinUnet/Dataset/processed/Kvasir-SEG/images/cju7g7ba42z310987bqzbi2bq.jpg,0.982095,0.990967,0.999765
cju83h9ysjwe808716nt35oah,/Users/brian/Desktop/VCL318/Swin-ViT/ViTUnet vs SwinUnet/Dataset/processed/Kvasir-SEG/images/cju83h9ysjwe808716nt35oah.jpg,0.94683,0.972689,0.997612
cju83ipu3jwpx0801z5pvguf8,/Users/brian/Desktop/VCL318/Swin-ViT/ViTUnet vs SwinUnet/Dataset/processed/Kvasir-SEG/images/cju83ipu3jwpx0801z5pvguf8.jpg,0.935,0.966408,0.997395
cju83k8fyjsxr0817d6nxs6r4,/Users/brian/Desktop/VCL318/Swin-ViT/ViTUnet vs SwinUnet/Dataset/processed/Kvasir-SEG/images/cju83k8fyjsxr0817d6nxs6r4.jpg,0.959782,0.979478,0.998816
cju83kxitjv340987z09m0ezy,/Users/brian/Desktop/VCL318/Swin-ViT/ViTUnet vs SwinUnet/Dataset/processed/Kvasir-SEG/images/cju83kxitjv340987z09m0ezy.jpg,0.951419,0.975105,0.998388
cju83mki1jv5w0817kubxm31r,/Users/brian/Desktop/VCL318/Swin-ViT/ViTUnet vs SwinUnet/Dataset/processed/Kvasir-SEG/images/cju83mki1jv5w0817kubxm31r.jpg,0.981658,0.990744,0.999633
cju83nwu1jxte0987h1krpfmv,/Users/brian/Desktop/VCL318/Swin-ViT/ViTUnet vs SwinUnet/Dataset/processed/Kvasir-SEG/images/cju83nwu1jxte0987h1krpfmv.jpg,0.922412,0.95964,0.99786
cju83qd0yjyht0817ktkfl268,/Users/brian/Desktop/VCL318/Swin-ViT/ViTUnet vs SwinUnet/Dataset/processed/Kvasir-SEG/images/cju83qd0yjyht0817ktkfl268.jpg,0.97719,0.988463,0.999552
cju83rcnzkbsj0755x5anfrcg,/Users/brian/Desktop/VCL318/Swin-ViT/ViTUnet vs SwinUnet/Dataset/processed/Kvasir-SEG/images/cju83rcnzkbsj0755x5anfrcg.jpg,0.96409,0.981716,0.998888
cju83syhdk6gs0801rf1rekdl,/Users/brian/Desktop/VCL318/Swin-ViT/ViTUnet vs SwinUnet/Dataset/processed/Kvasir-SEG/images/cju83syhdk6gs0801rf1rekdl.jpg,0.502991,0.66932,0.964742
cju83u9ftk3ni0987qnhlcinv,/Users/brian/Desktop/VCL318/Swin-ViT/ViTUnet vs SwinUnet/Dataset/processed/Kvasir-SEG/images/cju83u9ftk3ni0987qnhlcinv.jpg,0.984175,0.992024,0.999859
cju83vvmik9wa08710yeh7cuk,/Users/brian/Desktop/VCL318/Swin-ViT/ViTUnet vs SwinUnet/Dataset/processed/Kvasir-SEG/images/cju83vvmik9wa08710yeh7cuk.jpg,0.959528,0.979346,0.999027
cju83wwn1k55e0850kw6i2d81,/Users/brian/Desktop/VCL318/Swin-ViT/ViTUnet vs SwinUnet/Dataset/processed/Kvasir-SEG/images/cju83wwn1k55e0850kw6i2d81.jpg,0.96686,0.983151,0.99944
cju83yddek68q0850d2x7zfkm,/Users/brian/Desktop/VCL318/Swin-ViT/ViTUnet vs SwinUnet/Dataset/processed/Kvasir-SEG/images/cju83yddek68q0850d2x7zfkm.jpg,0.96594,0.982675,0.998949
cju8402x1kcy70801t6kz6bdi,/Users/brian/Desktop/VCL318/Swin-ViT/ViTUnet vs SwinUnet/Dataset/processed/Kvasir-SEG/images/cju8402x1kcy70801t6kz6bdi.jpg,0.97778,0.988765,0.999493
cju8418jhkf7d0818ga2v0xq0,/Users/brian/Desktop/VCL318/Swin-ViT/ViTUnet vs SwinUnet/Dataset/processed/Kvasir-SEG/images/cju8418jhkf7d0818ga2v0xq0.jpg,0.981365,0.990595,0.999713
cju8432cmkgq90871cxe4iptl,/Users/brian/Desktop/VCL318/Swin-ViT/ViTUnet vs SwinUnet/Dataset/processed/Kvasir-SEG/images/cju8432cmkgq90871cxe4iptl.jpg,0.982075,0.990956,0.999781
cju843yjskhq30818qre4rwm2,/Users/brian/Desktop/VCL318/Swin-ViT/ViTUnet vs SwinUnet/Dataset/processed/Kvasir-SEG/images/cju843yjskhq30818qre4rwm2.jpg,0.912777,0.9544,0.994979
cju846ec0kj7z08012o10klrb,/Users/brian/Desktop/VCL318/Swin-ViT/ViTUnet vs SwinUnet/Dataset/processed/Kvasir-SEG/images/cju846ec0kj7z08012o10klrb.jpg,0.951725,0.975266,0.998944
cju847pxykriq0755268ktrk2,/Users/brian/Desktop/VCL318/Swin-ViT/ViTUnet vs SwinUnet/Dataset/processed/Kvasir-SEG/images/cju847pxykriq0755268ktrk2.jpg,0.960113,0.979651,0.998629
cju849c23kgnk0817cgv2hw1e,/Users/brian/Desktop/VCL318/Swin-ViT/ViTUnet vs SwinUnet/Dataset/processed/Kvasir-SEG/images/cju849c23kgnk0817cgv2hw1e.jpg,0.967134,0.983292,0.99917
cju84aoa3ktwn0755pfl4gfwd,/Users/brian/Desktop/VCL318/Swin-ViT/ViTUnet vs SwinUnet/Dataset/processed/Kvasir-SEG/images/cju84aoa3ktwn0755pfl4gfwd.jpg,0.9853,0.992596,0.999778
cju84dsvaklpx098750hp83x4,/Users/brian/Desktop/VCL318/Swin-ViT/ViTUnet vs SwinUnet/Dataset/processed/Kvasir-SEG/images/cju84dsvaklpx098750hp83x4.jpg,0.981591,0.99071,0.999291
cju84ffdzkrjn08183jh1fxmb,/Users/brian/Desktop/VCL318/Swin-ViT/ViTUnet vs SwinUnet/Dataset/processed/Kvasir-SEG/images/cju84ffdzkrjn08183jh1fxmb.jpg,0.965149,0.982265,0.998014
cju84gpefknwm098714oq8q61,/Users/brian/Desktop/VCL318/Swin-ViT/ViTUnet vs SwinUnet/Dataset/processed/Kvasir-SEG/images/cju84gpefknwm098714oq8q61.jpg,0.947439,0.97301,0.993542
cju84hibuktj80871u519o71q,/Users/brian/Desktop/VCL318/Swin-ViT/ViTUnet vs SwinUnet/Dataset/processed/Kvasir-SEG/images/cju84hibuktj80871u519o71q.jpg,0.968145,0.983815,0.999337
cju84ih17kp5l09876bkooocl,/Users/brian/Desktop/VCL318/Swin-ViT/ViTUnet vs SwinUnet/Dataset/processed/Kvasir-SEG/images/cju84ih17kp5l09876bkooocl.jpg,0.972292,0.985951,0.999356
cju84jdl9kv0i0871eog9b3i9,/Users/brian/Desktop/VCL318/Swin-ViT/ViTUnet vs SwinUnet/Dataset/processed/Kvasir-SEG/images/cju84jdl9kv0i0871eog9b3i9.jpg,0.973865,0.98676,0.99961
cju84kplnl1y30755ropua1b0,/Users/brian/Desktop/VCL318/Swin-ViT/ViTUnet vs SwinUnet/Dataset/processed/Kvasir-SEG/images/cju84kplnl1y30755ropua1b0.jpg,0.979409,0.989597,0.999637
cju8567gdlcbq0801dwwyo2jt,/Users/brian/Desktop/VCL318/Swin-ViT/ViTUnet vs SwinUnet/Dataset/processed/Kvasir-SEG/images/cju8567gdlcbq0801dwwyo2jt.jpg,0.966649,0.983042,0.998681
cju857ad0l88m0817qx4cwxnf,/Users/brian/Desktop/VCL318/Swin-ViT/ViTUnet vs SwinUnet/Dataset/processed/Kvasir-SEG/images/cju857ad0l88m0817qx4cwxnf.jpg,0.968256,0.983872,0.999184
cju858eswlepn0871pzvdrhj1,/Users/brian/Desktop/VCL318/Swin-ViT/ViTUnet vs SwinUnet/Dataset/processed/Kvasir-SEG/images/cju858eswlepn0871pzvdrhj1.jpg,0.978988,0.989382,0.999713
cju85a8h8llwm07559wxg4t5w,/Users/brian/Desktop/VCL318/Swin-ViT/ViTUnet vs SwinUnet/Dataset/processed/Kvasir-SEG/images/cju85a8h8llwm07559wxg4t5w.jpg,0.96899,0.984251,0.99932
cju85bf1algsq0871y9gtlq97,/Users/brian/Desktop/VCL318/Swin-ViT/ViTUnet vs SwinUnet/Dataset/processed/Kvasir-SEG/images/cju85bf1algsq0871y9gtlq97.jpg,0.963607,0.981466,0.999089
cju85c2d4ln1b0755zz1z3onx,/Users/brian/Desktop/VCL318/Swin-ViT/ViTUnet vs SwinUnet/Dataset/processed/Kvasir-SEG/images/cju85c2d4ln1b0755zz1z3onx.jpg,0.37402,0.544417,0.90229
cju85citjlnfm0755i4rk5tqj,/Users/brian/Desktop/VCL318/Swin-ViT/ViTUnet vs SwinUnet/Dataset/processed/Kvasir-SEG/images/cju85citjlnfm0755i4rk5tqj.jpg,0.954061,0.97649,0.998792
cju85dx63lic408017f0l0400,/Users/brian/Desktop/VCL318/Swin-ViT/ViTUnet vs SwinUnet/Dataset/processed/Kvasir-SEG/images/cju85dx63lic408017f0l0400.jpg,0.959196,0.979173,0.998635
cju85fc11ljr40818edpb0inh,/Users/brian/Desktop/VCL318/Swin-ViT/ViTUnet vs SwinUnet/Dataset/processed/Kvasir-SEG/images/cju85fc11ljr40818edpb0inh.jpg,0.980883,0.990349,0.999799
cju85hguellg50818kwu3s8d1,/Users/brian/Desktop/VCL318/Swin-ViT/ViTUnet vs SwinUnet/Dataset/processed/Kvasir-SEG/images/cju85hguellg50818kwu3s8d1.jpg,0.990705,0.995331,0.999958
cju85ia1slh220987y7c20sm2,/Users/brian/Desktop/VCL318/Swin-ViT/ViTUnet vs SwinUnet/Dataset/processed/Kvasir-SEG/images/cju85ia1slh220987y7c20sm2.jpg,0.974188,0.986925,0.999517
cju85je7vlht70817c9jcjwi4,/Users/brian/Desktop/VCL318/Swin-ViT/ViTUnet vs SwinUnet/Dataset/processed/Kvasir-SEG/images/cju85je7vlht70817c9jcjwi4.jpg,0.771036,0.870718,0.94901
cju85l4yjlops0801fvmnwptf,/Users/brian/Desktop/VCL318/Swin-ViT/ViTUnet vs SwinUnet/Dataset/processed/Kvasir-SEG/images/cju85l4yjlops0801fvmnwptf.jpg,0.9822,0.99102,0.99974
cju85mpuglq8k0818d2it6hzb,/Users/brian/Desktop/VCL318/Swin-ViT/ViTUnet vs SwinUnet/Dataset/processed/Kvasir-SEG/images/cju85mpuglq8k0818d2it6hzb.jpg,0.973282,0.98646,0.999369
cju85nr8elly209872w9n5m0s,/Users/brian/Desktop/VCL318/Swin-ViT/ViTUnet vs SwinUnet/Dataset/processed/Kvasir-SEG/images/cju85nr8elly209872w9n5m0s.jpg,0.971876,0.985737,0.999529
cju85omszllp30850b6rm9mi3,/Users/brian/Desktop/VCL318/Swin-ViT/ViTUnet vs SwinUnet/Dataset/processed/Kvasir-SEG/images/cju85omszllp30850b6rm9mi3.jpg,0.965484,0.982439,0.999195
cju85plp7lmkw0850rx42jdpf,/Users/brian/Desktop/VCL318/Swin-ViT/ViTUnet vs SwinUnet/Dataset/processed/Kvasir-SEG/images/cju85plp7lmkw0850rx42jdpf.jpg,0.974108,0.986884,0.999653
cju85qefyln6v0850szeb9byi,/Users/brian/Desktop/VCL318/Swin-ViT/ViTUnet vs SwinUnet/Dataset/processed/Kvasir-SEG/images/cju85qefyln6v0850szeb9byi.jpg,0.983402,0.991631,0.999839
cju85rkbnlo1c08503uxcpax1,/Users/brian/Desktop/VCL318/Swin-ViT/ViTUnet vs SwinUnet/Dataset/processed/Kvasir-SEG/images/cju85rkbnlo1c08503uxcpax1.jpg,0.952463,0.975653,0.997183
cju87kbcen2av0987usezo8kn,/Users/brian/Desktop/VCL318/Swin-ViT/ViTUnet vs SwinUnet/Dataset/processed/Kvasir-SEG/images/cju87kbcen2av0987usezo8kn.jpg,0.174307,0.296868,0.11585
cju87li0zn3yb0817kbwgjiz8,/Users/brian/Desktop/VCL318/Swin-ViT/ViTUnet vs SwinUnet/Dataset/processed/Kvasir-SEG/images/cju87li0zn3yb0817kbwgjiz8.jpg,0.984873,0.992379,0.99982
cju87mrypnb1e0818scv1mxxg,/Users/brian/Desktop/VCL318/Swin-ViT/ViTUnet vs SwinUnet/Dataset/processed/Kvasir-SEG/images/cju87mrypnb1e0818scv1mxxg.jpg,0.939126,0.968608,0.997879
cju87nkyrnb970801q84m47yt,/Users/brian/Desktop/VCL318/Swin-ViT/ViTUnet vs SwinUnet/Dataset/processed/Kvasir-SEG/images/cju87nkyrnb970801q84m47yt.jpg,0.97333,0.986485,0.99951
cju87ox0kncom0801b98hqnd2,/Users/brian/Desktop/VCL318/Swin-ViT/ViTUnet vs SwinUnet/Dataset/processed/Kvasir-SEG/images/cju87ox0kncom0801b98hqnd2.jpg,0.968402,0.983947,0.999163
cju87q6yoneim0871dl4phvkd,/Users/brian/Desktop/VCL318/Swin-ViT/ViTUnet vs SwinUnet/Dataset/processed/Kvasir-SEG/images/cju87q6yoneim0871dl4phvkd.jpg,0.975956,0.987832,0.999602
cju87r56lnkyp0755hz30leew,/Users/brian/Desktop/VCL318/Swin-ViT/ViTUnet vs SwinUnet/Dataset/processed/Kvasir-SEG/images/cju87r56lnkyp0755hz30leew.jpg,0.977096,0.988415,0.999649
cju87tyddnnad0755bj0wxahe,/Users/brian/Desktop/VCL318/Swin-ViT/ViTUnet vs SwinUnet/Dataset/processed/Kvasir-SEG/images/cju87tyddnnad0755bj0wxahe.jpg,0.978646,0.989208,0.999419
cju87vqa0ndwg0850onjdz7ol,/Users/brian/Desktop/VCL318/Swin-ViT/ViTUnet vs SwinUnet/Dataset/processed/Kvasir-SEG/images/cju87vqa0ndwg0850onjdz7ol.jpg,0.981395,0.99061,0.999778
cju87xn2snfmv0987sc3d9xnq,/Users/brian/Desktop/VCL318/Swin-ViT/ViTUnet vs SwinUnet/Dataset/processed/Kvasir-SEG/images/cju87xn2snfmv0987sc3d9xnq.jpg,0.962024,0.980644,0.999145
cju87z6o6nh73085045bzsx6o,/Users/brian/Desktop/VCL318/Swin-ViT/ViTUnet vs SwinUnet/Dataset/processed/Kvasir-SEG/images/cju87z6o6nh73085045bzsx6o.jpg,0.969118,0.984317,0.999203
cju87zv8lni0o0850hbbecbq6,/Users/brian/Desktop/VCL318/Swin-ViT/ViTUnet vs SwinUnet/Dataset/processed/Kvasir-SEG/images/cju87zv8lni0o0850hbbecbq6.jpg,0.917862,0.957172,0.997007
cju8828oxnool0801qno9luhr,/Users/brian/Desktop/VCL318/Swin-ViT/ViTUnet vs SwinUnet/Dataset/processed/Kvasir-SEG/images/cju8828oxnool0801qno9luhr.jpg,0.962776,0.981035,0.998958
cju884985nlmx0817vzpax3y4,/Users/brian/Desktop/VCL318/Swin-ViT/ViTUnet vs SwinUnet/Dataset/processed/Kvasir-SEG/images/cju884985nlmx0817vzpax3y4.jpg,0.79636,0.886638,0.982448
cju885ikhnmkn09878s2lqtuh,/Users/brian/Desktop/VCL318/Swin-ViT/ViTUnet vs SwinUnet/Dataset/processed/Kvasir-SEG/images/cju885ikhnmkn09878s2lqtuh.jpg,0.970606,0.985084,0.999349
cju886ryxnsl50801r93jai7q,/Users/brian/Desktop/VCL318/Swin-ViT/ViTUnet vs SwinUnet/Dataset/processed/Kvasir-SEG/images/cju886ryxnsl50801r93jai7q.jpg,0.973105,0.986369,0.999364
cju887ftknop008177nnjt46y,/Users/brian/Desktop/VCL318/Swin-ViT/ViTUnet vs SwinUnet/Dataset/processed/Kvasir-SEG/images/cju887ftknop008177nnjt46y.jpg,0.958969,0.979055,0.999244
cju888fr7nveu0818r9uwtiit,/Users/brian/Desktop/VCL318/Swin-ViT/ViTUnet vs SwinUnet/Dataset/processed/Kvasir-SEG/images/cju888fr7nveu0818r9uwtiit.jpg,0.973061,0.986347,0.999368
cju88aq6vo1ij0755c2ey7z7n,/Users/brian/Desktop/VCL318/Swin-ViT/ViTUnet vs SwinUnet/Dataset/processed/Kvasir-SEG/images/cju88aq6vo1ij0755c2ey7z7n.jpg,0.97979,0.989792,0.999641
cju88cddensj00987788yotmg,/Users/brian/Desktop/VCL318/Swin-ViT/ViTUnet vs SwinUnet/Dataset/processed/Kvasir-SEG/images/cju88cddensj00987788yotmg.jpg,0.96504,0.982209,0.999147
cju88evxanv9r08176zkeovec,/Users/brian/Desktop/VCL318/Swin-ViT/ViTUnet vs SwinUnet/Dataset/processed/Kvasir-SEG/images/cju88evxanv9r08176zkeovec.jpg,0.962878,0.981088,0.99906
cju88fpm4o0tl0871w1i6a4ds,/Users/brian/Desktop/VCL318/Swin-ViT/ViTUnet vs SwinUnet/Dataset/processed/Kvasir-SEG/images/cju88fpm4o0tl0871w1i6a4ds.jpg,0.904649,0.949938,0.995853
cju88gx09o2vk0818610zody3,/Users/brian/Desktop/VCL318/Swin-ViT/ViTUnet vs SwinUnet/Dataset/processed/Kvasir-SEG/images/cju88gx09o2vk0818610zody3.jpg,0.965988,0.9827,0.999321
cju88itqbny720987hxizbj5y,/Users/brian/Desktop/VCL318/Swin-ViT/ViTUnet vs SwinUnet/Dataset/processed/Kvasir-SEG/images/cju88itqbny720987hxizbj5y.jpg,0.946432,0.972479,0.997424
cju88k75inzyb0850ccv5x3vk,/Users/brian/Desktop/VCL318/Swin-ViT/ViTUnet vs SwinUnet/Dataset/processed/Kvasir-SEG/images/cju88k75inzyb0850ccv5x3vk.jpg,0.983768,0.991818,0.999891
cju88l66no10s0850rsda7ej1,/Users/brian/Desktop/VCL318/Swin-ViT/ViTUnet vs SwinUnet/Dataset/processed/Kvasir-SEG/images/cju88l66no10s0850rsda7ej1.jpg,0.988936,0.994437,0.999912
cju88msmoo3470817m441j4sg,/Users/brian/Desktop/VCL318/Swin-ViT/ViTUnet vs SwinUnet/Dataset/processed/Kvasir-SEG/images/cju88msmoo3470817m441j4sg.jpg,0.641668,0.781727,0.919226
cju88nroho44508500129f1nh,/Users/brian/Desktop/VCL318/Swin-ViT/ViTUnet vs SwinUnet/Dataset/processed/Kvasir-SEG/images/cju88nroho44508500129f1nh.jpg,0.960961,0.980092,0.999429
cju88oh0po9gq0801nge4tgr1,/Users/brian/Desktop/VCL318/Swin-ViT/ViTUnet vs SwinUnet/Dataset/processed/Kvasir-SEG/images/cju88oh0po9gq0801nge4tgr1.jpg,0.968053,0.983767,0.999306
cju88q6h6obpd0871ckmiabbo,/Users/brian/Desktop/VCL318/Swin-ViT/ViTUnet vs SwinUnet/Dataset/processed/Kvasir-SEG/images/cju88q6h6obpd0871ckmiabbo.jpg,0.935373,0.966607,0.997537
cju88rl5eo94l0850kf5wtrm1,/Users/brian/Desktop/VCL318/Swin-ViT/ViTUnet vs SwinUnet/Dataset/processed/Kvasir-SEG/images/cju88rl5eo94l0850kf5wtrm1.jpg,0.976517,0.988119,0.99943
cju88t4fvokxf07558ymyh281,/Users/brian/Desktop/VCL318/Swin-ViT/ViTUnet vs SwinUnet/Dataset/processed/Kvasir-SEG/images/cju88t4fvokxf07558ymyh281.jpg,0.968026,0.983754,0.999267
cju88trl3ogi208716qvti51b,/Users/brian/Desktop/VCL318/Swin-ViT/ViTUnet vs SwinUnet/Dataset/processed/Kvasir-SEG/images/cju88trl3ogi208716qvti51b.jpg,0.960317,0.979757,0.998898
cju88v2f9oi8w0871hx9auh01,/Users/brian/Desktop/VCL318/Swin-ViT/ViTUnet vs SwinUnet/Dataset/processed/Kvasir-SEG/images/cju88v2f9oi8w0871hx9auh01.jpg,0.937819,0.967912,0.997245
cju88vx2uoocy075531lc63n3,/Users/brian/Desktop/VCL318/Swin-ViT/ViTUnet vs SwinUnet/Dataset/processed/Kvasir-SEG/images/cju88vx2uoocy075531lc63n3.jpg,0.960465,0.979834,0.999333
cju88y1mwoln50871emyfny1g,/Users/brian/Desktop/VCL318/Swin-ViT/ViTUnet vs SwinUnet/Dataset/processed/Kvasir-SEG/images/cju88y1mwoln50871emyfny1g.jpg,0.980419,0.990113,0.999495
cju88z8bson4h0871nnd7fdxo,/Users/brian/Desktop/VCL318/Swin-ViT/ViTUnet vs SwinUnet/Dataset/processed/Kvasir-SEG/images/cju88z8bson4h0871nnd7fdxo.jpg,0.972568,0.986093,0.99952
cju890guyoiti098753yg6cdu,/Users/brian/Desktop/VCL318/Swin-ViT/ViTUnet vs SwinUnet/Dataset/processed/Kvasir-SEG/images/cju890guyoiti098753yg6cdu.jpg,0.920091,0.958383,0.996442
cju8914beokbf0850isxpocrk,/Users/brian/Desktop/VCL318/Swin-ViT/ViTUnet vs SwinUnet/Dataset/processed/Kvasir-SEG/images/cju8914beokbf0850isxpocrk.jpg,0.921076,0.958917,0.996737
cju892fesoq2g0801n0e0jyia,/Users/brian/Desktop/VCL318/Swin-ViT/ViTUnet vs SwinUnet/Dataset/processed/Kvasir-SEG/images/cju892fesoq2g0801n0e0jyia.jpg,0.979803,0.989798,0.999723
cju893jmdompz0817xn3g1w4h,/Users/brian/Desktop/VCL318/Swin-ViT/ViTUnet vs SwinUnet/Dataset/processed/Kvasir-SEG/images/cju893jmdompz0817xn3g1w4h.jpg,0.973591,0.986619,0.999338
cju89y9h0puti0818i5yw29e6,/Users/brian/Desktop/VCL318/Swin-ViT/ViTUnet vs SwinUnet/Dataset/processed/Kvasir-SEG/images/cju89y9h0puti0818i5yw29e6.jpg,0.972646,0.986133,0.999211
cju89z6pqpqfx0817mfv8ixjc,/Users/brian/Desktop/VCL318/Swin-ViT/ViTUnet vs SwinUnet/Dataset/processed/Kvasir-SEG/images/cju89z6pqpqfx0817mfv8ixjc.jpg,0.001822,0.003638,0.043734
cju8a1jtvpt9m081712iwkca7,/Users/brian/Desktop/VCL318/Swin-ViT/ViTUnet vs SwinUnet/Dataset/processed/Kvasir-SEG/images/cju8a1jtvpt9m081712iwkca7.jpg,0.980603,0.990207,0.999234
cju8a2itsq4dv0755ntlovpxe,/Users/brian/Desktop/VCL318/Swin-ViT/ViTUnet vs SwinUnet/Dataset/processed/Kvasir-SEG/images/cju8a2itsq4dv0755ntlovpxe.jpg,0.949178,0.973926,0.998609
cju8a3nhbpwnb0850d37fo2na,/Users/brian/Desktop/VCL318/Swin-ViT/ViTUnet vs SwinUnet/Dataset/processed/Kvasir-SEG/images/cju8a3nhbpwnb0850d37fo2na.jpg,0.959738,0.979455,0.998789
cju8a56vxpy780850r45yu4wk,/Users/brian/Desktop/VCL318/Swin-ViT/ViTUnet vs SwinUnet/Dataset/processed/Kvasir-SEG/images/cju8a56vxpy780850r45yu4wk.jpg,0.966724,0.98308,0.99904
cju8a84g0q76m0818hwiggkod,/Users/brian/Desktop/VCL318/Swin-ViT/ViTUnet vs SwinUnet/Dataset/processed/Kvasir-SEG/images/cju8a84g0q76m0818hwiggkod.jpg,0.964332,0.981842,0.999278
cju8abobpqbir08189u01huru,/Users/brian/Desktop/VCL318/Swin-ViT/ViTUnet vs SwinUnet/Dataset/processed/Kvasir-SEG/images/cju8abobpqbir08189u01huru.jpg,0.979555,0.989672,0.99952
cju8adb60qbiu080188mxpf8d,/Users/brian/Desktop/VCL318/Swin-ViT/ViTUnet vs SwinUnet/Dataset/processed/Kvasir-SEG/images/cju8adb60qbiu080188mxpf8d.jpg,0.968289,0.983889,0.999374
cju8aeei7q8k308173n9y4klv,/Users/brian/Desktop/VCL318/Swin-ViT/ViTUnet vs SwinUnet/Dataset/processed/Kvasir-SEG/images/cju8aeei7q8k308173n9y4klv.jpg,0.972395,0.986005,0.999476
cju8aj01yqeqm0850lhdz3xdw,/Users/brian/Desktop/VCL318/Swin-ViT/ViTUnet vs SwinUnet/Dataset/processed/Kvasir-SEG/images/cju8aj01yqeqm0850lhdz3xdw.jpg,0.979908,0.989852,0.999663
cju8alhigqn2h0801zksudldd,/Users/brian/Desktop/VCL318/Swin-ViT/ViTUnet vs SwinUnet/Dataset/processed/Kvasir-SEG/images/cju8alhigqn2h0801zksudldd.jpg,0.978392,0.989078,0.999613
cju8amfdtqi4x09871tygrgqe,/Users/brian/Desktop/VCL318/Swin-ViT/ViTUnet vs SwinUnet/Dataset/processed/Kvasir-SEG/images/cju8amfdtqi4x09871tygrgqe.jpg,0.96293,0.981115,0.998944
cju8ando2qqdo0818ck7i1be1,/Users/brian/Desktop/VCL318/Swin-ViT/ViTUnet vs SwinUnet/Dataset/processed/Kvasir-SEG/images/cju8ando2qqdo0818ck7i1be1.jpg,0.974778,0.987228,0.999568
cju8apjewqrk00801k5d71gky,/Users/brian/Desktop/VCL318/Swin-ViT/ViTUnet vs SwinUnet/Dataset/processed/Kvasir-SEG/images/cju8apjewqrk00801k5d71gky.jpg,0.974462,0.987066,0.999603
cju8aqq8uqmoq0987hphto9gg,/Users/brian/Desktop/VCL318/Swin-ViT/ViTUnet vs SwinUnet/Dataset/processed/Kvasir-SEG/images/cju8aqq8uqmoq0987hphto9gg.jpg,0.97984,0.989817,0.999693
cju8arof2qpf20850ifr1bnqj,/Users/brian/Desktop/VCL318/Swin-ViT/ViTUnet vs SwinUnet/Dataset/processed/Kvasir-SEG/images/cju8arof2qpf20850ifr1bnqj.jpg,0.619995,0.765428,0.742534
cju8ashhnquqr0801rwduzt7d,/Users/brian/Desktop/VCL318/Swin-ViT/ViTUnet vs SwinUnet/Dataset/processed/Kvasir-SEG/images/cju8ashhnquqr0801rwduzt7d.jpg,0.962537,0.980911,0.999266
cju8at3s1qqqx0850hcq8nmnq,/Users/brian/Desktop/VCL318/Swin-ViT/ViTUnet vs SwinUnet/Dataset/processed/Kvasir-SEG/images/cju8at3s1qqqx0850hcq8nmnq.jpg,0.73015,0.844031,0.841025
cju8auylgqx0z0871u4o4db7o,/Users/brian/Desktop/VCL318/Swin-ViT/ViTUnet vs SwinUnet/Dataset/processed/Kvasir-SEG/images/cju8auylgqx0z0871u4o4db7o.jpg,0.934263,0.966014,0.99763
cju8aw9n1qyg10801jkjlmors,/Users/brian/Desktop/VCL318/Swin-ViT/ViTUnet vs SwinUnet/Dataset/processed/Kvasir-SEG/images/cju8aw9n1qyg10801jkjlmors.jpg,0.835595,0.910435,0.973593
cju8axq24r4an0755yhv9d4ly,/Users/brian/Desktop/VCL318/Swin-ViT/ViTUnet vs SwinUnet/Dataset/processed/Kvasir-SEG/images/cju8axq24r4an0755yhv9d4ly.jpg,0.972238,0.985923,0.999396
cju8ayeq7r1fb0818z1junacy,/Users/brian/Desktop/VCL318/Swin-ViT/ViTUnet vs SwinUnet/Dataset/processed/Kvasir-SEG/images/cju8ayeq7r1fb0818z1junacy.jpg,0.966387,0.982906,0.999286
cju8azmhcr66e0755t61atz72,/Users/brian/Desktop/VCL318/Swin-ViT/ViTUnet vs SwinUnet/Dataset/processed/Kvasir-SEG/images/cju8azmhcr66e0755t61atz72.jpg,0.972556,0.986087,0.999454
cju8b0jr0r2oi0801jiquetd5,/Users/brian/Desktop/VCL318/Swin-ViT/ViTUnet vs SwinUnet/Dataset/processed/Kvasir-SEG/images/cju8b0jr0r2oi0801jiquetd5.jpg,0.965054,0.982216,0.99921
cju8b1v3br45u087189kku66u,/Users/brian/Desktop/VCL318/Swin-ViT/ViTUnet vs SwinUnet/Dataset/processed/Kvasir-SEG/images/cju8b1v3br45u087189kku66u.jpg,0.980466,0.990137,0.99969
cju8b2rmgr52s0801p54eyflx,/Users/brian/Desktop/VCL318/Swin-ViT/ViTUnet vs SwinUnet/Dataset/processed/Kvasir-SEG/images/cju8b2rmgr52s0801p54eyflx.jpg,0.569563,0.72576,0.88412
cju8b3ka8r64u0801fh18hk7l,/Users/brian/Desktop/VCL318/Swin-ViT/ViTUnet vs SwinUnet/Dataset/processed/Kvasir-SEG/images/cju8b3ka8r64u0801fh18hk7l.jpg,0.963496,0.981408,0.999172
cju8b4ja9r2s808509d45ma86,/Users/brian/Desktop/VCL318/Swin-ViT/ViTUnet vs SwinUnet/Dataset/processed/Kvasir-SEG/images/cju8b4ja9r2s808509d45ma86.jpg,0.971823,0.98571,0.999124
cju8b542nr81x0871uxnkm9ih,/Users/brian/Desktop/VCL318/Swin-ViT/ViTUnet vs SwinUnet/Dataset/processed/Kvasir-SEG/images/cju8b542nr81x0871uxnkm9ih.jpg,0.951533,0.975165,0.998424
cju8b5p40r2c60987ofa0mu03,/Users/brian/Desktop/VCL318/Swin-ViT/ViTUnet vs SwinUnet/Dataset/processed/Kvasir-SEG/images/cju8b5p40r2c60987ofa0mu03.jpg,0.969257,0.984389,0.999242
cju8b6rp0r5st0850184f79xt,/Users/brian/Desktop/VCL318/Swin-ViT/ViTUnet vs SwinUnet/Dataset/processed/Kvasir-SEG/images/cju8b6rp0r5st0850184f79xt.jpg,0.970032,0.984788,0.999374
cju8b7aqtr4a00987coba14b7,/Users/brian/Desktop/VCL318/Swin-ViT/ViTUnet vs SwinUnet/Dataset/processed/Kvasir-SEG/images/cju8b7aqtr4a00987coba14b7.jpg,0.956498,0.977765,0.998612
cju8b8yair65w09878pyqtr96,/Users/brian/Desktop/VCL318/Swin-ViT/ViTUnet vs SwinUnet/Dataset/processed/Kvasir-SEG/images/cju8b8yair65w09878pyqtr96.jpg,0.940962,0.969583,0.996891
cju8bafgqrf4x0818twisk3ea,/Users/brian/Desktop/VCL318/Swin-ViT/ViTUnet vs SwinUnet/Dataset/processed/Kvasir-SEG/images/cju8bafgqrf4x0818twisk3ea.jpg,0.969707,0.984621,0.999398
cju8bbznkrf5g0871jncffynk,/Users/brian/Desktop/VCL318/Swin-ViT/ViTUnet vs SwinUnet/Dataset/processed/Kvasir-SEG/images/cju8bbznkrf5g0871jncffynk.jpg,0.961426,0.980334,0.997936
cju8bff9nrfi10850fmfzbf8v,/Users/brian/Desktop/VCL318/Swin-ViT/ViTUnet vs SwinUnet/Dataset/processed/Kvasir-SEG/images/cju8bff9nrfi10850fmfzbf8v.jpg,0.968508,0.984002,0.999483
cju8bgdmqrksy0801tozdmraa,/Users/brian/Desktop/VCL318/Swin-ViT/ViTUnet vs SwinUnet/Dataset/processed/Kvasir-SEG/images/cju8bgdmqrksy0801tozdmraa.jpg,0.966667,0.983051,0.999328
cju8bh8surexp0987o5pzklk1,/Users/brian/Desktop/VCL318/Swin-ViT/ViTUnet vs SwinUnet/Dataset/processed/Kvasir-SEG/images/cju8bh8surexp0987o5pzklk1.jpg,0.981253,0.990538,0.999707
cju8bi8q7rlmn0871abc5ch8k,/Users/brian/Desktop/VCL318/Swin-ViT/ViTUnet vs SwinUnet/Dataset/processed/Kvasir-SEG/images/cju8bi8q7rlmn0871abc5ch8k.jpg,0.96407,0.981706,0.99912
cju8bj2ssrmlm0871gc2ug2rs,/Users/brian/Desktop/VCL318/Swin-ViT/ViTUnet vs SwinUnet/Dataset/processed/Kvasir-SEG/images/cju8bj2ssrmlm0871gc2ug2rs.jpg,0.39222,0.563446,0.915924
cju8bk8oirjhw0817hgkua2w8,/Users/brian/Desktop/VCL318/Swin-ViT/ViTUnet vs SwinUnet/Dataset/processed/Kvasir-SEG/images/cju8bk8oirjhw0817hgkua2w8.jpg,0.976966,0.988349,0.999595
cju8bljw9rqk20801kr54akrl,/Users/brian/Desktop/VCL318/Swin-ViT/ViTUnet vs SwinUnet/Dataset/processed/Kvasir-SEG/images/cju8bljw9rqk20801kr54akrl.jpg,0.969712,0.984623,0.99887
cju8bm24yrrdp081829mbo8ic,/Users/brian/Desktop/VCL318/Swin-ViT/ViTUnet vs SwinUnet/Dataset/processed/Kvasir-SEG/images/cju8bm24yrrdp081829mbo8ic.jpg,0.969743,0.984639,0.999261
cju8bn7m2rmm70817hgxpb1uq,/Users/brian/Desktop/VCL318/Swin-ViT/ViTUnet vs SwinUnet/Dataset/processed/Kvasir-SEG/images/cju8bn7m2rmm70817hgxpb1uq.jpg,0.972563,0.986091,0.999398
cju8bop5jrsid08716i24fqda,/Users/brian/Desktop/VCL318/Swin-ViT/ViTUnet vs SwinUnet/Dataset/processed/Kvasir-SEG/images/cju8bop5jrsid08716i24fqda.jpg,0.960179,0.979685,0.99801
cju8bpctzrqkr0850zeldv9kt,/Users/brian/Desktop/VCL318/Swin-ViT/ViTUnet vs SwinUnet/Dataset/processed/Kvasir-SEG/images/cju8bpctzrqkr0850zeldv9kt.jpg,0.972264,0.985937,0.999607
cju8bqxxurs6i0850mu7mtef9,/Users/brian/Desktop/VCL318/Swin-ViT/ViTUnet vs SwinUnet/Dataset/processed/Kvasir-SEG/images/cju8bqxxurs6i0850mu7mtef9.jpg,0.946679,0.972609,0.99756
cju8brv16rx7f0818uf5n89pv,/Users/brian/Desktop/VCL318/Swin-ViT/ViTUnet vs SwinUnet/Dataset/processed/Kvasir-SEG/images/cju8brv16rx7f0818uf5n89pv.jpg,0.95088,0.974821,0.998467
cju8bssulrrcy0987h1vq5060,/Users/brian/Desktop/VCL318/Swin-ViT/ViTUnet vs SwinUnet/Dataset/processed/Kvasir-SEG/images/cju8bssulrrcy0987h1vq5060.jpg,0.976831,0.98828,0.999621
cju8buos5rz9b08715lfr0f4f,/Users/brian/Desktop/VCL318/Swin-ViT/ViTUnet vs SwinUnet/Dataset/processed/Kvasir-SEG/images/cju8buos5rz9b08715lfr0f4f.jpg,0.980485,0.990146,0.999767
cju8bw697rwg308177tg8huas,/Users/brian/Desktop/VCL318/Swin-ViT/ViTUnet vs SwinUnet/Dataset/processed/Kvasir-SEG/images/cju8bw697rwg308177tg8huas.jpg,0.896372,0.945354,0.990545
cju8bysfgrzkl081786jwac09,/Users/brian/Desktop/VCL318/Swin-ViT/ViTUnet vs SwinUnet/Dataset/processed/Kvasir-SEG/images/cju8bysfgrzkl081786jwac09.jpg,0.970234,0.984892,0.999631
cju8bzzy2s66m08016z6mouqt,/Users/brian/Desktop/VCL318/Swin-ViT/ViTUnet vs SwinUnet/Dataset/processed/Kvasir-SEG/images/cju8bzzy2s66m08016z6mouqt.jpg,0.976731,0.988228,0.999651
cju8c1a0ws7o208181c6lbsom,/Users/brian/Desktop/VCL318/Swin-ViT/ViTUnet vs SwinUnet/Dataset/processed/Kvasir-SEG/images/cju8c1a0ws7o208181c6lbsom.jpg,0.983117,0.991487,0.999018
cju8c2rqzs5t80850d0zky5dy,/Users/brian/Desktop/VCL318/Swin-ViT/ViTUnet vs SwinUnet/Dataset/processed/Kvasir-SEG/images/cju8c2rqzs5t80850d0zky5dy.jpg,0.968268,0.983878,0.999412
cju8c3xs7sauj0801ieyzezr5,/Users/brian/Desktop/VCL318/Swin-ViT/ViTUnet vs SwinUnet/Dataset/processed/Kvasir-SEG/images/cju8c3xs7sauj0801ieyzezr5.jpg,0.895618,0.944935,0.965656
cju8c5223s8j80850b4kealt4,/Users/brian/Desktop/VCL318/Swin-ViT/ViTUnet vs SwinUnet/Dataset/processed/Kvasir-SEG/images/cju8c5223s8j80850b4kealt4.jpg,0.948308,0.973468,0.997784
cju8c5mxls96t0850wvkvsity,/Users/brian/Desktop/VCL318/Swin-ViT/ViTUnet vs SwinUnet/Dataset/processed/Kvasir-SEG/images/cju8c5mxls96t0850wvkvsity.jpg,0.97592,0.987813,0.999082
cju8c5zcbsdfz0801o5t6jag1,/Users/brian/Desktop/VCL318/Swin-ViT/ViTUnet vs SwinUnet/Dataset/processed/Kvasir-SEG/images/cju8c5zcbsdfz0801o5t6jag1.jpg,0.949927,0.974321,0.998907
cju8c6hnxsdvr0801wn0vrsa6,/Users/brian/Desktop/VCL318/Swin-ViT/ViTUnet vs SwinUnet/Dataset/processed/Kvasir-SEG/images/cju8c6hnxsdvr0801wn0vrsa6.jpg,0.894822,0.944492,0.996236
cju8c82iosagu0817l74s4m5g,/Users/brian/Desktop/VCL318/Swin-ViT/ViTUnet vs SwinUnet/Dataset/processed/Kvasir-SEG/images/cju8c82iosagu0817l74s4m5g.jpg,0.824969,0.904091,0.900352
cju8c9akjsdjj0850s67uzlxq,/Users/brian/Desktop/VCL318/Swin-ViT/ViTUnet vs SwinUnet/Dataset/processed/Kvasir-SEG/images/cju8c9akjsdjj0850s67uzlxq.jpg,0.968479,0.983987,0.999325
cju8ca4geseia0850i2ru11hw,/Users/brian/Desktop/VCL318/Swin-ViT/ViTUnet vs SwinUnet/Dataset/processed/Kvasir-SEG/images/cju8ca4geseia0850i2ru11hw.jpg,0.960388,0.979794,0.998785
cju8cattbsivm0818p446wgel,/Users/brian/Desktop/VCL318/Swin-ViT/ViTUnet vs SwinUnet/Dataset/processed/Kvasir-SEG/images/cju8cattbsivm0818p446wgel.jpg,0.445793,0.616676,0.797027
cju8cbsyssiqj0871gr4jedjp,/Users/brian/Desktop/VCL318/Swin-ViT/ViTUnet vs SwinUnet/Dataset/processed/Kvasir-SEG/images/cju8cbsyssiqj0871gr4jedjp.jpg,0.970512,0.985036,0.999499
cju8cdeazsm8h0801jxifmzur,/Users/brian/Desktop/VCL318/Swin-ViT/ViTUnet vs SwinUnet/Dataset/processed/Kvasir-SEG/images/cju8cdeazsm8h0801jxifmzur.jpg,0.979882,0.989839,0.999652
cju8ceacrsqkr0755hdz145es,/Users/brian/Desktop/VCL318/Swin-ViT/ViTUnet vs SwinUnet/Dataset/processed/Kvasir-SEG/images/cju8ceacrsqkr0755hdz145es.jpg,0.959705,0.979438,0.998989
cju8cgi2kspp308011nxdtjp6,/Users/brian/Desktop/VCL318/Swin-ViT/ViTUnet vs SwinUnet/Dataset/processed/Kvasir-SEG/images/cju8cgi2kspp308011nxdtjp6.jpg,0.964993,0.982185,0.998839
cju8chdlqsu620755azjty1tj,/Users/brian/Desktop/VCL318/Swin-ViT/ViTUnet vs SwinUnet/Dataset/processed/Kvasir-SEG/images/cju8chdlqsu620755azjty1tj.jpg,0.929942,0.9637,0.996143
cju8chxndsre008015uisl4si,/Users/brian/Desktop/VCL318/Swin-ViT/ViTUnet vs SwinUnet/Dataset/processed/Kvasir-SEG/images/cju8chxndsre008015uisl4si.jpg,0.829004,0.906509,0.938665
cju8cj10qsrau0871o2dr6ai1,/Users/brian/Desktop/VCL318/Swin-ViT/ViTUnet vs SwinUnet/Dataset/processed/Kvasir-SEG/images/cju8cj10qsrau0871o2dr6ai1.jpg,0.973802,0.986727,0.999245
cju8clorgsuwn08714toqb7v6,/Users/brian/Desktop/VCL318/Swin-ViT/ViTUnet vs SwinUnet/Dataset/processed/Kvasir-SEG/images/cju8clorgsuwn08714toqb7v6.jpg,0.966625,0.983029,0.998901
cju8cwy02t9eq08185qn12c02,/Users/brian/Desktop/VCL318/Swin-ViT/ViTUnet vs SwinUnet/Dataset/processed/Kvasir-SEG/images/cju8cwy02t9eq08185qn12c02.jpg,0.966591,0.983012,0.998756
cju8czvnztbf40871b4m7t78w,/Users/brian/Desktop/VCL318/Swin-ViT/ViTUnet vs SwinUnet/Dataset/processed/Kvasir-SEG/images/cju8czvnztbf40871b4m7t78w.jpg,0.967798,0.983636,0.999342
cju8d2q30tfhs0801n7lx77xl,/Users/brian/Desktop/VCL318/Swin-ViT/ViTUnet vs SwinUnet/Dataset/processed/Kvasir-SEG/images/cju8d2q30tfhs0801n7lx77xl.jpg,0.954715,0.976833,0.996155
cju8d4jgatgpj0871q2ophhkm,/Users/brian/Desktop/VCL318/Swin-ViT/ViTUnet vs SwinUnet/Dataset/processed/Kvasir-SEG/images/cju8d4jgatgpj0871q2ophhkm.jpg,0.974953,0.987318,0.999502
cju8dic9mtppa0987swn23wbc,/Users/brian/Desktop/VCL318/Swin-ViT/ViTUnet vs SwinUnet/Dataset/processed/Kvasir-SEG/images/cju8dic9mtppa0987swn23wbc.jpg,0.983021,0.991438,0.999735
cju8djdqztu6408506pzhlo18,/Users/brian/Desktop/VCL318/Swin-ViT/ViTUnet vs SwinUnet/Dataset/processed/Kvasir-SEG/images/cju8djdqztu6408506pzhlo18.jpg,0.876072,0.933943,0.964315
cju8dk7eztzup08182yxko5zh,/Users/brian/Desktop/VCL318/Swin-ViT/ViTUnet vs SwinUnet/Dataset/processed/Kvasir-SEG/images/cju8dk7eztzup08182yxko5zh.jpg,0.965211,0.982298,0.999238
cju8dm2cau2km0818jsv9eeq2,/Users/brian/Desktop/VCL318/Swin-ViT/ViTUnet vs SwinUnet/Dataset/processed/Kvasir-SEG/images/cju8dm2cau2km0818jsv9eeq2.jpg,0.973406,0.986524,0.999643
cju8dn0c3u2v50801k8rvq02f,/Users/brian/Desktop/VCL318/Swin-ViT/ViTUnet vs SwinUnet/Dataset/processed/Kvasir-SEG/images/cju8dn0c3u2v50801k8rvq02f.jpg,0.970526,0.985042,0.998917
cju8doa16u5gh0818w1ywda3q,/Users/brian/Desktop/VCL318/Swin-ViT/ViTUnet vs SwinUnet/Dataset/processed/Kvasir-SEG/images/cju8doa16u5gh0818w1ywda3q.jpg,0.824007,0.903513,0.978659
cju8dpa89u6l80818dj6lldh9,/Users/brian/Desktop/VCL318/Swin-ViT/ViTUnet vs SwinUnet/Dataset/processed/Kvasir-SEG/images/cju8dpa89u6l80818dj6lldh9.jpg,0.965133,0.982257,0.998978
cju8dqkrqu83i0818ev74qpxq,/Users/brian/Desktop/VCL318/Swin-ViT/ViTUnet vs SwinUnet/Dataset/processed/Kvasir-SEG/images/cju8dqkrqu83i0818ev74qpxq.jpg,0.979706,0.989749,0.999752
cjyzjzssvd8pq0838f4nolj5l,/Users/brian/Desktop/VCL318/Swin-ViT/ViTUnet vs SwinUnet/Dataset/processed/Kvasir-SEG/images/cjyzjzssvd8pq0838f4nolj5l.jpg,0.896172,0.945243,0.99633
cjyzk8qieoboa0848ogj51wwm,/Users/brian/Desktop/VCL318/Swin-ViT/ViTUnet vs SwinUnet/Dataset/processed/Kvasir-SEG/images/cjyzk8qieoboa0848ogj51wwm.jpg,0.981397,0.990611,0.999747
cjyzkmjy8evns070165gf9dmq,/Users/brian/Desktop/VCL318/Swin-ViT/ViTUnet vs SwinUnet/Dataset/processed/Kvasir-SEG/images/cjyzkmjy8evns070165gf9dmq.jpg,0.973229,0.986433,0.999427
cjyzkpsbjdsjq07211dfi4sru,/Users/brian/Desktop/VCL318/Swin-ViT/ViTUnet vs SwinUnet/Dataset/processed/Kvasir-SEG/images/cjyzkpsbjdsjq07211dfi4sru.jpg,0.933181,0.965436,0.998708
cjyzl833ndne80838pzuq6ila,/Users/brian/Desktop/VCL318/Swin-ViT/ViTUnet vs SwinUnet/Dataset/processed/Kvasir-SEG/images/cjyzl833ndne80838pzuq6ila.jpg,0.963507,0.981414,0.999193
cjyzlw7f9faqr070129au64sq,/Users/brian/Desktop/VCL318/Swin-ViT/ViTUnet vs SwinUnet/Dataset/processed/Kvasir-SEG/images/cjyzlw7f9faqr070129au64sq.jpg,0.835085,0.910132,0.991512
cjyztzaqtrv430848l8xgcerw,/Users/brian/Desktop/VCL318/Swin-ViT/ViTUnet vs SwinUnet/Dataset/processed/Kvasir-SEG/images/cjyztzaqtrv430848l8xgcerw.jpg,0.956721,0.977882,0.999171
cjyzu3reghjya0794w7pwoi50,/Users/brian/Desktop/VCL318/Swin-ViT/ViTUnet vs SwinUnet/Dataset/processed/Kvasir-SEG/images/cjyzu3reghjya0794w7pwoi50.jpg,0.930303,0.963893,0.996775
cjyzu9th0qt4r0a46pyl4zik0,/Users/brian/Desktop/VCL318/Swin-ViT/ViTUnet vs SwinUnet/Dataset/processed/Kvasir-SEG/images/cjyzu9th0qt4r0a46pyl4zik0.jpg,0.951937,0.975377,0.998414
cjyzufihqquiw0a46jatrbwln,/Users/brian/Desktop/VCL318/Swin-ViT/ViTUnet vs SwinUnet/Dataset/processed/Kvasir-SEG/images/cjyzufihqquiw0a46jatrbwln.jpg,0.970868,0.985218,0.999565
cjyzuio1qgh040763k56deohv,/Users/brian/Desktop/VCL318/Swin-ViT/ViTUnet vs SwinUnet/Dataset/processed/Kvasir-SEG/images/cjyzuio1qgh040763k56deohv.jpg,0.827177,0.905415,0.996309
cjyzul1qggwwj07216mhiv5sy,/Users/brian/Desktop/VCL318/Swin-ViT/ViTUnet vs SwinUnet/Dataset/processed/Kvasir-SEG/images/cjyzul1qggwwj07216mhiv5sy.jpg,0.941885,0.970073,0.997937
cjyzurzvohqnr0794es1itzek,/Users/brian/Desktop/VCL318/Swin-ViT/ViTUnet vs SwinUnet/Dataset/processed/Kvasir-SEG/images/cjyzurzvohqnr0794es1itzek.jpg,0.969677,0.984605,0.999659
cjz14qsk2wci60794un9ozwmw,/Users/brian/Desktop/VCL318/Swin-ViT/ViTUnet vs SwinUnet/Dataset/processed/Kvasir-SEG/images/cjz14qsk2wci60794un9ozwmw.jpg,0.960678,0.979945,0.999501
ck2395w2mb4vu07480otsu6tw,/Users/brian/Desktop/VCL318/Swin-ViT/ViTUnet vs SwinUnet/Dataset/processed/Kvasir-SEG/images/ck2395w2mb4vu07480otsu6tw.jpg,0.963993,0.981667,0.999375
ck2bxiswtxuw80838qkisqjwz,/Users/brian/Desktop/VCL318/Swin-ViT/ViTUnet vs SwinUnet/Dataset/processed/Kvasir-SEG/images/ck2bxiswtxuw80838qkisqjwz.jpg,0.302455,0.464438,0.624608
ck2bxknhjvs1x0794iogrq49k,/Users/brian/Desktop/VCL318/Swin-ViT/ViTUnet vs SwinUnet/Dataset/processed/Kvasir-SEG/images/ck2bxknhjvs1x0794iogrq49k.jpg,0.919084,0.957836,0.985192
ck2bxlujamu330725szlc2jdu,/Users/brian/Desktop/VCL318/Swin-ViT/ViTUnet vs SwinUnet/Dataset/processed/Kvasir-SEG/images/ck2bxlujamu330725szlc2jdu.jpg,0.933888,0.965814,0.995792
ck2bxpfgxu2mk0748gsh7xelu,/Users/brian/Desktop/VCL318/Swin-ViT/ViTUnet vs SwinUnet/Dataset/processed/Kvasir-SEG/images/ck2bxpfgxu2mk0748gsh7xelu.jpg,0.870058,0.930514,0.988376
ck2bxqz3evvg20794iiyv5v2m,/Users/brian/Desktop/VCL318/Swin-ViT/ViTUnet vs SwinUnet/Dataset/processed/Kvasir-SEG/images/ck2bxqz3evvg20794iiyv5v2m.jpg,0.935289,0.966563,0.996502
ck2bxskgxxzfv08386xkqtqdy,/Users/brian/Desktop/VCL318/Swin-ViT/ViTUnet vs SwinUnet/Dataset/processed/Kvasir-SEG/images/ck2bxskgxxzfv08386xkqtqdy.jpg,0.925974,0.961565,0.997462
ck2bxw18mmz1k0725litqq2mc,/Users/brian/Desktop/VCL318/Swin-ViT/ViTUnet vs SwinUnet/Dataset/processed/Kvasir-SEG/images/ck2bxw18mmz1k0725litqq2mc.jpg,0.959835,0.979506,0.998739
ck2da7fwcjfis07218r1rvm95,/Users/brian/Desktop/VCL318/Swin-ViT/ViTUnet vs SwinUnet/Dataset/processed/Kvasir-SEG/images/ck2da7fwcjfis07218r1rvm95.jpg,0.968847,0.984177,0.999481
