filename,stem,split,image_path,mask_path,original_width,original_height,foreground_ratio,bbox_available,bbox_count
cju0qoxqj9q6s0835b43399p4.jpg,cju0qoxqj9q6s0835b43399p4,test,/Users/brian/Desktop/VCL318/Swin-ViT/ViTUnet vs SwinUnet/Dataset/processed/Kvasir-SEG/images/cju0qoxqj9q6s0835b43399p4.jpg,/Users/brian/Desktop/VCL318/Swin-ViT/ViTUnet vs SwinUnet/Dataset/processed/Kvasir-SEG/masks/cju0qoxqj9q6s0835b43399p4.png,1348,1070,0.270595,True,1
cju0tl3uz8blh0993wxvn7ly3.jpg,cju0tl3uz8blh0993wxvn7ly3,test,/Users/brian/Desktop/VCL318/Swin-ViT/ViTUnet vs SwinUnet/Dataset/processed/Kvasir-SEG/images/cju0tl3uz8blh0993wxvn7ly3.jpg,/Users/brian/Desktop/VCL318/Swin-ViT/ViTUnet vs SwinUnet/Dataset/processed/Kvasir-SEG/masks/cju0tl3uz8blh0993wxvn7ly3.png,622,529,0.005273,True,1
cju13cgqmnhwn0988yrainhcp.jpg,cju13cgqmnhwn0988yrainhcp,test,/Users/brian/Desktop/VCL318/Swin-ViT/ViTUnet vs SwinUnet/Dataset/processed/Kvasir-SEG/images/cju13cgqmnhwn0988yrainhcp.jpg,/Users/brian/Desktop/VCL318/Swin-ViT/ViTUnet vs SwinUnet/Dataset/processed/Kvasir-SEG/masks/cju13cgqmnhwn0988yrainhcp.png,626,546,0.124279,True,1
cju171py4qiha0835u8sl59ds.jpg,cju171py4qiha0835u8sl59ds,test,/Users/brian/Desktop/VCL318/Swin-ViT/ViTUnet vs SwinUnet/Dataset/processed/Kvasir-SEG/images/cju171py4qiha0835u8sl59ds.jpg,/Users/brian/Desktop/VCL318/Swin-ViT/ViTUnet vs SwinUnet/Dataset/processed/Kvasir-SEG/masks/cju171py4qiha0835u8sl59ds.png,616,530,0.366372,True,1
cju17v6ih0u7808783zcbg1jy.jpg,cju17v6ih0u7808783zcbg1jy,test,/Users/brian/Desktop/VCL318/Swin-ViT/ViTUnet vs SwinUnet/Dataset/processed/Kvasir-SEG/images/cju17v6ih0u7808783zcbg1jy.jpg,/Users/brian/Desktop/VCL318/Swin-ViT/ViTUnet vs SwinUnet/Dataset/processed/Kvasir-SEG/masks/cju17v6ih0u7808783zcbg1jy.png,622,528,0.350829,True,1
cju17x0j4nfc10993y31pvlgs.jpg,cju17x0j4nfc10993y31pvlgs,test,/Users/brian/Desktop/VCL318/Swin-ViT/ViTUnet vs SwinUnet/Dataset/processed/Kvasir-SEG/images/cju17x0j4nfc10993y31pvlgs.jpg,/Users/brian/Desktop/VCL318/Swin-ViT/ViTUnet vs SwinUnet/Dataset/processed/Kvasir-SEG/masks/cju17x0j4nfc10993y31pvlgs.png,459,526,0.702565,True,1
cju18ibp219ub08783i6o98g7.jpg,cju18ibp219ub08783i6o98g7,test,/Users/brian/Desktop/VCL318/Swin-ViT/ViTUnet vs SwinUnet/Dataset/processed/Kvasir-SEG/images/cju18ibp219ub08783i6o98g7.jpg,/Users/brian/Desktop/VCL318/Swin-ViT/ViTUnet vs SwinUnet/Dataset/processed/Kvasir-SEG/masks/cju18ibp219ub08783i6o98g7.png,615,528,0.018527,True,1
cju1b75x63ddl0799sdp0i2j3.jpg,cju1b75x63ddl0799sdp0i2j3,test,/Users/brian/Desktop/VCL318/Swin-ViT/ViTUnet vs SwinUnet/Dataset/processed/Kvasir-SEG/images/cju1b75x63ddl0799sdp0i2j3.jpg,/Users/brian/Desktop/VCL318/Swin-ViT/ViTUnet vs SwinUnet/Dataset/processed/Kvasir-SEG/masks/cju1b75x63ddl0799sdp0i2j3.png,549,530,0.06722,True,1
cju1c4fcu40hl07992b8gj0c8.jpg,cju1c4fcu40hl07992b8gj0c8,test,/Users/brian/Desktop/VCL318/Swin-ViT/ViTUnet vs SwinUnet/Dataset/processed/Kvasir-SEG/images/cju1c4fcu40hl07992b8gj0c8.jpg,/Users/brian/Desktop/VCL318/Swin-ViT/ViTUnet vs SwinUnet/Dataset/processed/Kvasir-SEG/masks/cju1c4fcu40hl07992b8gj0c8.png,626,546,0.054392,True,1
cju1cj3f0qi5n0993ut8f49rj.jpg,cju1cj3f0qi5n0993ut8f49rj,test,/Users/brian/Desktop/VCL318/Swin-ViT/ViTUnet vs SwinUnet/Dataset/processed/Kvasir-SEG/images/cju1cj3f0qi5n0993ut8f49rj.jpg,/Users/brian/Desktop/VCL318/Swin-ViT/ViTUnet vs SwinUnet/Dataset/processed/Kvasir-SEG/masks/cju1cj3f0qi5n0993ut8f49rj.png,616,530,0.234691,True,1
cju1d31sp4d4k0878r3fr02ul.jpg,cju1d31sp4d4k0878r3fr02ul,test,/Users/brian/Desktop/VCL318/Swin-ViT/ViTUnet vs SwinUnet/Dataset/processed/Kvasir-SEG/images/cju1d31sp4d4k0878r3fr02ul.jpg,/Users/brian/Desktop/VCL318/Swin-ViT/ViTUnet vs SwinUnet/Dataset/processed/Kvasir-SEG/masks/cju1d31sp4d4k0878r3fr02ul.png,622,529,0.082191,True,1
cju1fb9236a110801yvg0fwju.jpg,cju1fb9236a110801yvg0fwju,test,/Users/brian/Desktop/VCL318/Swin-ViT/ViTUnet vs SwinUnet/Dataset/processed/Kvasir-SEG/images/cju1fb9236a110801yvg0fwju.jpg,/Users/brian/Desktop/VCL318/Swin-ViT/ViTUnet vs SwinUnet/Dataset/processed/Kvasir-SEG/masks/cju1fb9236a110801yvg0fwju.png,626,547,0.316601,True,1
cju1g4nsb6ngy0799l4ezm8ab.jpg,cju1g4nsb6ngy0799l4ezm8ab,test,/Users/brian/Desktop/VCL318/Swin-ViT/ViTUnet vs SwinUnet/Dataset/processed/Kvasir-SEG/images/cju1g4nsb6ngy0799l4ezm8ab.jpg,/Users/brian/Desktop/VCL318/Swin-ViT/ViTUnet vs SwinUnet/Dataset/processed/Kvasir-SEG/masks/cju1g4nsb6ngy0799l4ezm8ab.png,568,529,0.103464,True,1
cju1gv7106qd008784gk603mg.jpg,cju1gv7106qd008784gk603mg,test,/Users/brian/Desktop/VCL318/Swin-ViT/ViTUnet vs SwinUnet/Dataset/processed/Kvasir-SEG/images/cju1gv7106qd008784gk603mg.jpg,/Users/brian/Desktop/VCL318/Swin-ViT/ViTUnet vs SwinUnet/Dataset/processed/Kvasir-SEG/masks/cju1gv7106qd008784gk603mg.png,622,531,0.149672,True,1
cju2hw5gjlr5h0988so2qqres.jpg,cju2hw5gjlr5h0988so2qqres,test,/Users/brian/Desktop/VCL318/Swin-ViT/ViTUnet vs SwinUnet/Dataset/processed/Kvasir-SEG/images/cju2hw5gjlr5h0988so2qqres.jpg,/Users/brian/Desktop/VCL318/Swin-ViT/ViTUnet vs SwinUnet/Dataset/processed/Kvasir-SEG/masks/cju2hw5gjlr5h0988so2qqres.png,621,530,0.19547,True,1
cju2i6acqvo6l0799u20fift8.jpg,cju2i6acqvo6l0799u20fift8,test,/Users/brian/Desktop/VCL318/Swin-ViT/ViTUnet vs SwinUnet/Dataset/processed/Kvasir-SEG/images/cju2i6acqvo6l0799u20fift8.jpg,/Users/brian/Desktop/VCL318/Swin-ViT/ViTUnet vs SwinUnet/Dataset/processed/Kvasir-SEG/masks/cju2i6acqvo6l0799u20fift8.png,623,546,0.138421,True,1
cju2okvco06xc0799kxe5n1qh.jpg,cju2okvco06xc0799kxe5n1qh,test,/Users/brian/Desktop/VCL318/Swin-ViT/ViTUnet vs SwinUnet/Dataset/processed/Kvasir-SEG/images/cju2okvco06xc0799kxe5n1qh.jpg,/Users/brian/Desktop/VCL318/Swin-ViT/ViTUnet vs SwinUnet/Dataset/processed/Kvasir-SEG/masks/cju2okvco06xc0799kxe5n1qh.png,577,530,0.33168,True,1
cju2pag1f0s4r0878h52uq83s.jpg,cju2pag1f0s4r0878h52uq83s,test,/Users/brian/Desktop/VCL318/Swin-ViT/ViTUnet vs SwinUnet/Dataset/processed/Kvasir-SEG/images/cju2pag1f0s4r0878h52uq83s.jpg,/Users/brian/Desktop/VCL318/Swin-ViT/ViTUnet vs SwinUnet/Dataset/processed/Kvasir-SEG/masks/cju2pag1f0s4r0878h52uq83s.png,570,530,0.053853,True,1
cju2qdj95ru8g09886gfi9rsz.jpg,cju2qdj95ru8g09886gfi9rsz,test,/Users/brian/Desktop/VCL318/Swin-ViT/ViTUnet vs SwinUnet/Dataset/processed/Kvasir-SEG/images/cju2qdj95ru8g09886gfi9rsz.jpg,/Users/brian/Desktop/VCL318/Swin-ViT/ViTUnet vs SwinUnet/Dataset/processed/Kvasir-SEG/masks/cju2qdj95ru8g09886gfi9rsz.png,571,531,0.428102,True,1
cju2r2obh2bjm08553kng0rh7.jpg,cju2r2obh2bjm08553kng0rh7,test,/Users/brian/Desktop/VCL318/Swin-ViT/ViTUnet vs SwinUnet/Dataset/processed/Kvasir-SEG/images/cju2r2obh2bjm08553kng0rh7.jpg,/Users/brian/Desktop/VCL318/Swin-ViT/ViTUnet vs SwinUnet/Dataset/processed/Kvasir-SEG/masks/cju2r2obh2bjm08553kng0rh7.png,474,458,0.202642,True,1
cju2rzpsmtb0f0835jabkbao1.jpg,cju2rzpsmtb0f0835jabkbao1,test,/Users/brian/Desktop/VCL318/Swin-ViT/ViTUnet vs SwinUnet/Dataset/processed/Kvasir-SEG/images/cju2rzpsmtb0f0835jabkbao1.jpg,/Users/brian/Desktop/VCL318/Swin-ViT/ViTUnet vs SwinUnet/Dataset/processed/Kvasir-SEG/masks/cju2rzpsmtb0f0835jabkbao1.png,528,528,0.030418,True,1
cju2ycp1u8g2r0799jslnp7cz.jpg,cju2ycp1u8g2r0799jslnp7cz,test,/Users/brian/Desktop/VCL318/Swin-ViT/ViTUnet vs SwinUnet/Dataset/processed/Kvasir-SEG/images/cju2ycp1u8g2r0799jslnp7cz.jpg,/Users/brian/Desktop/VCL318/Swin-ViT/ViTUnet vs SwinUnet/Dataset/processed/Kvasir-SEG/masks/cju2ycp1u8g2r0799jslnp7cz.png,617,531,0.101973,True,1
cju2yljr0yzhw0988ecf271ly.jpg,cju2yljr0yzhw0988ecf271ly,test,/Users/brian/Desktop/VCL318/Swin-ViT/ViTUnet vs SwinUnet/Dataset/processed/Kvasir-SEG/images/cju2yljr0yzhw0988ecf271ly.jpg,/Users/brian/Desktop/VCL318/Swin-ViT/ViTUnet vs SwinUnet/Dataset/processed/Kvasir-SEG/masks/cju2yljr0yzhw0988ecf271ly.png,1220,1009,0.226377,True,1
cju2zblxw9848087853csbrx1.jpg,cju2zblxw9848087853csbrx1,test,/Users/brian/Desktop/VCL318/Swin-ViT/ViTUnet vs SwinUnet/Dataset/processed/Kvasir-SEG/images/cju2zblxw9848087853csbrx1.jpg,/Users/brian/Desktop/VCL318/Swin-ViT/ViTUnet vs SwinUnet/Dataset/processed/Kvasir-SEG/masks/cju2zblxw9848087853csbrx1.png,586,530,0.092504,True,1
cju2zdhsczmn50988z64qwg2q.jpg,cju2zdhsczmn50988z64qwg2q,test,/Users/brian/Desktop/VCL318/Swin-ViT/ViTUnet vs SwinUnet/Dataset/processed/Kvasir-SEG/images/cju2zdhsczmn50988z64qwg2q.jpg,/Users/brian/Desktop/VCL318/Swin-ViT/ViTUnet vs SwinUnet/Dataset/processed/Kvasir-SEG/masks/cju2zdhsczmn50988z64qwg2q.png,598,530,0.139676,True,2
cju2zi4l09f5807991s8do2b2.jpg,cju2zi4l09f5807991s8do2b2,test,/Users/brian/Desktop/VCL318/Swin-ViT/ViTUnet vs SwinUnet/Dataset/processed/Kvasir-SEG/images/cju2zi4l09f5807991s8do2b2.jpg,/Users/brian/Desktop/VCL318/Swin-ViT/ViTUnet vs SwinUnet/Dataset/processed/Kvasir-SEG/masks/cju2zi4l09f5807991s8do2b2.png,622,530,0.101611,True,1
cju2zpw4q9vzr0801p0lysjdl.jpg,cju2zpw4q9vzr0801p0lysjdl,test,/Users/brian/Desktop/VCL318/Swin-ViT/ViTUnet vs SwinUnet/Dataset/processed/Kvasir-SEG/images/cju2zpw4q9vzr0801p0lysjdl.jpg,/Users/brian/Desktop/VCL318/Swin-ViT/ViTUnet vs SwinUnet/Dataset/processed/Kvasir-SEG/masks/cju2zpw4q9vzr0801p0lysjdl.png,605,546,0.031826,True,1
cju2zxja9w1eh09933609ho9z.jpg,cju2zxja9w1eh09933609ho9z,test,/Users/brian/Desktop/VCL318/Swin-ViT/ViTUnet vs SwinUnet/Dataset/processed/Kvasir-SEG/images/cju2zxja9w1eh09933609ho9z.jpg,/Users/brian/Desktop/VCL318/Swin-ViT/ViTUnet vs SwinUnet/Dataset/processed/Kvasir-SEG/masks/cju2zxja9w1eh09933609ho9z.png,584,530,0.037771,True,1
cju302fqq9spc0878rrygyzzz.jpg,cju302fqq9spc0878rrygyzzz,test,/Users/brian/Desktop/VCL318/Swin-ViT/ViTUnet vs SwinUnet/Dataset/processed/Kvasir-SEG/images/cju302fqq9spc0878rrygyzzz.jpg,/Users/brian/Desktop/VCL318/Swin-ViT/ViTUnet vs SwinUnet/Dataset/processed/Kvasir-SEG/masks/cju302fqq9spc0878rrygyzzz.png,592,528,0.221457,True,1
cju30j1rgadut0801vuyrsnt8.jpg,cju30j1rgadut0801vuyrsnt8,test,/Users/brian/Desktop/VCL318/Swin-ViT/ViTUnet vs SwinUnet/Dataset/processed/Kvasir-SEG/images/cju30j1rgadut0801vuyrsnt8.jpg,/Users/brian/Desktop/VCL318/Swin-ViT/ViTUnet vs SwinUnet/Dataset/processed/Kvasir-SEG/masks/cju30j1rgadut0801vuyrsnt8.png,570,530,0.024459,True,1
cju30k2z40ds308353kdew70n.jpg,cju30k2z40ds308353kdew70n,test,/Users/brian/Desktop/VCL318/Swin-ViT/ViTUnet vs SwinUnet/Dataset/processed/Kvasir-SEG/images/cju30k2z40ds308353kdew70n.jpg,/Users/brian/Desktop/VCL318/Swin-ViT/ViTUnet vs SwinUnet/Dataset/processed/Kvasir-SEG/masks/cju30k2z40ds308353kdew70n.png,618,528,0.087327,True,1
cju30nyxe0gfb0835p256yoju.jpg,cju30nyxe0gfb0835p256yoju,test,/Users/brian/Desktop/VCL318/Swin-ViT/ViTUnet vs SwinUnet/Dataset/processed/Kvasir-SEG/images/cju30nyxe0gfb0835p256yoju.jpg,/Users/brian/Desktop/VCL318/Swin-ViT/ViTUnet vs SwinUnet/Dataset/processed/Kvasir-SEG/masks/cju30nyxe0gfb0835p256yoju.png,622,530,0.508712,True,1
cju326h4v1gxw08352px40p7r.jpg,cju326h4v1gxw08352px40p7r,test,/Users/brian/Desktop/VCL318/Swin-ViT/ViTUnet vs SwinUnet/Dataset/processed/Kvasir-SEG/images/cju326h4v1gxw08352px40p7r.jpg,/Users/brian/Desktop/VCL318/Swin-ViT/ViTUnet vs SwinUnet/Dataset/processed/Kvasir-SEG/masks/cju326h4v1gxw08352px40p7r.png,616,528,0.385823,True,1
cju34fojcctcf0799ebolbvkn.jpg,cju34fojcctcf0799ebolbvkn,test,/Users/brian/Desktop/VCL318/Swin-ViT/ViTUnet vs SwinUnet/Dataset/processed/Kvasir-SEG/images/cju34fojcctcf0799ebolbvkn.jpg,/Users/brian/Desktop/VCL318/Swin-ViT/ViTUnet vs SwinUnet/Dataset/processed/Kvasir-SEG/masks/cju34fojcctcf0799ebolbvkn.png,626,547,0.027603,True,1
cju34sh43d8zm08019xbwhc0o.jpg,cju34sh43d8zm08019xbwhc0o,test,/Users/brian/Desktop/VCL318/Swin-ViT/ViTUnet vs SwinUnet/Dataset/processed/Kvasir-SEG/images/cju34sh43d8zm08019xbwhc0o.jpg,/Users/brian/Desktop/VCL318/Swin-ViT/ViTUnet vs SwinUnet/Dataset/processed/Kvasir-SEG/masks/cju34sh43d8zm08019xbwhc0o.png,620,530,0.117212,True,1
cju3v3ac9gyz30755hfqwyp1i.jpg,cju3v3ac9gyz30755hfqwyp1i,test,/Users/brian/Desktop/VCL318/Swin-ViT/ViTUnet vs SwinUnet/Dataset/processed/Kvasir-SEG/images/cju3v3ac9gyz30755hfqwyp1i.jpg,/Users/brian/Desktop/VCL318/Swin-ViT/ViTUnet vs SwinUnet/Dataset/processed/Kvasir-SEG/masks/cju3v3ac9gyz30755hfqwyp1i.png,578,530,0.073461,True,1
cju3y21quj0ir0818kgjagr15.jpg,cju3y21quj0ir0818kgjagr15,test,/Users/brian/Desktop/VCL318/Swin-ViT/ViTUnet vs SwinUnet/Dataset/processed/Kvasir-SEG/images/cju3y21quj0ir0818kgjagr15.jpg,/Users/brian/Desktop/VCL318/Swin-ViT/ViTUnet vs SwinUnet/Dataset/processed/Kvasir-SEG/masks/cju3y21quj0ir0818kgjagr15.png,626,546,0.261896,True,1
cju3yb47cj1xq0817zfotbni4.jpg,cju3yb47cj1xq0817zfotbni4,test,/Users/brian/Desktop/VCL318/Swin-ViT/ViTUnet vs SwinUnet/Dataset/processed/Kvasir-SEG/images/cju3yb47cj1xq0817zfotbni4.jpg,/Users/brian/Desktop/VCL318/Swin-ViT/ViTUnet vs SwinUnet/Dataset/processed/Kvasir-SEG/masks/cju3yb47cj1xq0817zfotbni4.png,626,547,0.129165,True,1
cju414lf2l1lt0801rl3hjllj.jpg,cju414lf2l1lt0801rl3hjllj,test,/Users/brian/Desktop/VCL318/Swin-ViT/ViTUnet vs SwinUnet/Dataset/processed/Kvasir-SEG/images/cju414lf2l1lt0801rl3hjllj.jpg,/Users/brian/Desktop/VCL318/Swin-ViT/ViTUnet vs SwinUnet/Dataset/processed/Kvasir-SEG/masks/cju414lf2l1lt0801rl3hjllj.png,610,528,0.145784,True,4
cju45n0oxn5vu08500yfrt9jn.jpg,cju45n0oxn5vu08500yfrt9jn,test,/Users/brian/Desktop/VCL318/Swin-ViT/ViTUnet vs SwinUnet/Dataset/processed/Kvasir-SEG/images/cju45n0oxn5vu08500yfrt9jn.jpg,/Users/brian/Desktop/VCL318/Swin-ViT/ViTUnet vs SwinUnet/Dataset/processed/Kvasir-SEG/masks/cju45n0oxn5vu08500yfrt9jn.png,622,530,0.096527,True,1
cju45ofd9ne1j0801ri8dup7t.jpg,cju45ofd9ne1j0801ri8dup7t,test,/Users/brian/Desktop/VCL318/Swin-ViT/ViTUnet vs SwinUnet/Dataset/processed/Kvasir-SEG/images/cju45ofd9ne1j0801ri8dup7t.jpg,/Users/brian/Desktop/VCL318/Swin-ViT/ViTUnet vs SwinUnet/Dataset/processed/Kvasir-SEG/masks/cju45ofd9ne1j0801ri8dup7t.png,622,530,0.578651,True,1
cju5bdwa3aatx0818b79i18zf.jpg,cju5bdwa3aatx0818b79i18zf,test,/Users/brian/Desktop/VCL318/Swin-ViT/ViTUnet vs SwinUnet/Dataset/processed/Kvasir-SEG/images/cju5bdwa3aatx0818b79i18zf.jpg,/Users/brian/Desktop/VCL318/Swin-ViT/ViTUnet vs SwinUnet/Dataset/processed/Kvasir-SEG/masks/cju5bdwa3aatx0818b79i18zf.png,622,530,0.07178,True,1
cju5bhv81abur0850ean02atv.jpg,cju5bhv81abur0850ean02atv,test,/Users/brian/Desktop/VCL318/Swin-ViT/ViTUnet vs SwinUnet/Dataset/processed/Kvasir-SEG/images/cju5bhv81abur0850ean02atv.jpg,/Users/brian/Desktop/VCL318/Swin-ViT/ViTUnet vs SwinUnet/Dataset/processed/Kvasir-SEG/masks/cju5bhv81abur0850ean02atv.png,611,531,0.16427,True,1
cju5bj926aiec07559rshy4wa.jpg,cju5bj926aiec07559rshy4wa,test,/Users/brian/Desktop/VCL318/Swin-ViT/ViTUnet vs SwinUnet/Dataset/processed/Kvasir-SEG/images/cju5bj926aiec07559rshy4wa.jpg,/Users/brian/Desktop/VCL318/Swin-ViT/ViTUnet vs SwinUnet/Dataset/processed/Kvasir-SEG/masks/cju5bj926aiec07559rshy4wa.png,612,529,0.040365,True,1
cju5cu8qkb84x08186jwo8yin.jpg,cju5cu8qkb84x08186jwo8yin,test,/Users/brian/Desktop/VCL318/Swin-ViT/ViTUnet vs SwinUnet/Dataset/processed/Kvasir-SEG/images/cju5cu8qkb84x08186jwo8yin.jpg,/Users/brian/Desktop/VCL318/Swin-ViT/ViTUnet vs SwinUnet/Dataset/processed/Kvasir-SEG/masks/cju5cu8qkb84x08186jwo8yin.png,622,530,0.039999,True,1
cju5eyfe9cpk90987laa7tsl3.jpg,cju5eyfe9cpk90987laa7tsl3,test,/Users/brian/Desktop/VCL318/Swin-ViT/ViTUnet vs SwinUnet/Dataset/processed/Kvasir-SEG/images/cju5eyfe9cpk90987laa7tsl3.jpg,/Users/brian/Desktop/VCL318/Swin-ViT/ViTUnet vs SwinUnet/Dataset/processed/Kvasir-SEG/masks/cju5eyfe9cpk90987laa7tsl3.png,622,530,0.27259,True,1
cju5f26ebcuai0818xlwh6116.jpg,cju5f26ebcuai0818xlwh6116,test,/Users/brian/Desktop/VCL318/Swin-ViT/ViTUnet vs SwinUnet/Dataset/processed/Kvasir-SEG/images/cju5f26ebcuai0818xlwh6116.jpg,/Users/brian/Desktop/VCL318/Swin-ViT/ViTUnet vs SwinUnet/Dataset/processed/Kvasir-SEG/masks/cju5f26ebcuai0818xlwh6116.png,598,546,0.078412,True,1
cju5f8hxdcxxn08188obby0ea.jpg,cju5f8hxdcxxn08188obby0ea,test,/Users/brian/Desktop/VCL318/Swin-ViT/ViTUnet vs SwinUnet/Dataset/processed/Kvasir-SEG/images/cju5f8hxdcxxn08188obby0ea.jpg,/Users/brian/Desktop/VCL318/Swin-ViT/ViTUnet vs SwinUnet/Dataset/processed/Kvasir-SEG/masks/cju5f8hxdcxxn08188obby0ea.png,615,520,0.1297,True,1
cju5fu081d8gc0818l3yylujk.jpg,cju5fu081d8gc0818l3yylujk,test,/Users/brian/Desktop/VCL318/Swin-ViT/ViTUnet vs SwinUnet/Dataset/processed/Kvasir-SEG/images/cju5fu081d8gc0818l3yylujk.jpg,/Users/brian/Desktop/VCL318/Swin-ViT/ViTUnet vs SwinUnet/Dataset/processed/Kvasir-SEG/masks/cju5fu081d8gc0818l3yylujk.png,570,531,0.055731,True,1
cju5fw37edaae0801vkwvocn7.jpg,cju5fw37edaae0801vkwvocn7,test,/Users/brian/Desktop/VCL318/Swin-ViT/ViTUnet vs SwinUnet/Dataset/processed/Kvasir-SEG/images/cju5fw37edaae0801vkwvocn7.jpg,/Users/brian/Desktop/VCL318/Swin-ViT/ViTUnet vs SwinUnet/Dataset/processed/Kvasir-SEG/masks/cju5fw37edaae0801vkwvocn7.png,559,530,0.092554,True,1
cju5hqz50e7o90850e0prlpa0.jpg,cju5hqz50e7o90850e0prlpa0,test,/Users/brian/Desktop/VCL318/Swin-ViT/ViTUnet vs SwinUnet/Dataset/processed/Kvasir-SEG/images/cju5hqz50e7o90850e0prlpa0.jpg,/Users/brian/Desktop/VCL318/Swin-ViT/ViTUnet vs SwinUnet/Dataset/processed/Kvasir-SEG/masks/cju5hqz50e7o90850e0prlpa0.png,595,528,0.205812,True,1
cju5hyi9yegob0755ho3do8en.jpg,cju5hyi9yegob0755ho3do8en,test,/Users/brian/Desktop/VCL318/Swin-ViT/ViTUnet vs SwinUnet/Dataset/processed/Kvasir-SEG/images/cju5hyi9yegob0755ho3do8en.jpg,/Users/brian/Desktop/VCL318/Swin-ViT/ViTUnet vs SwinUnet/Dataset/processed/Kvasir-SEG/masks/cju5hyi9yegob0755ho3do8en.png,623,529,0.088577,True,2
cju5i39mreass0817au8p22zy.jpg,cju5i39mreass0817au8p22zy,test,/Users/brian/Desktop/VCL318/Swin-ViT/ViTUnet vs SwinUnet/Dataset/processed/Kvasir-SEG/images/cju5i39mreass0817au8p22zy.jpg,/Users/brian/Desktop/VCL318/Swin-ViT/ViTUnet vs SwinUnet/Dataset/processed/Kvasir-SEG/masks/cju5i39mreass0817au8p22zy.png,623,546,0.188454,True,1
cju5k503sfa5f0871lx0rpu5y.jpg,cju5k503sfa5f0871lx0rpu5y,test,/Users/brian/Desktop/VCL318/Swin-ViT/ViTUnet vs SwinUnet/Dataset/processed/Kvasir-SEG/images/cju5k503sfa5f0871lx0rpu5y.jpg,/Users/brian/Desktop/VCL318/Swin-ViT/ViTUnet vs SwinUnet/Dataset/processed/Kvasir-SEG/masks/cju5k503sfa5f0871lx0rpu5y.png,622,529,0.155942,True,1
cju5klveuff6w0871wbibgh3m.jpg,cju5klveuff6w0871wbibgh3m,test,/Users/brian/Desktop/VCL318/Swin-ViT/ViTUnet vs SwinUnet/Dataset/processed/Kvasir-SEG/images/cju5klveuff6w0871wbibgh3m.jpg,/Users/brian/Desktop/VCL318/Swin-ViT/ViTUnet vs SwinUnet/Dataset/processed/Kvasir-SEG/masks/cju5klveuff6w0871wbibgh3m.png,574,530,0.037874,True,1
cju5vwbr4lhqn0987a1pji0ux.jpg,cju5vwbr4lhqn0987a1pji0ux,test,/Users/brian/Desktop/VCL318/Swin-ViT/ViTUnet vs SwinUnet/Dataset/processed/Kvasir-SEG/images/cju5vwbr4lhqn0987a1pji0ux.jpg,/Users/brian/Desktop/VCL318/Swin-ViT/ViTUnet vs SwinUnet/Dataset/processed/Kvasir-SEG/masks/cju5vwbr4lhqn0987a1pji0ux.png,570,530,0.051632,True,1
cju5w7xn0lrkq0801f9k0htgx.jpg,cju5w7xn0lrkq0801f9k0htgx,test,/Users/brian/Desktop/VCL318/Swin-ViT/ViTUnet vs SwinUnet/Dataset/processed/Kvasir-SEG/images/cju5w7xn0lrkq0801f9k0htgx.jpg,/Users/brian/Desktop/VCL318/Swin-ViT/ViTUnet vs SwinUnet/Dataset/processed/Kvasir-SEG/masks/cju5w7xn0lrkq0801f9k0htgx.png,622,530,0.0937,True,1
cju5y4hgqmk0i08180rjhbwvp.jpg,cju5y4hgqmk0i08180rjhbwvp,test,/Users/brian/Desktop/VCL318/Swin-ViT/ViTUnet vs SwinUnet/Dataset/processed/Kvasir-SEG/images/cju5y4hgqmk0i08180rjhbwvp.jpg,/Users/brian/Desktop/VCL318/Swin-ViT/ViTUnet vs SwinUnet/Dataset/processed/Kvasir-SEG/masks/cju5y4hgqmk0i08180rjhbwvp.png,626,547,0.128403,True,1
cju5y84q3mdv50817eyp82xf3.jpg,cju5y84q3mdv50817eyp82xf3,test,/Users/brian/Desktop/VCL318/Swin-ViT/ViTUnet vs SwinUnet/Dataset/processed/Kvasir-SEG/images/cju5y84q3mdv50817eyp82xf3.jpg,/Users/brian/Desktop/VCL318/Swin-ViT/ViTUnet vs SwinUnet/Dataset/processed/Kvasir-SEG/masks/cju5y84q3mdv50817eyp82xf3.png,611,530,0.035062,True,1
cju5yjq1pmlgc0801z0t24bly.jpg,cju5yjq1pmlgc0801z0t24bly,test,/Users/brian/Desktop/VCL318/Swin-ViT/ViTUnet vs SwinUnet/Dataset/processed/Kvasir-SEG/images/cju5yjq1pmlgc0801z0t24bly.jpg,/Users/brian/Desktop/VCL318/Swin-ViT/ViTUnet vs SwinUnet/Dataset/processed/Kvasir-SEG/masks/cju5yjq1pmlgc0801z0t24bly.png,570,530,0.124366,True,1
cju6ut4l8va6y0755tyw3vfqq.jpg,cju6ut4l8va6y0755tyw3vfqq,test,/Users/brian/Desktop/VCL318/Swin-ViT/ViTUnet vs SwinUnet/Dataset/processed/Kvasir-SEG/images/cju6ut4l8va6y0755tyw3vfqq.jpg,/Users/brian/Desktop/VCL318/Swin-ViT/ViTUnet vs SwinUnet/Dataset/processed/Kvasir-SEG/masks/cju6ut4l8va6y0755tyw3vfqq.png,605,529,0.025999,True,1
cju6uy20suzbl0987rzuhz7z9.jpg,cju6uy20suzbl0987rzuhz7z9,test,/Users/brian/Desktop/VCL318/Swin-ViT/ViTUnet vs SwinUnet/Dataset/processed/Kvasir-SEG/images/cju6uy20suzbl0987rzuhz7z9.jpg,/Users/brian/Desktop/VCL318/Swin-ViT/ViTUnet vs SwinUnet/Dataset/processed/Kvasir-SEG/masks/cju6uy20suzbl0987rzuhz7z9.png,626,546,0.173171,True,1
cju6v6g6kvdw007552x6mb0po.jpg,cju6v6g6kvdw007552x6mb0po,test,/Users/brian/Desktop/VCL318/Swin-ViT/ViTUnet vs SwinUnet/Dataset/processed/Kvasir-SEG/images/cju6v6g6kvdw007552x6mb0po.jpg,/Users/brian/Desktop/VCL318/Swin-ViT/ViTUnet vs SwinUnet/Dataset/processed/Kvasir-SEG/masks/cju6v6g6kvdw007552x6mb0po.png,570,530,0.145415,True,1
cju6vucxvvlda0755j7msqnya.jpg,cju6vucxvvlda0755j7msqnya,test,/Users/brian/Desktop/VCL318/Swin-ViT/ViTUnet vs SwinUnet/Dataset/processed/Kvasir-SEG/images/cju6vucxvvlda0755j7msqnya.jpg,/Users/brian/Desktop/VCL318/Swin-ViT/ViTUnet vs SwinUnet/Dataset/processed/Kvasir-SEG/masks/cju6vucxvvlda0755j7msqnya.png,626,546,0.044699,True,2
cju6w733bveoz0817e600tw72.jpg,cju6w733bveoz0817e600tw72,test,/Users/brian/Desktop/VCL318/Swin-ViT/ViTUnet vs SwinUnet/Dataset/processed/Kvasir-SEG/images/cju6w733bveoz0817e600tw72.jpg,/Users/brian/Desktop/VCL318/Swin-ViT/ViTUnet vs SwinUnet/Dataset/processed/Kvasir-SEG/masks/cju6w733bveoz0817e600tw72.png,477,530,0.094672,True,1
cju6wn57mvooj0850rp78hhy7.jpg,cju6wn57mvooj0850rp78hhy7,test,/Users/brian/Desktop/VCL318/Swin-ViT/ViTUnet vs SwinUnet/Dataset/processed/Kvasir-SEG/images/cju6wn57mvooj0850rp78hhy7.jpg,/Users/brian/Desktop/VCL318/Swin-ViT/ViTUnet vs SwinUnet/Dataset/processed/Kvasir-SEG/masks/cju6wn57mvooj0850rp78hhy7.png,622,531,0.321501,True,1
cju6xa0qmvzun0818xjukgncj.jpg,cju6xa0qmvzun0818xjukgncj,test,/Users/brian/Desktop/VCL318/Swin-ViT/ViTUnet vs SwinUnet/Dataset/processed/Kvasir-SEG/images/cju6xa0qmvzun0818xjukgncj.jpg,/Users/brian/Desktop/VCL318/Swin-ViT/ViTUnet vs SwinUnet/Dataset/processed/Kvasir-SEG/masks/cju6xa0qmvzun0818xjukgncj.png,575,530,0.113989,True,1
cju6xmqd9w0250817l5kxfnsk.jpg,cju6xmqd9w0250817l5kxfnsk,test,/Users/brian/Desktop/VCL318/Swin-ViT/ViTUnet vs SwinUnet/Dataset/processed/Kvasir-SEG/images/cju6xmqd9w0250817l5kxfnsk.jpg,/Users/brian/Desktop/VCL318/Swin-ViT/ViTUnet vs SwinUnet/Dataset/processed/Kvasir-SEG/masks/cju6xmqd9w0250817l5kxfnsk.png,494,530,0.109969,True,1
cju77afzlz3kp07550x5nafzs.jpg,cju77afzlz3kp07550x5nafzs,test,/Users/brian/Desktop/VCL318/Swin-ViT/ViTUnet vs SwinUnet/Dataset/processed/Kvasir-SEG/images/cju77afzlz3kp07550x5nafzs.jpg,/Users/brian/Desktop/VCL318/Swin-ViT/ViTUnet vs SwinUnet/Dataset/processed/Kvasir-SEG/masks/cju77afzlz3kp07550x5nafzs.png,622,528,0.549934,True,1
cju77g99iyxc00817zqi2ppor.jpg,cju77g99iyxc00817zqi2ppor,test,/Users/brian/Desktop/VCL318/Swin-ViT/ViTUnet vs SwinUnet/Dataset/processed/Kvasir-SEG/images/cju77g99iyxc00817zqi2ppor.jpg,/Users/brian/Desktop/VCL318/Swin-ViT/ViTUnet vs SwinUnet/Dataset/processed/Kvasir-SEG/masks/cju77g99iyxc00817zqi2ppor.png,620,531,0.269923,True,1
cju77k828z46w0871r0avuoo9.jpg,cju77k828z46w0871r0avuoo9,test,/Users/brian/Desktop/VCL318/Swin-ViT/ViTUnet vs SwinUnet/Dataset/processed/Kvasir-SEG/images/cju77k828z46w0871r0avuoo9.jpg,/Users/brian/Desktop/VCL318/Swin-ViT/ViTUnet vs SwinUnet/Dataset/processed/Kvasir-SEG/masks/cju77k828z46w0871r0avuoo9.png,622,530,0.096675,True,1
cju7aez2x1jtj0871ztezs3oi.jpg,cju7aez2x1jtj0871ztezs3oi,test,/Users/brian/Desktop/VCL318/Swin-ViT/ViTUnet vs SwinUnet/Dataset/processed/Kvasir-SEG/images/cju7aez2x1jtj0871ztezs3oi.jpg,/Users/brian/Desktop/VCL318/Swin-ViT/ViTUnet vs SwinUnet/Dataset/processed/Kvasir-SEG/masks/cju7aez2x1jtj0871ztezs3oi.png,621,510,0.028913,True,1
cju7agj961l2r0818z29iq8yn.jpg,cju7agj961l2r0818z29iq8yn,test,/Users/brian/Desktop/VCL318/Swin-ViT/ViTUnet vs SwinUnet/Dataset/processed/Kvasir-SEG/images/cju7agj961l2r0818z29iq8yn.jpg,/Users/brian/Desktop/VCL318/Swin-ViT/ViTUnet vs SwinUnet/Dataset/processed/Kvasir-SEG/masks/cju7agj961l2r0818z29iq8yn.png,622,530,0.064964,True,1
cju7awzmu1ncs0871hziy65zx.jpg,cju7awzmu1ncs0871hziy65zx,test,/Users/brian/Desktop/VCL318/Swin-ViT/ViTUnet vs SwinUnet/Dataset/processed/Kvasir-SEG/images/cju7awzmu1ncs0871hziy65zx.jpg,/Users/brian/Desktop/VCL318/Swin-ViT/ViTUnet vs SwinUnet/Dataset/processed/Kvasir-SEG/masks/cju7awzmu1ncs0871hziy65zx.png,592,527,0.079796,True,1
cju7b2l561oas0871decgslaf.jpg,cju7b2l561oas0871decgslaf,test,/Users/brian/Desktop/VCL318/Swin-ViT/ViTUnet vs SwinUnet/Dataset/processed/Kvasir-SEG/images/cju7b2l561oas0871decgslaf.jpg,/Users/brian/Desktop/VCL318/Swin-ViT/ViTUnet vs SwinUnet/Dataset/processed/Kvasir-SEG/masks/cju7b2l561oas0871decgslaf.png,569,531,0.087721,True,1
cju7cp6dw244p0818gncdol4m.jpg,cju7cp6dw244p0818gncdol4m,test,/Users/brian/Desktop/VCL318/Swin-ViT/ViTUnet vs SwinUnet/Dataset/processed/Kvasir-SEG/images/cju7cp6dw244p0818gncdol4m.jpg,/Users/brian/Desktop/VCL318/Swin-ViT/ViTUnet vs SwinUnet/Dataset/processed/Kvasir-SEG/masks/cju7cp6dw244p0818gncdol4m.png,622,530,0.036025,True,1
cju7d8m3b2e210755l8fj1yph.jpg,cju7d8m3b2e210755l8fj1yph,test,/Users/brian/Desktop/VCL318/Swin-ViT/ViTUnet vs SwinUnet/Dataset/processed/Kvasir-SEG/images/cju7d8m3b2e210755l8fj1yph.jpg,/Users/brian/Desktop/VCL318/Swin-ViT/ViTUnet vs SwinUnet/Dataset/processed/Kvasir-SEG/masks/cju7d8m3b2e210755l8fj1yph.png,619,528,0.270552,True,1
cju7d9seq29zd0871nzl2uu5m.jpg,cju7d9seq29zd0871nzl2uu5m,test,/Users/brian/Desktop/VCL318/Swin-ViT/ViTUnet vs SwinUnet/Dataset/processed/Kvasir-SEG/images/cju7d9seq29zd0871nzl2uu5m.jpg,/Users/brian/Desktop/VCL318/Swin-ViT/ViTUnet vs SwinUnet/Dataset/processed/Kvasir-SEG/masks/cju7d9seq29zd0871nzl2uu5m.png,622,528,0.22551,True,1
cju7dn24o296i09871qfxb8s2.jpg,cju7dn24o296i09871qfxb8s2,test,/Users/brian/Desktop/VCL318/Swin-ViT/ViTUnet vs SwinUnet/Dataset/processed/Kvasir-SEG/images/cju7dn24o296i09871qfxb8s2.jpg,/Users/brian/Desktop/VCL318/Swin-ViT/ViTUnet vs SwinUnet/Dataset/processed/Kvasir-SEG/masks/cju7dn24o296i09871qfxb8s2.png,626,547,0.148402,True,1
cju7dqcwi2dz00850gcmr2ert.jpg,cju7dqcwi2dz00850gcmr2ert,test,/Users/brian/Desktop/VCL318/Swin-ViT/ViTUnet vs SwinUnet/Dataset/processed/Kvasir-SEG/images/cju7dqcwi2dz00850gcmr2ert.jpg,/Users/brian/Desktop/VCL318/Swin-ViT/ViTUnet vs SwinUnet/Dataset/processed/Kvasir-SEG/masks/cju7dqcwi2dz00850gcmr2ert.png,622,528,0.054525,True,1
cju7ev2b12owa08500bpfpwyw.jpg,cju7ev2b12owa08500bpfpwyw,test,/Users/brian/Desktop/VCL318/Swin-ViT/ViTUnet vs SwinUnet/Dataset/processed/Kvasir-SEG/images/cju7ev2b12owa08500bpfpwyw.jpg,/Users/brian/Desktop/VCL318/Swin-ViT/ViTUnet vs SwinUnet/Dataset/processed/Kvasir-SEG/masks/cju7ev2b12owa08500bpfpwyw.png,622,530,0.19161,True,1
cju7fbndk2sl608015ravktum.jpg,cju7fbndk2sl608015ravktum,test,/Users/brian/Desktop/VCL318/Swin-ViT/ViTUnet vs SwinUnet/Dataset/processed/Kvasir-SEG/images/cju7fbndk2sl608015ravktum.jpg,/Users/brian/Desktop/VCL318/Swin-ViT/ViTUnet vs SwinUnet/Dataset/processed/Kvasir-SEG/masks/cju7fbndk2sl608015ravktum.png,569,530,0.110469,True,1
cju83nwu1jxte0987h1krpfmv.jpg,cju83nwu1jxte0987h1krpfmv,test,/Users/brian/Desktop/VCL318/Swin-ViT/ViTUnet vs SwinUnet/Dataset/processed/Kvasir-SEG/images/cju83nwu1jxte0987h1krpfmv.jpg,/Users/brian/Desktop/VCL318/Swin-ViT/ViTUnet vs SwinUnet/Dataset/processed/Kvasir-SEG/masks/cju83nwu1jxte0987h1krpfmv.png,621,528,0.094182,True,1
cju846ec0kj7z08012o10klrb.jpg,cju846ec0kj7z08012o10klrb,test,/Users/brian/Desktop/VCL318/Swin-ViT/ViTUnet vs SwinUnet/Dataset/processed/Kvasir-SEG/images/cju846ec0kj7z08012o10klrb.jpg,/Users/brian/Desktop/VCL318/Swin-ViT/ViTUnet vs SwinUnet/Dataset/processed/Kvasir-SEG/masks/cju846ec0kj7z08012o10klrb.png,616,530,0.098567,True,1
cju84hibuktj80871u519o71q.jpg,cju84hibuktj80871u519o71q,test,/Users/brian/Desktop/VCL318/Swin-ViT/ViTUnet vs SwinUnet/Dataset/processed/Kvasir-SEG/images/cju84hibuktj80871u519o71q.jpg,/Users/brian/Desktop/VCL318/Swin-ViT/ViTUnet vs SwinUnet/Dataset/processed/Kvasir-SEG/masks/cju84hibuktj80871u519o71q.png,622,529,0.062819,True,1
cju8567gdlcbq0801dwwyo2jt.jpg,cju8567gdlcbq0801dwwyo2jt,test,/Users/brian/Desktop/VCL318/Swin-ViT/ViTUnet vs SwinUnet/Dataset/processed/Kvasir-SEG/images/cju8567gdlcbq0801dwwyo2jt.jpg,/Users/brian/Desktop/VCL318/Swin-ViT/ViTUnet vs SwinUnet/Dataset/processed/Kvasir-SEG/masks/cju8567gdlcbq0801dwwyo2jt.png,570,530,0.300927,True,1
cju85c2d4ln1b0755zz1z3onx.jpg,cju85c2d4ln1b0755zz1z3onx,test,/Users/brian/Desktop/VCL318/Swin-ViT/ViTUnet vs SwinUnet/Dataset/processed/Kvasir-SEG/images/cju85c2d4ln1b0755zz1z3onx.jpg,/Users/brian/Desktop/VCL318/Swin-ViT/ViTUnet vs SwinUnet/Dataset/processed/Kvasir-SEG/masks/cju85c2d4ln1b0755zz1z3onx.png,599,531,0.013324,True,1
cju8arof2qpf20850ifr1bnqj.jpg,cju8arof2qpf20850ifr1bnqj,test,/Users/brian/Desktop/VCL318/Swin-ViT/ViTUnet vs SwinUnet/Dataset/processed/Kvasir-SEG/images/cju8arof2qpf20850ifr1bnqj.jpg,/Users/brian/Desktop/VCL318/Swin-ViT/ViTUnet vs SwinUnet/Dataset/processed/Kvasir-SEG/masks/cju8arof2qpf20850ifr1bnqj.png,594,530,0.152246,True,1
cju8at3s1qqqx0850hcq8nmnq.jpg,cju8at3s1qqqx0850hcq8nmnq,test,/Users/brian/Desktop/VCL318/Swin-ViT/ViTUnet vs SwinUnet/Dataset/processed/Kvasir-SEG/images/cju8at3s1qqqx0850hcq8nmnq.jpg,/Users/brian/Desktop/VCL318/Swin-ViT/ViTUnet vs SwinUnet/Dataset/processed/Kvasir-SEG/masks/cju8at3s1qqqx0850hcq8nmnq.png,593,529,0.026577,True,1
cju8bbznkrf5g0871jncffynk.jpg,cju8bbznkrf5g0871jncffynk,test,/Users/brian/Desktop/VCL318/Swin-ViT/ViTUnet vs SwinUnet/Dataset/processed/Kvasir-SEG/images/cju8bbznkrf5g0871jncffynk.jpg,/Users/brian/Desktop/VCL318/Swin-ViT/ViTUnet vs SwinUnet/Dataset/processed/Kvasir-SEG/masks/cju8bbznkrf5g0871jncffynk.png,619,531,0.227668,True,1
cju8bj2ssrmlm0871gc2ug2rs.jpg,cju8bj2ssrmlm0871gc2ug2rs,test,/Users/brian/Desktop/VCL318/Swin-ViT/ViTUnet vs SwinUnet/Dataset/processed/Kvasir-SEG/images/cju8bj2ssrmlm0871gc2ug2rs.jpg,/Users/brian/Desktop/VCL318/Swin-ViT/ViTUnet vs SwinUnet/Dataset/processed/Kvasir-SEG/masks/cju8bj2ssrmlm0871gc2ug2rs.png,469,449,0.004739,True,1
cju8bqxxurs6i0850mu7mtef9.jpg,cju8bqxxurs6i0850mu7mtef9,test,/Users/brian/Desktop/VCL318/Swin-ViT/ViTUnet vs SwinUnet/Dataset/processed/Kvasir-SEG/images/cju8bqxxurs6i0850mu7mtef9.jpg,/Users/brian/Desktop/VCL318/Swin-ViT/ViTUnet vs SwinUnet/Dataset/processed/Kvasir-SEG/masks/cju8bqxxurs6i0850mu7mtef9.png,600,528,0.12892,True,1
cju8bw697rwg308177tg8huas.jpg,cju8bw697rwg308177tg8huas,test,/Users/brian/Desktop/VCL318/Swin-ViT/ViTUnet vs SwinUnet/Dataset/processed/Kvasir-SEG/images/cju8bw697rwg308177tg8huas.jpg,/Users/brian/Desktop/VCL318/Swin-ViT/ViTUnet vs SwinUnet/Dataset/processed/Kvasir-SEG/masks/cju8bw697rwg308177tg8huas.png,581,531,0.436834,True,1
cju8c3xs7sauj0801ieyzezr5.jpg,cju8c3xs7sauj0801ieyzezr5,test,/Users/brian/Desktop/VCL318/Swin-ViT/ViTUnet vs SwinUnet/Dataset/processed/Kvasir-SEG/images/cju8c3xs7sauj0801ieyzezr5.jpg,/Users/brian/Desktop/VCL318/Swin-ViT/ViTUnet vs SwinUnet/Dataset/processed/Kvasir-SEG/masks/cju8c3xs7sauj0801ieyzezr5.png,626,546,0.226822,True,1
cju8chdlqsu620755azjty1tj.jpg,cju8chdlqsu620755azjty1tj,test,/Users/brian/Desktop/VCL318/Swin-ViT/ViTUnet vs SwinUnet/Dataset/processed/Kvasir-SEG/images/cju8chdlqsu620755azjty1tj.jpg,/Users/brian/Desktop/VCL318/Swin-ViT/ViTUnet vs SwinUnet/Dataset/processed/Kvasir-SEG/masks/cju8chdlqsu620755azjty1tj.png,622,530,0.105412,True,1
cju8d2q30tfhs0801n7lx77xl.jpg,cju8d2q30tfhs0801n7lx77xl,test,/Users/brian/Desktop/VCL318/Swin-ViT/ViTUnet vs SwinUnet/Dataset/processed/Kvasir-SEG/images/cju8d2q30tfhs0801n7lx77xl.jpg,/Users/brian/Desktop/VCL318/Swin-ViT/ViTUnet vs SwinUnet/Dataset/processed/Kvasir-SEG/masks/cju8d2q30tfhs0801n7lx77xl.png,614,546,0.169641,True,1
cju8djdqztu6408506pzhlo18.jpg,cju8djdqztu6408506pzhlo18,test,/Users/brian/Desktop/VCL318/Swin-ViT/ViTUnet vs SwinUnet/Dataset/processed/Kvasir-SEG/images/cju8djdqztu6408506pzhlo18.jpg,/Users/brian/Desktop/VCL318/Swin-ViT/ViTUnet vs SwinUnet/Dataset/processed/Kvasir-SEG/masks/cju8djdqztu6408506pzhlo18.png,611,530,0.089476,True,1
cju8dn0c3u2v50801k8rvq02f.jpg,cju8dn0c3u2v50801k8rvq02f,test,/Users/brian/Desktop/VCL318/Swin-ViT/ViTUnet vs SwinUnet/Dataset/processed/Kvasir-SEG/images/cju8dn0c3u2v50801k8rvq02f.jpg,/Users/brian/Desktop/VCL318/Swin-ViT/ViTUnet vs SwinUnet/Dataset/processed/Kvasir-SEG/masks/cju8dn0c3u2v50801k8rvq02f.png,1348,1070,0.313913,True,1
cju8doa16u5gh0818w1ywda3q.jpg,cju8doa16u5gh0818w1ywda3q,test,/Users/brian/Desktop/VCL318/Swin-ViT/ViTUnet vs SwinUnet/Dataset/processed/Kvasir-SEG/images/cju8doa16u5gh0818w1ywda3q.jpg,/Users/brian/Desktop/VCL318/Swin-ViT/ViTUnet vs SwinUnet/Dataset/processed/Kvasir-SEG/masks/cju8doa16u5gh0818w1ywda3q.png,622,529,0.718713,True,1
cjyzlw7f9faqr070129au64sq.jpg,cjyzlw7f9faqr070129au64sq,test,/Users/brian/Desktop/VCL318/Swin-ViT/ViTUnet vs SwinUnet/Dataset/processed/Kvasir-SEG/images/cjyzlw7f9faqr070129au64sq.jpg,/Users/brian/Desktop/VCL318/Swin-ViT/ViTUnet vs SwinUnet/Dataset/processed/Kvasir-SEG/masks/cjyzlw7f9faqr070129au64sq.png,720,576,0.094071,True,1
cju0qkwl35piu0993l0dewei2.jpg,cju0qkwl35piu0993l0dewei2,train,/Users/brian/Desktop/VCL318/Swin-ViT/ViTUnet vs SwinUnet/Dataset/processed/Kvasir-SEG/images/cju0qkwl35piu0993l0dewei2.jpg,/Users/brian/Desktop/VCL318/Swin-ViT/ViTUnet vs SwinUnet/Dataset/processed/Kvasir-SEG/masks/cju0qkwl35piu0993l0dewei2.png,622,529,0.282773,True,1
cju0qx73cjw570799j4n5cjze.jpg,cju0qx73cjw570799j4n5cjze,train,/Users/brian/Desktop/VCL318/Swin-ViT/ViTUnet vs SwinUnet/Dataset/processed/Kvasir-SEG/images/cju0qx73cjw570799j4n5cjze.jpg,/Users/brian/Desktop/VCL318/Swin-ViT/ViTUnet vs SwinUnet/Dataset/processed/Kvasir-SEG/masks/cju0qx73cjw570799j4n5cjze.png,619,529,0.318826,True,1
cju0roawvklrq0799vmjorwfv.jpg,cju0roawvklrq0799vmjorwfv,train,/Users/brian/Desktop/VCL318/Swin-ViT/ViTUnet vs SwinUnet/Dataset/processed/Kvasir-SEG/images/cju0roawvklrq0799vmjorwfv.jpg,/Users/brian/Desktop/VCL318/Swin-ViT/ViTUnet vs SwinUnet/Dataset/processed/Kvasir-SEG/masks/cju0roawvklrq0799vmjorwfv.png,622,528,0.108497,True,3
cju0rx1idathl0835detmsp84.jpg,cju0rx1idathl0835detmsp84,train,/Users/brian/Desktop/VCL318/Swin-ViT/ViTUnet vs SwinUnet/Dataset/processed/Kvasir-SEG/images/cju0rx1idathl0835detmsp84.jpg,/Users/brian/Desktop/VCL318/Swin-ViT/ViTUnet vs SwinUnet/Dataset/processed/Kvasir-SEG/masks/cju0rx1idathl0835detmsp84.png,617,528,0.072768,True,1
cju0s690hkp960855tjuaqvv0.jpg,cju0s690hkp960855tjuaqvv0,train,/Users/brian/Desktop/VCL318/Swin-ViT/ViTUnet vs SwinUnet/Dataset/processed/Kvasir-SEG/images/cju0s690hkp960855tjuaqvv0.jpg,/Users/brian/Desktop/VCL318/Swin-ViT/ViTUnet vs SwinUnet/Dataset/processed/Kvasir-SEG/masks/cju0s690hkp960855tjuaqvv0.png,621,530,0.036624,True,1
cju0sr5ghl0nd08789uzf1raf.jpg,cju0sr5ghl0nd08789uzf1raf,train,/Users/brian/Desktop/VCL318/Swin-ViT/ViTUnet vs SwinUnet/Dataset/processed/Kvasir-SEG/images/cju0sr5ghl0nd08789uzf1raf.jpg,/Users/brian/Desktop/VCL318/Swin-ViT/ViTUnet vs SwinUnet/Dataset/processed/Kvasir-SEG/masks/cju0sr5ghl0nd08789uzf1raf.png,1214,1019,0.13353,True,2
cju0sxqiclckk08551ycbwhno.jpg,cju0sxqiclckk08551ycbwhno,train,/Users/brian/Desktop/VCL318/Swin-ViT/ViTUnet vs SwinUnet/Dataset/processed/Kvasir-SEG/images/cju0sxqiclckk08551ycbwhno.jpg,/Users/brian/Desktop/VCL318/Swin-ViT/ViTUnet vs SwinUnet/Dataset/processed/Kvasir-SEG/masks/cju0sxqiclckk08551ycbwhno.png,570,531,0.043506,True,1
cju0t4oil7vzk099370nun5h9.jpg,cju0t4oil7vzk099370nun5h9,train,/Users/brian/Desktop/VCL318/Swin-ViT/ViTUnet vs SwinUnet/Dataset/processed/Kvasir-SEG/images/cju0t4oil7vzk099370nun5h9.jpg,/Users/brian/Desktop/VCL318/Swin-ViT/ViTUnet vs SwinUnet/Dataset/processed/Kvasir-SEG/masks/cju0t4oil7vzk099370nun5h9.png,622,530,0.33989,True,1
cju0u2g7pmnux0801vkk47ivj.jpg,cju0u2g7pmnux0801vkk47ivj,train,/Users/brian/Desktop/VCL318/Swin-ViT/ViTUnet vs SwinUnet/Dataset/processed/Kvasir-SEG/images/cju0u2g7pmnux0801vkk47ivj.jpg,/Users/brian/Desktop/VCL318/Swin-ViT/ViTUnet vs SwinUnet/Dataset/processed/Kvasir-SEG/masks/cju0u2g7pmnux0801vkk47ivj.png,611,530,0.292379,True,1
cju0u82z3cuma0835wlxrnrjv.jpg,cju0u82z3cuma0835wlxrnrjv,train,/Users/brian/Desktop/VCL318/Swin-ViT/ViTUnet vs SwinUnet/Dataset/processed/Kvasir-SEG/images/cju0u82z3cuma0835wlxrnrjv.jpg,/Users/brian/Desktop/VCL318/Swin-ViT/ViTUnet vs SwinUnet/Dataset/processed/Kvasir-SEG/masks/cju0u82z3cuma0835wlxrnrjv.png,626,546,0.246931,True,1
cju0ue769mxii08019zqgdbxn.jpg,cju0ue769mxii08019zqgdbxn,train,/Users/brian/Desktop/VCL318/Swin-ViT/ViTUnet vs SwinUnet/Dataset/processed/Kvasir-SEG/images/cju0ue769mxii08019zqgdbxn.jpg,/Users/brian/Desktop/VCL318/Swin-ViT/ViTUnet vs SwinUnet/Dataset/processed/Kvasir-SEG/masks/cju0ue769mxii08019zqgdbxn.png,626,547,0.047739,True,1
cju0vtox5ain6099360pu62rp.jpg,cju0vtox5ain6099360pu62rp,train,/Users/brian/Desktop/VCL318/Swin-ViT/ViTUnet vs SwinUnet/Dataset/processed/Kvasir-SEG/images/cju0vtox5ain6099360pu62rp.jpg,/Users/brian/Desktop/VCL318/Swin-ViT/ViTUnet vs SwinUnet/Dataset/processed/Kvasir-SEG/masks/cju0vtox5ain6099360pu62rp.png,622,531,0.044547,True,1
cju13fwthn9mq0835gacxgy01.jpg,cju13fwthn9mq0835gacxgy01,train,/Users/brian/Desktop/VCL318/Swin-ViT/ViTUnet vs SwinUnet/Dataset/processed/Kvasir-SEG/images/cju13fwthn9mq0835gacxgy01.jpg,/Users/brian/Desktop/VCL318/Swin-ViT/ViTUnet vs SwinUnet/Dataset/processed/Kvasir-SEG/masks/cju13fwthn9mq0835gacxgy01.png,623,529,0.138463,True,1
cju13hp5rnbjx0835bf0jowgx.jpg,cju13hp5rnbjx0835bf0jowgx,train,/Users/brian/Desktop/VCL318/Swin-ViT/ViTUnet vs SwinUnet/Dataset/processed/Kvasir-SEG/images/cju13hp5rnbjx0835bf0jowgx.jpg,/Users/brian/Desktop/VCL318/Swin-ViT/ViTUnet vs SwinUnet/Dataset/processed/Kvasir-SEG/masks/cju13hp5rnbjx0835bf0jowgx.png,622,531,0.106542,True,1
cju14g8o4xui30878gkgbrvqj.jpg,cju14g8o4xui30878gkgbrvqj,train,/Users/brian/Desktop/VCL318/Swin-ViT/ViTUnet vs SwinUnet/Dataset/processed/Kvasir-SEG/images/cju14g8o4xui30878gkgbrvqj.jpg,/Users/brian/Desktop/VCL318/Swin-ViT/ViTUnet vs SwinUnet/Dataset/processed/Kvasir-SEG/masks/cju14g8o4xui30878gkgbrvqj.png,622,531,0.025802,True,1
cju14hjh2ob2o0835ouz3r5aa.jpg,cju14hjh2ob2o0835ouz3r5aa,train,/Users/brian/Desktop/VCL318/Swin-ViT/ViTUnet vs SwinUnet/Dataset/processed/Kvasir-SEG/images/cju14hjh2ob2o0835ouz3r5aa.jpg,/Users/brian/Desktop/VCL318/Swin-ViT/ViTUnet vs SwinUnet/Dataset/processed/Kvasir-SEG/masks/cju14hjh2ob2o0835ouz3r5aa.png,609,546,0.125474,True,1
cju14pxbaoksp0835qzorx6g6.jpg,cju14pxbaoksp0835qzorx6g6,train,/Users/brian/Desktop/VCL318/Swin-ViT/ViTUnet vs SwinUnet/Dataset/processed/Kvasir-SEG/images/cju14pxbaoksp0835qzorx6g6.jpg,/Users/brian/Desktop/VCL318/Swin-ViT/ViTUnet vs SwinUnet/Dataset/processed/Kvasir-SEG/masks/cju14pxbaoksp0835qzorx6g6.png,622,530,0.071768,True,1
cju15czxqp3lv0835jvhgzurz.jpg,cju15czxqp3lv0835jvhgzurz,train,/Users/brian/Desktop/VCL318/Swin-ViT/ViTUnet vs SwinUnet/Dataset/processed/Kvasir-SEG/images/cju15czxqp3lv0835jvhgzurz.jpg,/Users/brian/Desktop/VCL318/Swin-ViT/ViTUnet vs SwinUnet/Dataset/processed/Kvasir-SEG/masks/cju15czxqp3lv0835jvhgzurz.png,620,547,0.272988,True,1
cju15jr8jz8sb0855ukmkswkz.jpg,cju15jr8jz8sb0855ukmkswkz,train,/Users/brian/Desktop/VCL318/Swin-ViT/ViTUnet vs SwinUnet/Dataset/processed/Kvasir-SEG/images/cju15jr8jz8sb0855ukmkswkz.jpg,/Users/brian/Desktop/VCL318/Swin-ViT/ViTUnet vs SwinUnet/Dataset/processed/Kvasir-SEG/masks/cju15jr8jz8sb0855ukmkswkz.png,594,528,0.313925,True,2
cju15l5ubz9yh0855b3ivdpse.jpg,cju15l5ubz9yh0855b3ivdpse,train,/Users/brian/Desktop/VCL318/Swin-ViT/ViTUnet vs SwinUnet/Dataset/processed/Kvasir-SEG/images/cju15l5ubz9yh0855b3ivdpse.jpg,/Users/brian/Desktop/VCL318/Swin-ViT/ViTUnet vs SwinUnet/Dataset/processed/Kvasir-SEG/masks/cju15l5ubz9yh0855b3ivdpse.png,626,547,0.034825,True,1
cju15mhjczc8z0801kit5c6di.jpg,cju15mhjczc8z0801kit5c6di,train,/Users/brian/Desktop/VCL318/Swin-ViT/ViTUnet vs SwinUnet/Dataset/processed/Kvasir-SEG/images/cju15mhjczc8z0801kit5c6di.jpg,/Users/brian/Desktop/VCL318/Swin-ViT/ViTUnet vs SwinUnet/Dataset/processed/Kvasir-SEG/masks/cju15mhjczc8z0801kit5c6di.png,624,546,0.134686,True,1
cju15ptjtppz40988odsm9azx.jpg,cju15ptjtppz40988odsm9azx,train,/Users/brian/Desktop/VCL318/Swin-ViT/ViTUnet vs SwinUnet/Dataset/processed/Kvasir-SEG/images/cju15ptjtppz40988odsm9azx.jpg,/Users/brian/Desktop/VCL318/Swin-ViT/ViTUnet vs SwinUnet/Dataset/processed/Kvasir-SEG/masks/cju15ptjtppz40988odsm9azx.png,622,529,0.059489,True,1
cju15wdt3zla10801odjiw7sy.jpg,cju15wdt3zla10801odjiw7sy,train,/Users/brian/Desktop/VCL318/Swin-ViT/ViTUnet vs SwinUnet/Dataset/processed/Kvasir-SEG/images/cju15wdt3zla10801odjiw7sy.jpg,/Users/brian/Desktop/VCL318/Swin-ViT/ViTUnet vs SwinUnet/Dataset/processed/Kvasir-SEG/masks/cju15wdt3zla10801odjiw7sy.png,622,529,0.163565,True,1
cju160wshltz10993i1gmqxbe.jpg,cju160wshltz10993i1gmqxbe,train,/Users/brian/Desktop/VCL318/Swin-ViT/ViTUnet vs SwinUnet/Dataset/processed/Kvasir-SEG/images/cju160wshltz10993i1gmqxbe.jpg,/Users/brian/Desktop/VCL318/Swin-ViT/ViTUnet vs SwinUnet/Dataset/processed/Kvasir-SEG/masks/cju160wshltz10993i1gmqxbe.png,607,530,0.026521,True,1
cju16ach3m1da0993r1dq3sn2.jpg,cju16ach3m1da0993r1dq3sn2,train,/Users/brian/Desktop/VCL318/Swin-ViT/ViTUnet vs SwinUnet/Dataset/processed/Kvasir-SEG/images/cju16ach3m1da0993r1dq3sn2.jpg,/Users/brian/Desktop/VCL318/Swin-ViT/ViTUnet vs SwinUnet/Dataset/processed/Kvasir-SEG/masks/cju16ach3m1da0993r1dq3sn2.png,616,528,0.266529,True,1
cju16b6ynq8e40988m8vx0xnj.jpg,cju16b6ynq8e40988m8vx0xnj,train,/Users/brian/Desktop/VCL318/Swin-ViT/ViTUnet vs SwinUnet/Dataset/processed/Kvasir-SEG/images/cju16b6ynq8e40988m8vx0xnj.jpg,/Users/brian/Desktop/VCL318/Swin-ViT/ViTUnet vs SwinUnet/Dataset/processed/Kvasir-SEG/masks/cju16b6ynq8e40988m8vx0xnj.png,571,530,0.018432,True,1
cju16d65tzw9d0799ouslsw25.jpg,cju16d65tzw9d0799ouslsw25,train,/Users/brian/Desktop/VCL318/Swin-ViT/ViTUnet vs SwinUnet/Dataset/processed/Kvasir-SEG/images/cju16d65tzw9d0799ouslsw25.jpg,/Users/brian/Desktop/VCL318/Swin-ViT/ViTUnet vs SwinUnet/Dataset/processed/Kvasir-SEG/masks/cju16d65tzw9d0799ouslsw25.png,481,530,0.046723,True,1
cju16fpvhzypl0799p9phnlx6.jpg,cju16fpvhzypl0799p9phnlx6,train,/Users/brian/Desktop/VCL318/Swin-ViT/ViTUnet vs SwinUnet/Dataset/processed/Kvasir-SEG/images/cju16fpvhzypl0799p9phnlx6.jpg,/Users/brian/Desktop/VCL318/Swin-ViT/ViTUnet vs SwinUnet/Dataset/processed/Kvasir-SEG/masks/cju16fpvhzypl0799p9phnlx6.png,626,546,0.105686,True,1
cju16whaj0e7n0855q7b6cjkm.jpg,cju16whaj0e7n0855q7b6cjkm,train,/Users/brian/Desktop/VCL318/Swin-ViT/ViTUnet vs SwinUnet/Dataset/processed/Kvasir-SEG/images/cju16whaj0e7n0855q7b6cjkm.jpg,/Users/brian/Desktop/VCL318/Swin-ViT/ViTUnet vs SwinUnet/Dataset/processed/Kvasir-SEG/masks/cju16whaj0e7n0855q7b6cjkm.png,626,547,0.260068,True,1
cju175facms5f0993a5tjikvt.jpg,cju175facms5f0993a5tjikvt,train,/Users/brian/Desktop/VCL318/Swin-ViT/ViTUnet vs SwinUnet/Dataset/processed/Kvasir-SEG/images/cju175facms5f0993a5tjikvt.jpg,/Users/brian/Desktop/VCL318/Swin-ViT/ViTUnet vs SwinUnet/Dataset/processed/Kvasir-SEG/masks/cju175facms5f0993a5tjikvt.png,621,528,0.230149,True,1
cju17bz250pgd0799u1hqkj5u.jpg,cju17bz250pgd0799u1hqkj5u,train,/Users/brian/Desktop/VCL318/Swin-ViT/ViTUnet vs SwinUnet/Dataset/processed/Kvasir-SEG/images/cju17bz250pgd0799u1hqkj5u.jpg,/Users/brian/Desktop/VCL318/Swin-ViT/ViTUnet vs SwinUnet/Dataset/processed/Kvasir-SEG/masks/cju17bz250pgd0799u1hqkj5u.png,626,547,0.090581,True,1
cju17g6ykn1cs0993dww6qdi8.jpg,cju17g6ykn1cs0993dww6qdi8,train,/Users/brian/Desktop/VCL318/Swin-ViT/ViTUnet vs SwinUnet/Dataset/processed/Kvasir-SEG/images/cju17g6ykn1cs0993dww6qdi8.jpg,/Users/brian/Desktop/VCL318/Swin-ViT/ViTUnet vs SwinUnet/Dataset/processed/Kvasir-SEG/masks/cju17g6ykn1cs0993dww6qdi8.png,605,510,0.313991,True,1
cju17hw9hr9c5098800fu4u8e.jpg,cju17hw9hr9c5098800fu4u8e,train,/Users/brian/Desktop/VCL318/Swin-ViT/ViTUnet vs SwinUnet/Dataset/processed/Kvasir-SEG/images/cju17hw9hr9c5098800fu4u8e.jpg,/Users/brian/Desktop/VCL318/Swin-ViT/ViTUnet vs SwinUnet/Dataset/processed/Kvasir-SEG/masks/cju17hw9hr9c5098800fu4u8e.png,623,528,0.024071,True,1
cju17r8il13910799dr2wme2e.jpg,cju17r8il13910799dr2wme2e,train,/Users/brian/Desktop/VCL318/Swin-ViT/ViTUnet vs SwinUnet/Dataset/processed/Kvasir-SEG/images/cju17r8il13910799dr2wme2e.jpg,/Users/brian/Desktop/VCL318/Swin-ViT/ViTUnet vs SwinUnet/Dataset/processed/Kvasir-SEG/masks/cju17r8il13910799dr2wme2e.png,622,531,0.012056,True,1
cju17z0qongpa0993de4boim4.jpg,cju17z0qongpa0993de4boim4,train,/Users/brian/Desktop/VCL318/Swin-ViT/ViTUnet vs SwinUnet/Dataset/processed/Kvasir-SEG/images/cju17z0qongpa0993de4boim4.jpg,/Users/brian/Desktop/VCL318/Swin-ViT/ViTUnet vs SwinUnet/Dataset/processed/Kvasir-SEG/masks/cju17z0qongpa0993de4boim4.png,622,529,0.050803,True,1
cju1819curo000988pd5xcqme.jpg,cju1819curo000988pd5xcqme,train,/Users/brian/Desktop/VCL318/Swin-ViT/ViTUnet vs SwinUnet/Dataset/processed/Kvasir-SEG/images/cju1819curo000988pd5xcqme.jpg,/Users/brian/Desktop/VCL318/Swin-ViT/ViTUnet vs SwinUnet/Dataset/processed/Kvasir-SEG/masks/cju1819curo000988pd5xcqme.png,600,529,0.107382,True,1
cju183od81ff608017ekzif89.jpg,cju183od81ff608017ekzif89,train,/Users/brian/Desktop/VCL318/Swin-ViT/ViTUnet vs SwinUnet/Dataset/processed/Kvasir-SEG/images/cju183od81ff608017ekzif89.jpg,/Users/brian/Desktop/VCL318/Swin-ViT/ViTUnet vs SwinUnet/Dataset/processed/Kvasir-SEG/masks/cju183od81ff608017ekzif89.png,622,511,0.152563,True,2
cju1871y11d6r0799k6cw4yze.jpg,cju1871y11d6r0799k6cw4yze,train,/Users/brian/Desktop/VCL318/Swin-ViT/ViTUnet vs SwinUnet/Dataset/processed/Kvasir-SEG/images/cju1871y11d6r0799k6cw4yze.jpg,/Users/brian/Desktop/VCL318/Swin-ViT/ViTUnet vs SwinUnet/Dataset/processed/Kvasir-SEG/masks/cju1871y11d6r0799k6cw4yze.png,480,531,0.152868,True,1
cju18849rrsgr0988p90hkygb.jpg,cju18849rrsgr0988p90hkygb,train,/Users/brian/Desktop/VCL318/Swin-ViT/ViTUnet vs SwinUnet/Dataset/processed/Kvasir-SEG/images/cju18849rrsgr0988p90hkygb.jpg,/Users/brian/Desktop/VCL318/Swin-ViT/ViTUnet vs SwinUnet/Dataset/processed/Kvasir-SEG/masks/cju18849rrsgr0988p90hkygb.png,619,528,0.114674,True,1
cju18gzrq18zw0878wbf4ftw6.jpg,cju18gzrq18zw0878wbf4ftw6,train,/Users/brian/Desktop/VCL318/Swin-ViT/ViTUnet vs SwinUnet/Dataset/processed/Kvasir-SEG/images/cju18gzrq18zw0878wbf4ftw6.jpg,/Users/brian/Desktop/VCL318/Swin-ViT/ViTUnet vs SwinUnet/Dataset/processed/Kvasir-SEG/masks/cju18gzrq18zw0878wbf4ftw6.png,626,546,0.076481,True,1
cju18kevfrojc0835bn90f1in.jpg,cju18kevfrojc0835bn90f1in,train,/Users/brian/Desktop/VCL318/Swin-ViT/ViTUnet vs SwinUnet/Dataset/processed/Kvasir-SEG/images/cju18kevfrojc0835bn90f1in.jpg,/Users/brian/Desktop/VCL318/Swin-ViT/ViTUnet vs SwinUnet/Dataset/processed/Kvasir-SEG/masks/cju18kevfrojc0835bn90f1in.png,621,528,0.053424,True,1
cju1alwgo30z60855fm3y23sm.jpg,cju1alwgo30z60855fm3y23sm,train,/Users/brian/Desktop/VCL318/Swin-ViT/ViTUnet vs SwinUnet/Dataset/processed/Kvasir-SEG/images/cju1alwgo30z60855fm3y23sm.jpg,/Users/brian/Desktop/VCL318/Swin-ViT/ViTUnet vs SwinUnet/Dataset/processed/Kvasir-SEG/masks/cju1alwgo30z60855fm3y23sm.png,622,529,0.084923,True,1
cju1aqqv02qwz0878a5cyhr67.jpg,cju1aqqv02qwz0878a5cyhr67,train,/Users/brian/Desktop/VCL318/Swin-ViT/ViTUnet vs SwinUnet/Dataset/processed/Kvasir-SEG/images/cju1aqqv02qwz0878a5cyhr67.jpg,/Users/brian/Desktop/VCL318/Swin-ViT/ViTUnet vs SwinUnet/Dataset/processed/Kvasir-SEG/masks/cju1aqqv02qwz0878a5cyhr67.png,626,547,0.056027,True,1
cju1ats0y372e08011yazcsxm.jpg,cju1ats0y372e08011yazcsxm,train,/Users/brian/Desktop/VCL318/Swin-ViT/ViTUnet vs SwinUnet/Dataset/processed/Kvasir-SEG/images/cju1ats0y372e08011yazcsxm.jpg,/Users/brian/Desktop/VCL318/Swin-ViT/ViTUnet vs SwinUnet/Dataset/processed/Kvasir-SEG/masks/cju1ats0y372e08011yazcsxm.png,623,528,0.155896,True,1
cju1b0y2e396p08558ois175d.jpg,cju1b0y2e396p08558ois175d,train,/Users/brian/Desktop/VCL318/Swin-ViT/ViTUnet vs SwinUnet/Dataset/processed/Kvasir-SEG/images/cju1b0y2e396p08558ois175d.jpg,/Users/brian/Desktop/VCL318/Swin-ViT/ViTUnet vs SwinUnet/Dataset/processed/Kvasir-SEG/masks/cju1b0y2e396p08558ois175d.png,626,546,0.040378,True,1
cju1b3zgj3d8e0801kpolea6c.jpg,cju1b3zgj3d8e0801kpolea6c,train,/Users/brian/Desktop/VCL318/Swin-ViT/ViTUnet vs SwinUnet/Dataset/processed/Kvasir-SEG/images/cju1b3zgj3d8e0801kpolea6c.jpg,/Users/brian/Desktop/VCL318/Swin-ViT/ViTUnet vs SwinUnet/Dataset/processed/Kvasir-SEG/masks/cju1b3zgj3d8e0801kpolea6c.png,601,528,0.141737,True,1
cju1bhnfitmge0835ynls0l6b.jpg,cju1bhnfitmge0835ynls0l6b,train,/Users/brian/Desktop/VCL318/Swin-ViT/ViTUnet vs SwinUnet/Dataset/processed/Kvasir-SEG/images/cju1bhnfitmge0835ynls0l6b.jpg,/Users/brian/Desktop/VCL318/Swin-ViT/ViTUnet vs SwinUnet/Dataset/processed/Kvasir-SEG/masks/cju1bhnfitmge0835ynls0l6b.png,622,531,0.081912,True,1
cju1bm8063nmh07996rsjjemq.jpg,cju1bm8063nmh07996rsjjemq,train,/Users/brian/Desktop/VCL318/Swin-ViT/ViTUnet vs SwinUnet/Dataset/processed/Kvasir-SEG/images/cju1bm8063nmh07996rsjjemq.jpg,/Users/brian/Desktop/VCL318/Swin-ViT/ViTUnet vs SwinUnet/Dataset/processed/Kvasir-SEG/masks/cju1bm8063nmh07996rsjjemq.png,607,530,0.243735,True,1
cju1brhsj3rls0855a1vgdlen.jpg,cju1brhsj3rls0855a1vgdlen,train,/Users/brian/Desktop/VCL318/Swin-ViT/ViTUnet vs SwinUnet/Dataset/processed/Kvasir-SEG/images/cju1brhsj3rls0855a1vgdlen.jpg,/Users/brian/Desktop/VCL318/Swin-ViT/ViTUnet vs SwinUnet/Dataset/processed/Kvasir-SEG/masks/cju1brhsj3rls0855a1vgdlen.png,570,530,0.039871,True,1
cju1c0qb4tzi308355wtsnp0y.jpg,cju1c0qb4tzi308355wtsnp0y,train,/Users/brian/Desktop/VCL318/Swin-ViT/ViTUnet vs SwinUnet/Dataset/processed/Kvasir-SEG/images/cju1c0qb4tzi308355wtsnp0y.jpg,/Users/brian/Desktop/VCL318/Swin-ViT/ViTUnet vs SwinUnet/Dataset/processed/Kvasir-SEG/masks/cju1c0qb4tzi308355wtsnp0y.png,622,530,0.349026,True,1
cju1c3218411b08014g9f6gig.jpg,cju1c3218411b08014g9f6gig,train,/Users/brian/Desktop/VCL318/Swin-ViT/ViTUnet vs SwinUnet/Dataset/processed/Kvasir-SEG/images/cju1c3218411b08014g9f6gig.jpg,/Users/brian/Desktop/VCL318/Swin-ViT/ViTUnet vs SwinUnet/Dataset/processed/Kvasir-SEG/masks/cju1c3218411b08014g9f6gig.png,626,546,0.158943,True,1
cju1c6yfz42md08550zgoz3pw.jpg,cju1c6yfz42md08550zgoz3pw,train,/Users/brian/Desktop/VCL318/Swin-ViT/ViTUnet vs SwinUnet/Dataset/processed/Kvasir-SEG/images/cju1c6yfz42md08550zgoz3pw.jpg,/Users/brian/Desktop/VCL318/Swin-ViT/ViTUnet vs SwinUnet/Dataset/processed/Kvasir-SEG/masks/cju1c6yfz42md08550zgoz3pw.png,536,530,0.267671,True,1
cju1cbokpuiw70988j4lq1fpi.jpg,cju1cbokpuiw70988j4lq1fpi,train,/Users/brian/Desktop/VCL318/Swin-ViT/ViTUnet vs SwinUnet/Dataset/processed/Kvasir-SEG/images/cju1cbokpuiw70988j4lq1fpi.jpg,/Users/brian/Desktop/VCL318/Swin-ViT/ViTUnet vs SwinUnet/Dataset/processed/Kvasir-SEG/masks/cju1cbokpuiw70988j4lq1fpi.png,615,529,0.042123,True,1
cju1cdxvz48hw0801i0fjwcnk.jpg,cju1cdxvz48hw0801i0fjwcnk,train,/Users/brian/Desktop/VCL318/Swin-ViT/ViTUnet vs SwinUnet/Dataset/processed/Kvasir-SEG/images/cju1cdxvz48hw0801i0fjwcnk.jpg,/Users/brian/Desktop/VCL318/Swin-ViT/ViTUnet vs SwinUnet/Dataset/processed/Kvasir-SEG/masks/cju1cdxvz48hw0801i0fjwcnk.png,577,505,0.064286,True,1
cju1cfhyg48bb0799cl5pr2jh.jpg,cju1cfhyg48bb0799cl5pr2jh,train,/Users/brian/Desktop/VCL318/Swin-ViT/ViTUnet vs SwinUnet/Dataset/processed/Kvasir-SEG/images/cju1cfhyg48bb0799cl5pr2jh.jpg,/Users/brian/Desktop/VCL318/Swin-ViT/ViTUnet vs SwinUnet/Dataset/processed/Kvasir-SEG/masks/cju1cfhyg48bb0799cl5pr2jh.png,626,547,0.164172,True,1
cju1cnnziug1l0835yh4ropyg.jpg,cju1cnnziug1l0835yh4ropyg,train,/Users/brian/Desktop/VCL318/Swin-ViT/ViTUnet vs SwinUnet/Dataset/processed/Kvasir-SEG/images/cju1cnnziug1l0835yh4ropyg.jpg,/Users/brian/Desktop/VCL318/Swin-ViT/ViTUnet vs SwinUnet/Dataset/processed/Kvasir-SEG/masks/cju1cnnziug1l0835yh4ropyg.png,570,531,0.192692,True,1
cju1cqc7n4gpy0855jt246k68.jpg,cju1cqc7n4gpy0855jt246k68,train,/Users/brian/Desktop/VCL318/Swin-ViT/ViTUnet vs SwinUnet/Dataset/processed/Kvasir-SEG/images/cju1cqc7n4gpy0855jt246k68.jpg,/Users/brian/Desktop/VCL318/Swin-ViT/ViTUnet vs SwinUnet/Dataset/processed/Kvasir-SEG/masks/cju1cqc7n4gpy0855jt246k68.png,616,529,0.034508,True,1
cju1csmlc4ht10799b8ymmghg.jpg,cju1csmlc4ht10799b8ymmghg,train,/Users/brian/Desktop/VCL318/Swin-ViT/ViTUnet vs SwinUnet/Dataset/processed/Kvasir-SEG/images/cju1csmlc4ht10799b8ymmghg.jpg,/Users/brian/Desktop/VCL318/Swin-ViT/ViTUnet vs SwinUnet/Dataset/processed/Kvasir-SEG/masks/cju1csmlc4ht10799b8ymmghg.png,612,546,0.130818,True,1
cju1cu1u2474n0878tt7v4tdr.jpg,cju1cu1u2474n0878tt7v4tdr,train,/Users/brian/Desktop/VCL318/Swin-ViT/ViTUnet vs SwinUnet/Dataset/processed/Kvasir-SEG/images/cju1cu1u2474n0878tt7v4tdr.jpg,/Users/brian/Desktop/VCL318/Swin-ViT/ViTUnet vs SwinUnet/Dataset/processed/Kvasir-SEG/masks/cju1cu1u2474n0878tt7v4tdr.png,621,531,0.020576,True,2
cju1cvkfwqrec0993wbp1jlzm.jpg,cju1cvkfwqrec0993wbp1jlzm,train,/Users/brian/Desktop/VCL318/Swin-ViT/ViTUnet vs SwinUnet/Dataset/processed/Kvasir-SEG/images/cju1cvkfwqrec0993wbp1jlzm.jpg,/Users/brian/Desktop/VCL318/Swin-ViT/ViTUnet vs SwinUnet/Dataset/processed/Kvasir-SEG/masks/cju1cvkfwqrec0993wbp1jlzm.png,622,531,0.042103,True,1
cju1cyjb5qtie0993njqne9m3.jpg,cju1cyjb5qtie0993njqne9m3,train,/Users/brian/Desktop/VCL318/Swin-ViT/ViTUnet vs SwinUnet/Dataset/processed/Kvasir-SEG/images/cju1cyjb5qtie0993njqne9m3.jpg,/Users/brian/Desktop/VCL318/Swin-ViT/ViTUnet vs SwinUnet/Dataset/processed/Kvasir-SEG/masks/cju1cyjb5qtie0993njqne9m3.png,626,547,0.507234,True,1
cju1d50a94qf50855wsowacrc.jpg,cju1d50a94qf50855wsowacrc,train,/Users/brian/Desktop/VCL318/Swin-ViT/ViTUnet vs SwinUnet/Dataset/processed/Kvasir-SEG/images/cju1d50a94qf50855wsowacrc.jpg,/Users/brian/Desktop/VCL318/Swin-ViT/ViTUnet vs SwinUnet/Dataset/processed/Kvasir-SEG/masks/cju1d50a94qf50855wsowacrc.png,622,530,0.060602,True,1
cju1d96gsv62d09881b3wecw2.jpg,cju1d96gsv62d09881b3wecw2,train,/Users/brian/Desktop/VCL318/Swin-ViT/ViTUnet vs SwinUnet/Dataset/processed/Kvasir-SEG/images/cju1d96gsv62d09881b3wecw2.jpg,/Users/brian/Desktop/VCL318/Swin-ViT/ViTUnet vs SwinUnet/Dataset/processed/Kvasir-SEG/masks/cju1d96gsv62d09881b3wecw2.png,622,528,0.252774,True,1
cju1ddr6p4k5z08780uuuzit2.jpg,cju1ddr6p4k5z08780uuuzit2,train,/Users/brian/Desktop/VCL318/Swin-ViT/ViTUnet vs SwinUnet/Dataset/processed/Kvasir-SEG/images/cju1ddr6p4k5z08780uuuzit2.jpg,/Users/brian/Desktop/VCL318/Swin-ViT/ViTUnet vs SwinUnet/Dataset/processed/Kvasir-SEG/masks/cju1ddr6p4k5z08780uuuzit2.png,570,531,0.031751,True,1
cju1dfeupuzlw0835gnxip369.jpg,cju1dfeupuzlw0835gnxip369,train,/Users/brian/Desktop/VCL318/Swin-ViT/ViTUnet vs SwinUnet/Dataset/processed/Kvasir-SEG/images/cju1dfeupuzlw0835gnxip369.jpg,/Users/brian/Desktop/VCL318/Swin-ViT/ViTUnet vs SwinUnet/Dataset/processed/Kvasir-SEG/masks/cju1dfeupuzlw0835gnxip369.png,1348,1070,0.071276,True,1
cju1dhfok4mhe0878jlgrag0h.jpg,cju1dhfok4mhe0878jlgrag0h,train,/Users/brian/Desktop/VCL318/Swin-ViT/ViTUnet vs SwinUnet/Dataset/processed/Kvasir-SEG/images/cju1dhfok4mhe0878jlgrag0h.jpg,/Users/brian/Desktop/VCL318/Swin-ViT/ViTUnet vs SwinUnet/Dataset/processed/Kvasir-SEG/masks/cju1dhfok4mhe0878jlgrag0h.png,626,546,0.061019,True,1
cju1dia8hvc6v098827mgffnm.jpg,cju1dia8hvc6v098827mgffnm,train,/Users/brian/Desktop/VCL318/Swin-ViT/ViTUnet vs SwinUnet/Dataset/processed/Kvasir-SEG/images/cju1dia8hvc6v098827mgffnm.jpg,/Users/brian/Desktop/VCL318/Swin-ViT/ViTUnet vs SwinUnet/Dataset/processed/Kvasir-SEG/masks/cju1dia8hvc6v098827mgffnm.png,616,528,0.042448,True,1
cju1djtprvd7b0988thwwrg09.jpg,cju1djtprvd7b0988thwwrg09,train,/Users/brian/Desktop/VCL318/Swin-ViT/ViTUnet vs SwinUnet/Dataset/processed/Kvasir-SEG/images/cju1djtprvd7b0988thwwrg09.jpg,/Users/brian/Desktop/VCL318/Swin-ViT/ViTUnet vs SwinUnet/Dataset/processed/Kvasir-SEG/masks/cju1djtprvd7b0988thwwrg09.png,590,529,0.059681,True,1
cju1dnz61vfp40988e78bkjga.jpg,cju1dnz61vfp40988e78bkjga,train,/Users/brian/Desktop/VCL318/Swin-ViT/ViTUnet vs SwinUnet/Dataset/processed/Kvasir-SEG/images/cju1dnz61vfp40988e78bkjga.jpg,/Users/brian/Desktop/VCL318/Swin-ViT/ViTUnet vs SwinUnet/Dataset/processed/Kvasir-SEG/masks/cju1dnz61vfp40988e78bkjga.png,627,547,0.058066,True,1
cju1dq3x1vgx109889c7wyirg.jpg,cju1dq3x1vgx109889c7wyirg,train,/Users/brian/Desktop/VCL318/Swin-ViT/ViTUnet vs SwinUnet/Dataset/processed/Kvasir-SEG/images/cju1dq3x1vgx109889c7wyirg.jpg,/Users/brian/Desktop/VCL318/Swin-ViT/ViTUnet vs SwinUnet/Dataset/processed/Kvasir-SEG/masks/cju1dq3x1vgx109889c7wyirg.png,617,513,0.108246,True,1
cju1efbr0rqxz09931z0lf4vf.jpg,cju1efbr0rqxz09931z0lf4vf,train,/Users/brian/Desktop/VCL318/Swin-ViT/ViTUnet vs SwinUnet/Dataset/processed/Kvasir-SEG/images/cju1efbr0rqxz09931z0lf4vf.jpg,/Users/brian/Desktop/VCL318/Swin-ViT/ViTUnet vs SwinUnet/Dataset/processed/Kvasir-SEG/masks/cju1efbr0rqxz09931z0lf4vf.png,622,529,0.060042,True,1
cju1egh885m1l0855ci1lt37c.jpg,cju1egh885m1l0855ci1lt37c,train,/Users/brian/Desktop/VCL318/Swin-ViT/ViTUnet vs SwinUnet/Dataset/processed/Kvasir-SEG/images/cju1egh885m1l0855ci1lt37c.jpg,/Users/brian/Desktop/VCL318/Swin-ViT/ViTUnet vs SwinUnet/Dataset/processed/Kvasir-SEG/masks/cju1egh885m1l0855ci1lt37c.png,566,531,0.024878,True,1
cju1egx9pvz2n0988eoy8jp23.jpg,cju1egx9pvz2n0988eoy8jp23,train,/Users/brian/Desktop/VCL318/Swin-ViT/ViTUnet vs SwinUnet/Dataset/processed/Kvasir-SEG/images/cju1egx9pvz2n0988eoy8jp23.jpg,/Users/brian/Desktop/VCL318/Swin-ViT/ViTUnet vs SwinUnet/Dataset/processed/Kvasir-SEG/masks/cju1egx9pvz2n0988eoy8jp23.png,622,529,0.015849,True,1
cju1ejj7dvqfa0835ra184v5m.jpg,cju1ejj7dvqfa0835ra184v5m,train,/Users/brian/Desktop/VCL318/Swin-ViT/ViTUnet vs SwinUnet/Dataset/processed/Kvasir-SEG/images/cju1ejj7dvqfa0835ra184v5m.jpg,/Users/brian/Desktop/VCL318/Swin-ViT/ViTUnet vs SwinUnet/Dataset/processed/Kvasir-SEG/masks/cju1ejj7dvqfa0835ra184v5m.png,619,547,0.149557,True,1
cju1erep75us208553i4ofwwe.jpg,cju1erep75us208553i4ofwwe,train,/Users/brian/Desktop/VCL318/Swin-ViT/ViTUnet vs SwinUnet/Dataset/processed/Kvasir-SEG/images/cju1erep75us208553i4ofwwe.jpg,/Users/brian/Desktop/VCL318/Swin-ViT/ViTUnet vs SwinUnet/Dataset/processed/Kvasir-SEG/masks/cju1erep75us208553i4ofwwe.png,613,547,0.177122,True,1
cju1euuc65wm00799m4sjdnnn.jpg,cju1euuc65wm00799m4sjdnnn,train,/Users/brian/Desktop/VCL318/Swin-ViT/ViTUnet vs SwinUnet/Dataset/processed/Kvasir-SEG/images/cju1euuc65wm00799m4sjdnnn.jpg,/Users/brian/Desktop/VCL318/Swin-ViT/ViTUnet vs SwinUnet/Dataset/processed/Kvasir-SEG/masks/cju1euuc65wm00799m4sjdnnn.png,570,530,0.037627,True,1
cju1ewnoh5z030855vpex9uzt.jpg,cju1ewnoh5z030855vpex9uzt,train,/Users/brian/Desktop/VCL318/Swin-ViT/ViTUnet vs SwinUnet/Dataset/processed/Kvasir-SEG/images/cju1ewnoh5z030855vpex9uzt.jpg,/Users/brian/Desktop/VCL318/Swin-ViT/ViTUnet vs SwinUnet/Dataset/processed/Kvasir-SEG/masks/cju1ewnoh5z030855vpex9uzt.png,622,529,0.101867,True,1
cju1expq45zst0855rjqwwj4m.jpg,cju1expq45zst0855rjqwwj4m,train,/Users/brian/Desktop/VCL318/Swin-ViT/ViTUnet vs SwinUnet/Dataset/processed/Kvasir-SEG/images/cju1expq45zst0855rjqwwj4m.jpg,/Users/brian/Desktop/VCL318/Swin-ViT/ViTUnet vs SwinUnet/Dataset/processed/Kvasir-SEG/masks/cju1expq45zst0855rjqwwj4m.png,622,529,0.282214,True,1
cju1f15k3w4ct0835cmde6ypo.jpg,cju1f15k3w4ct0835cmde6ypo,train,/Users/brian/Desktop/VCL318/Swin-ViT/ViTUnet vs SwinUnet/Dataset/processed/Kvasir-SEG/images/cju1f15k3w4ct0835cmde6ypo.jpg,/Users/brian/Desktop/VCL318/Swin-ViT/ViTUnet vs SwinUnet/Dataset/processed/Kvasir-SEG/masks/cju1f15k3w4ct0835cmde6ypo.png,572,547,0.130876,True,1
cju1f320ewfyu0988ndz6blh5.jpg,cju1f320ewfyu0988ndz6blh5,train,/Users/brian/Desktop/VCL318/Swin-ViT/ViTUnet vs SwinUnet/Dataset/processed/Kvasir-SEG/images/cju1f320ewfyu0988ndz6blh5.jpg,/Users/brian/Desktop/VCL318/Swin-ViT/ViTUnet vs SwinUnet/Dataset/processed/Kvasir-SEG/masks/cju1f320ewfyu0988ndz6blh5.png,571,530,0.108707,True,1
cju1f5x1164xv08555654c24r.jpg,cju1f5x1164xv08555654c24r,train,/Users/brian/Desktop/VCL318/Swin-ViT/ViTUnet vs SwinUnet/Dataset/processed/Kvasir-SEG/images/cju1f5x1164xv08555654c24r.jpg,/Users/brian/Desktop/VCL318/Swin-ViT/ViTUnet vs SwinUnet/Dataset/processed/Kvasir-SEG/masks/cju1f5x1164xv08555654c24r.png,622,530,0.121917,True,1
cju1f79yhsb5w0993txub59ol.jpg,cju1f79yhsb5w0993txub59ol,train,/Users/brian/Desktop/VCL318/Swin-ViT/ViTUnet vs SwinUnet/Dataset/processed/Kvasir-SEG/images/cju1f79yhsb5w0993txub59ol.jpg,/Users/brian/Desktop/VCL318/Swin-ViT/ViTUnet vs SwinUnet/Dataset/processed/Kvasir-SEG/masks/cju1f79yhsb5w0993txub59ol.png,623,528,0.010734,True,1
cju1f8w0t65en0799m9oacq0q.jpg,cju1f8w0t65en0799m9oacq0q,train,/Users/brian/Desktop/VCL318/Swin-ViT/ViTUnet vs SwinUnet/Dataset/processed/Kvasir-SEG/images/cju1f8w0t65en0799m9oacq0q.jpg,/Users/brian/Desktop/VCL318/Swin-ViT/ViTUnet vs SwinUnet/Dataset/processed/Kvasir-SEG/masks/cju1f8w0t65en0799m9oacq0q.png,622,528,0.092401,True,1
cju1ffnjn6ctm08015perkg37.jpg,cju1ffnjn6ctm08015perkg37,train,/Users/brian/Desktop/VCL318/Swin-ViT/ViTUnet vs SwinUnet/Dataset/processed/Kvasir-SEG/images/cju1ffnjn6ctm08015perkg37.jpg,/Users/brian/Desktop/VCL318/Swin-ViT/ViTUnet vs SwinUnet/Dataset/processed/Kvasir-SEG/masks/cju1ffnjn6ctm08015perkg37.png,626,547,0.208772,True,1
cju1fj6axwfp30835ukhuzhw9.jpg,cju1fj6axwfp30835ukhuzhw9,train,/Users/brian/Desktop/VCL318/Swin-ViT/ViTUnet vs SwinUnet/Dataset/processed/Kvasir-SEG/images/cju1fj6axwfp30835ukhuzhw9.jpg,/Users/brian/Desktop/VCL318/Swin-ViT/ViTUnet vs SwinUnet/Dataset/processed/Kvasir-SEG/masks/cju1fj6axwfp30835ukhuzhw9.png,576,547,0.243957,True,1
cju1fmsyf6gxb0801cimx2gle.jpg,cju1fmsyf6gxb0801cimx2gle,train,/Users/brian/Desktop/VCL318/Swin-ViT/ViTUnet vs SwinUnet/Dataset/processed/Kvasir-SEG/images/cju1fmsyf6gxb0801cimx2gle.jpg,/Users/brian/Desktop/VCL318/Swin-ViT/ViTUnet vs SwinUnet/Dataset/processed/Kvasir-SEG/masks/cju1fmsyf6gxb0801cimx2gle.png,570,531,0.07945,True,1
cju1fr4etsmrr09933u4t4aql.jpg,cju1fr4etsmrr09933u4t4aql,train,/Users/brian/Desktop/VCL318/Swin-ViT/ViTUnet vs SwinUnet/Dataset/processed/Kvasir-SEG/images/cju1fr4etsmrr09933u4t4aql.jpg,/Users/brian/Desktop/VCL318/Swin-ViT/ViTUnet vs SwinUnet/Dataset/processed/Kvasir-SEG/masks/cju1fr4etsmrr09933u4t4aql.png,570,521,0.279688,True,1
cju1ftaji6isw0855108yqcse.jpg,cju1ftaji6isw0855108yqcse,train,/Users/brian/Desktop/VCL318/Swin-ViT/ViTUnet vs SwinUnet/Dataset/processed/Kvasir-SEG/images/cju1ftaji6isw0855108yqcse.jpg,/Users/brian/Desktop/VCL318/Swin-ViT/ViTUnet vs SwinUnet/Dataset/processed/Kvasir-SEG/masks/cju1ftaji6isw0855108yqcse.png,562,502,0.146471,True,1
cju1fuoa4wmc50835qfd11sp9.jpg,cju1fuoa4wmc50835qfd11sp9,train,/Users/brian/Desktop/VCL318/Swin-ViT/ViTUnet vs SwinUnet/Dataset/processed/Kvasir-SEG/images/cju1fuoa4wmc50835qfd11sp9.jpg,/Users/brian/Desktop/VCL318/Swin-ViT/ViTUnet vs SwinUnet/Dataset/processed/Kvasir-SEG/masks/cju1fuoa4wmc50835qfd11sp9.png,621,528,0.081863,True,1
cju1g20bdwq6u0835e16xugcd.jpg,cju1g20bdwq6u0835e16xugcd,train,/Users/brian/Desktop/VCL318/Swin-ViT/ViTUnet vs SwinUnet/Dataset/processed/Kvasir-SEG/images/cju1g20bdwq6u0835e16xugcd.jpg,/Users/brian/Desktop/VCL318/Swin-ViT/ViTUnet vs SwinUnet/Dataset/processed/Kvasir-SEG/masks/cju1g20bdwq6u0835e16xugcd.png,622,531,0.194909,True,1
cju1gi7jlwyld0835cdf6g6qz.jpg,cju1gi7jlwyld0835cdf6g6qz,train,/Users/brian/Desktop/VCL318/Swin-ViT/ViTUnet vs SwinUnet/Dataset/processed/Kvasir-SEG/images/cju1gi7jlwyld0835cdf6g6qz.jpg,/Users/brian/Desktop/VCL318/Swin-ViT/ViTUnet vs SwinUnet/Dataset/processed/Kvasir-SEG/masks/cju1gi7jlwyld0835cdf6g6qz.png,611,529,0.0472,True,1
cju1gkndf6yi10801o1qnje19.jpg,cju1gkndf6yi10801o1qnje19,train,/Users/brian/Desktop/VCL318/Swin-ViT/ViTUnet vs SwinUnet/Dataset/processed/Kvasir-SEG/images/cju1gkndf6yi10801o1qnje19.jpg,/Users/brian/Desktop/VCL318/Swin-ViT/ViTUnet vs SwinUnet/Dataset/processed/Kvasir-SEG/masks/cju1gkndf6yi10801o1qnje19.png,623,528,0.105754,True,1
cju1h5w4wxajx0835mc954kxy.jpg,cju1h5w4wxajx0835mc954kxy,train,/Users/brian/Desktop/VCL318/Swin-ViT/ViTUnet vs SwinUnet/Dataset/processed/Kvasir-SEG/images/cju1h5w4wxajx0835mc954kxy.jpg,/Users/brian/Desktop/VCL318/Swin-ViT/ViTUnet vs SwinUnet/Dataset/processed/Kvasir-SEG/masks/cju1h5w4wxajx0835mc954kxy.png,622,528,0.084582,True,1
cju1h89h6xbnx08352k2790o9.jpg,cju1h89h6xbnx08352k2790o9,train,/Users/brian/Desktop/VCL318/Swin-ViT/ViTUnet vs SwinUnet/Dataset/processed/Kvasir-SEG/images/cju1h89h6xbnx08352k2790o9.jpg,/Users/brian/Desktop/VCL318/Swin-ViT/ViTUnet vs SwinUnet/Dataset/processed/Kvasir-SEG/masks/cju1h89h6xbnx08352k2790o9.png,570,531,0.083959,True,1
cju1haab178i70799tk9z8y8x.jpg,cju1haab178i70799tk9z8y8x,train,/Users/brian/Desktop/VCL318/Swin-ViT/ViTUnet vs SwinUnet/Dataset/processed/Kvasir-SEG/images/cju1haab178i70799tk9z8y8x.jpg,/Users/brian/Desktop/VCL318/Swin-ViT/ViTUnet vs SwinUnet/Dataset/processed/Kvasir-SEG/masks/cju1haab178i70799tk9z8y8x.png,525,531,0.103714,True,1
cju1hhj6mxfp90835n3wofrap.jpg,cju1hhj6mxfp90835n3wofrap,train,/Users/brian/Desktop/VCL318/Swin-ViT/ViTUnet vs SwinUnet/Dataset/processed/Kvasir-SEG/images/cju1hhj6mxfp90835n3wofrap.jpg,/Users/brian/Desktop/VCL318/Swin-ViT/ViTUnet vs SwinUnet/Dataset/processed/Kvasir-SEG/masks/cju1hhj6mxfp90835n3wofrap.png,622,530,0.035667,True,1
cju1hp9i2xu8e0988u2dazk7m.jpg,cju1hp9i2xu8e0988u2dazk7m,train,/Users/brian/Desktop/VCL318/Swin-ViT/ViTUnet vs SwinUnet/Dataset/processed/Kvasir-SEG/images/cju1hp9i2xu8e0988u2dazk7m.jpg,/Users/brian/Desktop/VCL318/Swin-ViT/ViTUnet vs SwinUnet/Dataset/processed/Kvasir-SEG/masks/cju1hp9i2xu8e0988u2dazk7m.png,490,531,0.128341,True,1
cju1hs0za7jha0855vj0mdrjt.jpg,cju1hs0za7jha0855vj0mdrjt,train,/Users/brian/Desktop/VCL318/Swin-ViT/ViTUnet vs SwinUnet/Dataset/processed/Kvasir-SEG/images/cju1hs0za7jha0855vj0mdrjt.jpg,/Users/brian/Desktop/VCL318/Swin-ViT/ViTUnet vs SwinUnet/Dataset/processed/Kvasir-SEG/masks/cju1hs0za7jha0855vj0mdrjt.png,571,531,0.174736,True,1
cju1hyolc7aqu0878rrkfn1lr.jpg,cju1hyolc7aqu0878rrkfn1lr,train,/Users/brian/Desktop/VCL318/Swin-ViT/ViTUnet vs SwinUnet/Dataset/processed/Kvasir-SEG/images/cju1hyolc7aqu0878rrkfn1lr.jpg,/Users/brian/Desktop/VCL318/Swin-ViT/ViTUnet vs SwinUnet/Dataset/processed/Kvasir-SEG/masks/cju1hyolc7aqu0878rrkfn1lr.png,1348,1070,0.076464,True,1
cju2hdr06v2bq0799mbm3bks1.jpg,cju2hdr06v2bq0799mbm3bks1,train,/Users/brian/Desktop/VCL318/Swin-ViT/ViTUnet vs SwinUnet/Dataset/processed/Kvasir-SEG/images/cju2hdr06v2bq0799mbm3bks1.jpg,/Users/brian/Desktop/VCL318/Swin-ViT/ViTUnet vs SwinUnet/Dataset/processed/Kvasir-SEG/masks/cju2hdr06v2bq0799mbm3bks1.png,621,530,0.235724,True,1
cju2hewssldzx0835ep795xu0.jpg,cju2hewssldzx0835ep795xu0,train,/Users/brian/Desktop/VCL318/Swin-ViT/ViTUnet vs SwinUnet/Dataset/processed/Kvasir-SEG/images/cju2hewssldzx0835ep795xu0.jpg,/Users/brian/Desktop/VCL318/Swin-ViT/ViTUnet vs SwinUnet/Dataset/processed/Kvasir-SEG/masks/cju2hewssldzx0835ep795xu0.png,576,530,0.042348,True,1
cju2hfqnmhisa0993gpleeldd.jpg,cju2hfqnmhisa0993gpleeldd,train,/Users/brian/Desktop/VCL318/Swin-ViT/ViTUnet vs SwinUnet/Dataset/processed/Kvasir-SEG/images/cju2hfqnmhisa0993gpleeldd.jpg,/Users/brian/Desktop/VCL318/Swin-ViT/ViTUnet vs SwinUnet/Dataset/processed/Kvasir-SEG/masks/cju2hfqnmhisa0993gpleeldd.png,621,530,0.018819,True,2
cju2hgsptlfam0835o3b59h1o.jpg,cju2hgsptlfam0835o3b59h1o,train,/Users/brian/Desktop/VCL318/Swin-ViT/ViTUnet vs SwinUnet/Dataset/processed/Kvasir-SEG/images/cju2hgsptlfam0835o3b59h1o.jpg,/Users/brian/Desktop/VCL318/Swin-ViT/ViTUnet vs SwinUnet/Dataset/processed/Kvasir-SEG/masks/cju2hgsptlfam0835o3b59h1o.png,530,528,0.024686,True,1
cju2hjrqcvi2j0801bx1i6gxg.jpg,cju2hjrqcvi2j0801bx1i6gxg,train,/Users/brian/Desktop/VCL318/Swin-ViT/ViTUnet vs SwinUnet/Dataset/processed/Kvasir-SEG/images/cju2hjrqcvi2j0801bx1i6gxg.jpg,/Users/brian/Desktop/VCL318/Swin-ViT/ViTUnet vs SwinUnet/Dataset/processed/Kvasir-SEG/masks/cju2hjrqcvi2j0801bx1i6gxg.png,599,531,0.015487,True,2
cju2hlm19vjjf0801o69qnber.jpg,cju2hlm19vjjf0801o69qnber,train,/Users/brian/Desktop/VCL318/Swin-ViT/ViTUnet vs SwinUnet/Dataset/processed/Kvasir-SEG/images/cju2hlm19vjjf0801o69qnber.jpg,/Users/brian/Desktop/VCL318/Swin-ViT/ViTUnet vs SwinUnet/Dataset/processed/Kvasir-SEG/masks/cju2hlm19vjjf0801o69qnber.png,570,530,0.148358,True,1
cju2hos57llxm08359g92p6jj.jpg,cju2hos57llxm08359g92p6jj,train,/Users/brian/Desktop/VCL318/Swin-ViT/ViTUnet vs SwinUnet/Dataset/processed/Kvasir-SEG/images/cju2hos57llxm08359g92p6jj.jpg,/Users/brian/Desktop/VCL318/Swin-ViT/ViTUnet vs SwinUnet/Dataset/processed/Kvasir-SEG/masks/cju2hos57llxm08359g92p6jj.png,622,529,0.134589,True,1
cju2hqt33lmra0988fr5ijv8j.jpg,cju2hqt33lmra0988fr5ijv8j,train,/Users/brian/Desktop/VCL318/Swin-ViT/ViTUnet vs SwinUnet/Dataset/processed/Kvasir-SEG/images/cju2hqt33lmra0988fr5ijv8j.jpg,/Users/brian/Desktop/VCL318/Swin-ViT/ViTUnet vs SwinUnet/Dataset/processed/Kvasir-SEG/masks/cju2hqt33lmra0988fr5ijv8j.png,602,528,0.1497,True,1
cju2htabevq9108015qjei0x7.jpg,cju2htabevq9108015qjei0x7,train,/Users/brian/Desktop/VCL318/Swin-ViT/ViTUnet vs SwinUnet/Dataset/processed/Kvasir-SEG/images/cju2htabevq9108015qjei0x7.jpg,/Users/brian/Desktop/VCL318/Swin-ViT/ViTUnet vs SwinUnet/Dataset/processed/Kvasir-SEG/masks/cju2htabevq9108015qjei0x7.png,332,487,0.457114,True,1
cju2hugv9vget0799hhk7ksvg.jpg,cju2hugv9vget0799hhk7ksvg,train,/Users/brian/Desktop/VCL318/Swin-ViT/ViTUnet vs SwinUnet/Dataset/processed/Kvasir-SEG/images/cju2hugv9vget0799hhk7ksvg.jpg,/Users/brian/Desktop/VCL318/Swin-ViT/ViTUnet vs SwinUnet/Dataset/processed/Kvasir-SEG/masks/cju2hugv9vget0799hhk7ksvg.png,613,529,0.01602,True,1
cju2hx006vidl0799igm81vmh.jpg,cju2hx006vidl0799igm81vmh,train,/Users/brian/Desktop/VCL318/Swin-ViT/ViTUnet vs SwinUnet/Dataset/processed/Kvasir-SEG/images/cju2hx006vidl0799igm81vmh.jpg,/Users/brian/Desktop/VCL318/Swin-ViT/ViTUnet vs SwinUnet/Dataset/processed/Kvasir-SEG/masks/cju2hx006vidl0799igm81vmh.png,622,528,0.025459,True,1
cju2i03ptvkiu0799xbbd4det.jpg,cju2i03ptvkiu0799xbbd4det,train,/Users/brian/Desktop/VCL318/Swin-ViT/ViTUnet vs SwinUnet/Dataset/processed/Kvasir-SEG/images/cju2i03ptvkiu0799xbbd4det.jpg,/Users/brian/Desktop/VCL318/Swin-ViT/ViTUnet vs SwinUnet/Dataset/processed/Kvasir-SEG/masks/cju2i03ptvkiu0799xbbd4det.png,600,528,0.08089,True,1
cju2i3hzclw3o0988rrgh911i.jpg,cju2i3hzclw3o0988rrgh911i,train,/Users/brian/Desktop/VCL318/Swin-ViT/ViTUnet vs SwinUnet/Dataset/processed/Kvasir-SEG/images/cju2i3hzclw3o0988rrgh911i.jpg,/Users/brian/Desktop/VCL318/Swin-ViT/ViTUnet vs SwinUnet/Dataset/processed/Kvasir-SEG/masks/cju2i3hzclw3o0988rrgh911i.png,598,531,0.311008,True,1
cju2i8br1vqtd08784u6vmcjk.jpg,cju2i8br1vqtd08784u6vmcjk,train,/Users/brian/Desktop/VCL318/Swin-ViT/ViTUnet vs SwinUnet/Dataset/processed/Kvasir-SEG/images/cju2i8br1vqtd08784u6vmcjk.jpg,/Users/brian/Desktop/VCL318/Swin-ViT/ViTUnet vs SwinUnet/Dataset/processed/Kvasir-SEG/masks/cju2i8br1vqtd08784u6vmcjk.png,622,531,0.186099,True,1
cju2iatlki5u309930zmgkv6h.jpg,cju2iatlki5u309930zmgkv6h,train,/Users/brian/Desktop/VCL318/Swin-ViT/ViTUnet vs SwinUnet/Dataset/processed/Kvasir-SEG/images/cju2iatlki5u309930zmgkv6h.jpg,/Users/brian/Desktop/VCL318/Swin-ViT/ViTUnet vs SwinUnet/Dataset/processed/Kvasir-SEG/masks/cju2iatlki5u309930zmgkv6h.png,621,522,0.240207,True,1
cju2igw4gvxds0878808qj398.jpg,cju2igw4gvxds0878808qj398,train,/Users/brian/Desktop/VCL318/Swin-ViT/ViTUnet vs SwinUnet/Dataset/processed/Kvasir-SEG/images/cju2igw4gvxds0878808qj398.jpg,/Users/brian/Desktop/VCL318/Swin-ViT/ViTUnet vs SwinUnet/Dataset/processed/Kvasir-SEG/masks/cju2igw4gvxds0878808qj398.png,626,546,0.438768,True,1
cju2ij9uiic2l09933ljiv6gm.jpg,cju2ij9uiic2l09933ljiv6gm,train,/Users/brian/Desktop/VCL318/Swin-ViT/ViTUnet vs SwinUnet/Dataset/processed/Kvasir-SEG/images/cju2ij9uiic2l09933ljiv6gm.jpg,/Users/brian/Desktop/VCL318/Swin-ViT/ViTUnet vs SwinUnet/Dataset/processed/Kvasir-SEG/masks/cju2ij9uiic2l09933ljiv6gm.png,617,530,0.036421,True,1
cju2lberzkdzm09938cl40pog.jpg,cju2lberzkdzm09938cl40pog,train,/Users/brian/Desktop/VCL318/Swin-ViT/ViTUnet vs SwinUnet/Dataset/processed/Kvasir-SEG/images/cju2lberzkdzm09938cl40pog.jpg,/Users/brian/Desktop/VCL318/Swin-ViT/ViTUnet vs SwinUnet/Dataset/processed/Kvasir-SEG/masks/cju2lberzkdzm09938cl40pog.png,605,528,0.210287,True,1
cju2lcyfgkf5809932fn9gucn.jpg,cju2lcyfgkf5809932fn9gucn,train,/Users/brian/Desktop/VCL318/Swin-ViT/ViTUnet vs SwinUnet/Dataset/processed/Kvasir-SEG/images/cju2lcyfgkf5809932fn9gucn.jpg,/Users/brian/Desktop/VCL318/Swin-ViT/ViTUnet vs SwinUnet/Dataset/processed/Kvasir-SEG/masks/cju2lcyfgkf5809932fn9gucn.png,571,530,0.063649,True,1
cju2lejzcy4pc0878c9rlonot.jpg,cju2lejzcy4pc0878c9rlonot,train,/Users/brian/Desktop/VCL318/Swin-ViT/ViTUnet vs SwinUnet/Dataset/processed/Kvasir-SEG/images/cju2lejzcy4pc0878c9rlonot.jpg,/Users/brian/Desktop/VCL318/Swin-ViT/ViTUnet vs SwinUnet/Dataset/processed/Kvasir-SEG/masks/cju2lejzcy4pc0878c9rlonot.png,571,530,0.217609,True,1
cju2lyynuymli0855g7fxgbhe.jpg,cju2lyynuymli0855g7fxgbhe,train,/Users/brian/Desktop/VCL318/Swin-ViT/ViTUnet vs SwinUnet/Dataset/processed/Kvasir-SEG/images/cju2lyynuymli0855g7fxgbhe.jpg,/Users/brian/Desktop/VCL318/Swin-ViT/ViTUnet vs SwinUnet/Dataset/processed/Kvasir-SEG/masks/cju2lyynuymli0855g7fxgbhe.png,612,519,0.045437,True,1
cju2lz8vqktne0993fuym6drw.jpg,cju2lz8vqktne0993fuym6drw,train,/Users/brian/Desktop/VCL318/Swin-ViT/ViTUnet vs SwinUnet/Dataset/processed/Kvasir-SEG/images/cju2lz8vqktne0993fuym6drw.jpg,/Users/brian/Desktop/VCL318/Swin-ViT/ViTUnet vs SwinUnet/Dataset/processed/Kvasir-SEG/masks/cju2lz8vqktne0993fuym6drw.png,613,531,0.059357,True,1
cju2m56cryvqd0801gtn2yp8t.jpg,cju2m56cryvqd0801gtn2yp8t,train,/Users/brian/Desktop/VCL318/Swin-ViT/ViTUnet vs SwinUnet/Dataset/processed/Kvasir-SEG/images/cju2m56cryvqd0801gtn2yp8t.jpg,/Users/brian/Desktop/VCL318/Swin-ViT/ViTUnet vs SwinUnet/Dataset/processed/Kvasir-SEG/masks/cju2m56cryvqd0801gtn2yp8t.png,616,546,0.039886,True,1
cju2m71z2ywwv080131bcrsd3.jpg,cju2m71z2ywwv080131bcrsd3,train,/Users/brian/Desktop/VCL318/Swin-ViT/ViTUnet vs SwinUnet/Dataset/processed/Kvasir-SEG/images/cju2m71z2ywwv080131bcrsd3.jpg,/Users/brian/Desktop/VCL318/Swin-ViT/ViTUnet vs SwinUnet/Dataset/processed/Kvasir-SEG/masks/cju2m71z2ywwv080131bcrsd3.png,570,531,0.089034,True,1
cju2ma647l0nj0993ot4deq2q.jpg,cju2ma647l0nj0993ot4deq2q,train,/Users/brian/Desktop/VCL318/Swin-ViT/ViTUnet vs SwinUnet/Dataset/processed/Kvasir-SEG/images/cju2ma647l0nj0993ot4deq2q.jpg,/Users/brian/Desktop/VCL318/Swin-ViT/ViTUnet vs SwinUnet/Dataset/processed/Kvasir-SEG/masks/cju2ma647l0nj0993ot4deq2q.png,621,547,0.128203,True,2
cju2mfjndoz700988b9lc3zeq.jpg,cju2mfjndoz700988b9lc3zeq,train,/Users/brian/Desktop/VCL318/Swin-ViT/ViTUnet vs SwinUnet/Dataset/processed/Kvasir-SEG/images/cju2mfjndoz700988b9lc3zeq.jpg,/Users/brian/Desktop/VCL318/Swin-ViT/ViTUnet vs SwinUnet/Dataset/processed/Kvasir-SEG/masks/cju2mfjndoz700988b9lc3zeq.png,622,531,0.095615,True,1
cju2mh8t6p07008350e01tx2a.jpg,cju2mh8t6p07008350e01tx2a,train,/Users/brian/Desktop/VCL318/Swin-ViT/ViTUnet vs SwinUnet/Dataset/processed/Kvasir-SEG/images/cju2mh8t6p07008350e01tx2a.jpg,/Users/brian/Desktop/VCL318/Swin-ViT/ViTUnet vs SwinUnet/Dataset/processed/Kvasir-SEG/masks/cju2mh8t6p07008350e01tx2a.png,588,528,0.062252,True,1
cju2nbdpmlmcj0993s1cht0dz.jpg,cju2nbdpmlmcj0993s1cht0dz,train,/Users/brian/Desktop/VCL318/Swin-ViT/ViTUnet vs SwinUnet/Dataset/processed/Kvasir-SEG/images/cju2nbdpmlmcj0993s1cht0dz.jpg,/Users/brian/Desktop/VCL318/Swin-ViT/ViTUnet vs SwinUnet/Dataset/processed/Kvasir-SEG/masks/cju2nbdpmlmcj0993s1cht0dz.png,584,530,0.253961,True,1
cju2nd7l7z98o0799gfjvyfmw.jpg,cju2nd7l7z98o0799gfjvyfmw,train,/Users/brian/Desktop/VCL318/Swin-ViT/ViTUnet vs SwinUnet/Dataset/processed/Kvasir-SEG/images/cju2nd7l7z98o0799gfjvyfmw.jpg,/Users/brian/Desktop/VCL318/Swin-ViT/ViTUnet vs SwinUnet/Dataset/processed/Kvasir-SEG/masks/cju2nd7l7z98o0799gfjvyfmw.png,1348,1070,0.185513,True,1
cju2nfnvxzdkd0878399axlco.jpg,cju2nfnvxzdkd0878399axlco,train,/Users/brian/Desktop/VCL318/Swin-ViT/ViTUnet vs SwinUnet/Dataset/processed/Kvasir-SEG/images/cju2nfnvxzdkd0878399axlco.jpg,/Users/brian/Desktop/VCL318/Swin-ViT/ViTUnet vs SwinUnet/Dataset/processed/Kvasir-SEG/masks/cju2nfnvxzdkd0878399axlco.png,598,546,0.121188,True,1
cju2nguelpmlj0835rojdn097.jpg,cju2nguelpmlj0835rojdn097,train,/Users/brian/Desktop/VCL318/Swin-ViT/ViTUnet vs SwinUnet/Dataset/processed/Kvasir-SEG/images/cju2nguelpmlj0835rojdn097.jpg,/Users/brian/Desktop/VCL318/Swin-ViT/ViTUnet vs SwinUnet/Dataset/processed/Kvasir-SEG/masks/cju2nguelpmlj0835rojdn097.png,591,529,0.166029,True,1
cju2nnqrqzp580855z8mhzgd6.jpg,cju2nnqrqzp580855z8mhzgd6,train,/Users/brian/Desktop/VCL318/Swin-ViT/ViTUnet vs SwinUnet/Dataset/processed/Kvasir-SEG/images/cju2nnqrqzp580855z8mhzgd6.jpg,/Users/brian/Desktop/VCL318/Swin-ViT/ViTUnet vs SwinUnet/Dataset/processed/Kvasir-SEG/masks/cju2nnqrqzp580855z8mhzgd6.png,569,518,0.577464,True,1
cju2np2k9zi3v079992ypxqkn.jpg,cju2np2k9zi3v079992ypxqkn,train,/Users/brian/Desktop/VCL318/Swin-ViT/ViTUnet vs SwinUnet/Dataset/processed/Kvasir-SEG/images/cju2np2k9zi3v079992ypxqkn.jpg,/Users/brian/Desktop/VCL318/Swin-ViT/ViTUnet vs SwinUnet/Dataset/processed/Kvasir-SEG/masks/cju2np2k9zi3v079992ypxqkn.png,603,531,0.100539,True,1
cju2nqapmzvk20801f9us40dx.jpg,cju2nqapmzvk20801f9us40dx,train,/Users/brian/Desktop/VCL318/Swin-ViT/ViTUnet vs SwinUnet/Dataset/processed/Kvasir-SEG/images/cju2nqapmzvk20801f9us40dx.jpg,/Users/brian/Desktop/VCL318/Swin-ViT/ViTUnet vs SwinUnet/Dataset/processed/Kvasir-SEG/masks/cju2nqapmzvk20801f9us40dx.png,626,547,0.132445,True,2
cju2nsmwjlzyl0993jl80chvz.jpg,cju2nsmwjlzyl0993jl80chvz,train,/Users/brian/Desktop/VCL318/Swin-ViT/ViTUnet vs SwinUnet/Dataset/processed/Kvasir-SEG/images/cju2nsmwjlzyl0993jl80chvz.jpg,/Users/brian/Desktop/VCL318/Swin-ViT/ViTUnet vs SwinUnet/Dataset/processed/Kvasir-SEG/masks/cju2nsmwjlzyl0993jl80chvz.png,625,547,0.047991,True,1
cju2ntxtdzlvu0799xl3j9pan.jpg,cju2ntxtdzlvu0799xl3j9pan,train,/Users/brian/Desktop/VCL318/Swin-ViT/ViTUnet vs SwinUnet/Dataset/processed/Kvasir-SEG/images/cju2ntxtdzlvu0799xl3j9pan.jpg,/Users/brian/Desktop/VCL318/Swin-ViT/ViTUnet vs SwinUnet/Dataset/processed/Kvasir-SEG/masks/cju2ntxtdzlvu0799xl3j9pan.png,626,547,0.026911,True,1
cju2nyc5f02m40801ojqbtiea.jpg,cju2nyc5f02m40801ojqbtiea,train,/Users/brian/Desktop/VCL318/Swin-ViT/ViTUnet vs SwinUnet/Dataset/processed/Kvasir-SEG/images/cju2nyc5f02m40801ojqbtiea.jpg,/Users/brian/Desktop/VCL318/Swin-ViT/ViTUnet vs SwinUnet/Dataset/processed/Kvasir-SEG/masks/cju2nyc5f02m40801ojqbtiea.png,622,531,0.097265,True,1
cju2oi8sq0i2y0801mektzvw8.jpg,cju2oi8sq0i2y0801mektzvw8,train,/Users/brian/Desktop/VCL318/Swin-ViT/ViTUnet vs SwinUnet/Dataset/processed/Kvasir-SEG/images/cju2oi8sq0i2y0801mektzvw8.jpg,/Users/brian/Desktop/VCL318/Swin-ViT/ViTUnet vs SwinUnet/Dataset/processed/Kvasir-SEG/masks/cju2oi8sq0i2y0801mektzvw8.png,1348,1070,0.763373,True,1
cju2omjpeqj5a0988pjdlb8l1.jpg,cju2omjpeqj5a0988pjdlb8l1,train,/Users/brian/Desktop/VCL318/Swin-ViT/ViTUnet vs SwinUnet/Dataset/processed/Kvasir-SEG/images/cju2omjpeqj5a0988pjdlb8l1.jpg,/Users/brian/Desktop/VCL318/Swin-ViT/ViTUnet vs SwinUnet/Dataset/processed/Kvasir-SEG/masks/cju2omjpeqj5a0988pjdlb8l1.png,566,530,0.261991,True,1
cju2oo0wh0bqy0878biujeyhe.jpg,cju2oo0wh0bqy0878biujeyhe,train,/Users/brian/Desktop/VCL318/Swin-ViT/ViTUnet vs SwinUnet/Dataset/processed/Kvasir-SEG/images/cju2oo0wh0bqy0878biujeyhe.jpg,/Users/brian/Desktop/VCL318/Swin-ViT/ViTUnet vs SwinUnet/Dataset/processed/Kvasir-SEG/masks/cju2oo0wh0bqy0878biujeyhe.png,621,530,0.082311,True,1
cju2osuru0ki00855txo0n3uu.jpg,cju2osuru0ki00855txo0n3uu,train,/Users/brian/Desktop/VCL318/Swin-ViT/ViTUnet vs SwinUnet/Dataset/processed/Kvasir-SEG/images/cju2osuru0ki00855txo0n3uu.jpg,/Users/brian/Desktop/VCL318/Swin-ViT/ViTUnet vs SwinUnet/Dataset/processed/Kvasir-SEG/masks/cju2osuru0ki00855txo0n3uu.png,594,528,0.175904,True,1
cju2otvvv0l7z0855x7we8cb0.jpg,cju2otvvv0l7z0855x7we8cb0,train,/Users/brian/Desktop/VCL318/Swin-ViT/ViTUnet vs SwinUnet/Dataset/processed/Kvasir-SEG/images/cju2otvvv0l7z0855x7we8cb0.jpg,/Users/brian/Desktop/VCL318/Swin-ViT/ViTUnet vs SwinUnet/Dataset/processed/Kvasir-SEG/masks/cju2otvvv0l7z0855x7we8cb0.png,571,531,0.073074,True,1
cju2ouil2mssu0993hvxsed6d.jpg,cju2ouil2mssu0993hvxsed6d,train,/Users/brian/Desktop/VCL318/Swin-ViT/ViTUnet vs SwinUnet/Dataset/processed/Kvasir-SEG/images/cju2ouil2mssu0993hvxsed6d.jpg,/Users/brian/Desktop/VCL318/Swin-ViT/ViTUnet vs SwinUnet/Dataset/processed/Kvasir-SEG/masks/cju2ouil2mssu0993hvxsed6d.png,605,511,0.030224,True,1
cju2p0eveqtdc0835gpi3p93i.jpg,cju2p0eveqtdc0835gpi3p93i,train,/Users/brian/Desktop/VCL318/Swin-ViT/ViTUnet vs SwinUnet/Dataset/processed/Kvasir-SEG/images/cju2p0eveqtdc0835gpi3p93i.jpg,/Users/brian/Desktop/VCL318/Swin-ViT/ViTUnet vs SwinUnet/Dataset/processed/Kvasir-SEG/masks/cju2p0eveqtdc0835gpi3p93i.png,622,528,0.110424,True,1
cju2p4ddkmzxj0993p94o62av.jpg,cju2p4ddkmzxj0993p94o62av,train,/Users/brian/Desktop/VCL318/Swin-ViT/ViTUnet vs SwinUnet/Dataset/processed/Kvasir-SEG/images/cju2p4ddkmzxj0993p94o62av.jpg,/Users/brian/Desktop/VCL318/Swin-ViT/ViTUnet vs SwinUnet/Dataset/processed/Kvasir-SEG/masks/cju2p4ddkmzxj0993p94o62av.png,592,529,0.084702,True,1
cju2p91qir00k08350ddfif0w.jpg,cju2p91qir00k08350ddfif0w,train,/Users/brian/Desktop/VCL318/Swin-ViT/ViTUnet vs SwinUnet/Dataset/processed/Kvasir-SEG/images/cju2p91qir00k08350ddfif0w.jpg,/Users/brian/Desktop/VCL318/Swin-ViT/ViTUnet vs SwinUnet/Dataset/processed/Kvasir-SEG/masks/cju2p91qir00k08350ddfif0w.png,1348,1070,0.050933,True,1
cju2phaksnahz0993yxogjcpv.jpg,cju2phaksnahz0993yxogjcpv,train,/Users/brian/Desktop/VCL318/Swin-ViT/ViTUnet vs SwinUnet/Dataset/processed/Kvasir-SEG/images/cju2phaksnahz0993yxogjcpv.jpg,/Users/brian/Desktop/VCL318/Swin-ViT/ViTUnet vs SwinUnet/Dataset/processed/Kvasir-SEG/masks/cju2phaksnahz0993yxogjcpv.png,622,528,0.047696,True,1
cju2pjb9v0ywn0878j5g5n69j.jpg,cju2pjb9v0ywn0878j5g5n69j,train,/Users/brian/Desktop/VCL318/Swin-ViT/ViTUnet vs SwinUnet/Dataset/processed/Kvasir-SEG/images/cju2pjb9v0ywn0878j5g5n69j.jpg,/Users/brian/Desktop/VCL318/Swin-ViT/ViTUnet vs SwinUnet/Dataset/processed/Kvasir-SEG/masks/cju2pjb9v0ywn0878j5g5n69j.png,622,529,0.089601,True,1
cju2pkwt3r8b90988v2ywq1px.jpg,cju2pkwt3r8b90988v2ywq1px,train,/Users/brian/Desktop/VCL318/Swin-ViT/ViTUnet vs SwinUnet/Dataset/processed/Kvasir-SEG/images/cju2pkwt3r8b90988v2ywq1px.jpg,/Users/brian/Desktop/VCL318/Swin-ViT/ViTUnet vs SwinUnet/Dataset/processed/Kvasir-SEG/masks/cju2pkwt3r8b90988v2ywq1px.png,622,530,0.064994,True,1
cju2pmhtr17a00855cvpelzb0.jpg,cju2pmhtr17a00855cvpelzb0,train,/Users/brian/Desktop/VCL318/Swin-ViT/ViTUnet vs SwinUnet/Dataset/processed/Kvasir-SEG/images/cju2pmhtr17a00855cvpelzb0.jpg,/Users/brian/Desktop/VCL318/Swin-ViT/ViTUnet vs SwinUnet/Dataset/processed/Kvasir-SEG/masks/cju2pmhtr17a00855cvpelzb0.png,622,530,0.101665,True,1
cju2qfie4rvz508357kad9z5o.jpg,cju2qfie4rvz508357kad9z5o,train,/Users/brian/Desktop/VCL318/Swin-ViT/ViTUnet vs SwinUnet/Dataset/processed/Kvasir-SEG/images/cju2qfie4rvz508357kad9z5o.jpg,/Users/brian/Desktop/VCL318/Swin-ViT/ViTUnet vs SwinUnet/Dataset/processed/Kvasir-SEG/masks/cju2qfie4rvz508357kad9z5o.png,622,529,0.103094,True,1
cju2qh5le1ock0878oahaql7d.jpg,cju2qh5le1ock0878oahaql7d,train,/Users/brian/Desktop/VCL318/Swin-ViT/ViTUnet vs SwinUnet/Dataset/processed/Kvasir-SEG/images/cju2qh5le1ock0878oahaql7d.jpg,/Users/brian/Desktop/VCL318/Swin-ViT/ViTUnet vs SwinUnet/Dataset/processed/Kvasir-SEG/masks/cju2qh5le1ock0878oahaql7d.png,622,530,0.141734,True,1
cju2qn2fzs1vy0988l243cvzy.jpg,cju2qn2fzs1vy0988l243cvzy,train,/Users/brian/Desktop/VCL318/Swin-ViT/ViTUnet vs SwinUnet/Dataset/processed/Kvasir-SEG/images/cju2qn2fzs1vy0988l243cvzy.jpg,/Users/brian/Desktop/VCL318/Swin-ViT/ViTUnet vs SwinUnet/Dataset/processed/Kvasir-SEG/masks/cju2qn2fzs1vy0988l243cvzy.png,597,547,0.207016,True,1
cju2qozsk20cq0855ugrg3cri.jpg,cju2qozsk20cq0855ugrg3cri,train,/Users/brian/Desktop/VCL318/Swin-ViT/ViTUnet vs SwinUnet/Dataset/processed/Kvasir-SEG/images/cju2qozsk20cq0855ugrg3cri.jpg,/Users/brian/Desktop/VCL318/Swin-ViT/ViTUnet vs SwinUnet/Dataset/processed/Kvasir-SEG/masks/cju2qozsk20cq0855ugrg3cri.png,626,546,0.105188,True,1
cju2qvuj1s9ok0835tp2k4ozh.jpg,cju2qvuj1s9ok0835tp2k4ozh,train,/Users/brian/Desktop/VCL318/Swin-ViT/ViTUnet vs SwinUnet/Dataset/processed/Kvasir-SEG/images/cju2qvuj1s9ok0835tp2k4ozh.jpg,/Users/brian/Desktop/VCL318/Swin-ViT/ViTUnet vs SwinUnet/Dataset/processed/Kvasir-SEG/masks/cju2qvuj1s9ok0835tp2k4ozh.png,605,531,0.310507,True,1
cju2qxxko229x08786gvxxhur.jpg,cju2qxxko229x08786gvxxhur,train,/Users/brian/Desktop/VCL318/Swin-ViT/ViTUnet vs SwinUnet/Dataset/processed/Kvasir-SEG/images/cju2qxxko229x08786gvxxhur.jpg,/Users/brian/Desktop/VCL318/Swin-ViT/ViTUnet vs SwinUnet/Dataset/processed/Kvasir-SEG/masks/cju2qxxko229x08786gvxxhur.png,484,530,0.360658,True,1
cju2qz06823a40878ojcz9ccx.jpg,cju2qz06823a40878ojcz9ccx,train,/Users/brian/Desktop/VCL318/Swin-ViT/ViTUnet vs SwinUnet/Dataset/processed/Kvasir-SEG/images/cju2qz06823a40878ojcz9ccx.jpg,/Users/brian/Desktop/VCL318/Swin-ViT/ViTUnet vs SwinUnet/Dataset/processed/Kvasir-SEG/masks/cju2qz06823a40878ojcz9ccx.png,603,530,0.107441,True,1
cju2r11x7sdgx0988o8ule0wl.jpg,cju2r11x7sdgx0988o8ule0wl,train,/Users/brian/Desktop/VCL318/Swin-ViT/ViTUnet vs SwinUnet/Dataset/processed/Kvasir-SEG/images/cju2r11x7sdgx0988o8ule0wl.jpg,/Users/brian/Desktop/VCL318/Swin-ViT/ViTUnet vs SwinUnet/Dataset/processed/Kvasir-SEG/masks/cju2r11x7sdgx0988o8ule0wl.png,622,528,0.13883,True,1
cju2r6mt2om21099352pny5gw.jpg,cju2r6mt2om21099352pny5gw,train,/Users/brian/Desktop/VCL318/Swin-ViT/ViTUnet vs SwinUnet/Dataset/processed/Kvasir-SEG/images/cju2r6mt2om21099352pny5gw.jpg,/Users/brian/Desktop/VCL318/Swin-ViT/ViTUnet vs SwinUnet/Dataset/processed/Kvasir-SEG/masks/cju2r6mt2om21099352pny5gw.png,608,528,0.304927,True,1
cju2r7h21sj9608354gzks3ae.jpg,cju2r7h21sj9608354gzks3ae,train,/Users/brian/Desktop/VCL318/Swin-ViT/ViTUnet vs SwinUnet/Dataset/processed/Kvasir-SEG/images/cju2r7h21sj9608354gzks3ae.jpg,/Users/brian/Desktop/VCL318/Swin-ViT/ViTUnet vs SwinUnet/Dataset/processed/Kvasir-SEG/masks/cju2r7h21sj9608354gzks3ae.png,614,530,0.033154,True,1
cju2r91dg2k090801bh0xzbxk.jpg,cju2r91dg2k090801bh0xzbxk,train,/Users/brian/Desktop/VCL318/Swin-ViT/ViTUnet vs SwinUnet/Dataset/processed/Kvasir-SEG/images/cju2r91dg2k090801bh0xzbxk.jpg,/Users/brian/Desktop/VCL318/Swin-ViT/ViTUnet vs SwinUnet/Dataset/processed/Kvasir-SEG/masks/cju2r91dg2k090801bh0xzbxk.png,1348,1070,0.046886,True,1
cju2raxlosl630988jdbfy9b0.jpg,cju2raxlosl630988jdbfy9b0,train,/Users/brian/Desktop/VCL318/Swin-ViT/ViTUnet vs SwinUnet/Dataset/processed/Kvasir-SEG/images/cju2raxlosl630988jdbfy9b0.jpg,/Users/brian/Desktop/VCL318/Swin-ViT/ViTUnet vs SwinUnet/Dataset/processed/Kvasir-SEG/masks/cju2raxlosl630988jdbfy9b0.png,557,528,0.328651,True,1
cju2rga4psq9n09881z519xx0.jpg,cju2rga4psq9n09881z519xx0,train,/Users/brian/Desktop/VCL318/Swin-ViT/ViTUnet vs SwinUnet/Dataset/processed/Kvasir-SEG/images/cju2rga4psq9n09881z519xx0.jpg,/Users/brian/Desktop/VCL318/Swin-ViT/ViTUnet vs SwinUnet/Dataset/processed/Kvasir-SEG/masks/cju2rga4psq9n09881z519xx0.png,622,529,0.054747,True,1
cju2ricdv2iys0878sv1adh0u.jpg,cju2ricdv2iys0878sv1adh0u,train,/Users/brian/Desktop/VCL318/Swin-ViT/ViTUnet vs SwinUnet/Dataset/processed/Kvasir-SEG/images/cju2ricdv2iys0878sv1adh0u.jpg,/Users/brian/Desktop/VCL318/Swin-ViT/ViTUnet vs SwinUnet/Dataset/processed/Kvasir-SEG/masks/cju2ricdv2iys0878sv1adh0u.png,616,530,0.744949,True,1
cju2rkjfwoxys0993x768l1j2.jpg,cju2rkjfwoxys0993x768l1j2,train,/Users/brian/Desktop/VCL318/Swin-ViT/ViTUnet vs SwinUnet/Dataset/processed/Kvasir-SEG/images/cju2rkjfwoxys0993x768l1j2.jpg,/Users/brian/Desktop/VCL318/Swin-ViT/ViTUnet vs SwinUnet/Dataset/processed/Kvasir-SEG/masks/cju2rkjfwoxys0993x768l1j2.png,597,401,0.277401,True,1
cju2rlqdnoz9k0993cpjae3x0.jpg,cju2rlqdnoz9k0993cpjae3x0,train,/Users/brian/Desktop/VCL318/Swin-ViT/ViTUnet vs SwinUnet/Dataset/processed/Kvasir-SEG/images/cju2rlqdnoz9k0993cpjae3x0.jpg,/Users/brian/Desktop/VCL318/Swin-ViT/ViTUnet vs SwinUnet/Dataset/processed/Kvasir-SEG/masks/cju2rlqdnoz9k0993cpjae3x0.png,592,531,0.174702,True,1
cju2rmd2rsw9g09888hh1efu0.jpg,cju2rmd2rsw9g09888hh1efu0,train,/Users/brian/Desktop/VCL318/Swin-ViT/ViTUnet vs SwinUnet/Dataset/processed/Kvasir-SEG/images/cju2rmd2rsw9g09888hh1efu0.jpg,/Users/brian/Desktop/VCL318/Swin-ViT/ViTUnet vs SwinUnet/Dataset/processed/Kvasir-SEG/masks/cju2rmd2rsw9g09888hh1efu0.png,570,531,0.006912,True,1
cju2rn0hasxri0835nfy3buay.jpg,cju2rn0hasxri0835nfy3buay,train,/Users/brian/Desktop/VCL318/Swin-ViT/ViTUnet vs SwinUnet/Dataset/processed/Kvasir-SEG/images/cju2rn0hasxri0835nfy3buay.jpg,/Users/brian/Desktop/VCL318/Swin-ViT/ViTUnet vs SwinUnet/Dataset/processed/Kvasir-SEG/masks/cju2rn0hasxri0835nfy3buay.png,622,531,0.033305,True,1
cju2rnkt22xep0801as160g9t.jpg,cju2rnkt22xep0801as160g9t,train,/Users/brian/Desktop/VCL318/Swin-ViT/ViTUnet vs SwinUnet/Dataset/processed/Kvasir-SEG/images/cju2rnkt22xep0801as160g9t.jpg,/Users/brian/Desktop/VCL318/Swin-ViT/ViTUnet vs SwinUnet/Dataset/processed/Kvasir-SEG/masks/cju2rnkt22xep0801as160g9t.png,558,454,0.030841,True,2
cju2ro5jqsy680988pi6qsujw.jpg,cju2ro5jqsy680988pi6qsujw,train,/Users/brian/Desktop/VCL318/Swin-ViT/ViTUnet vs SwinUnet/Dataset/processed/Kvasir-SEG/images/cju2ro5jqsy680988pi6qsujw.jpg,/Users/brian/Desktop/VCL318/Swin-ViT/ViTUnet vs SwinUnet/Dataset/processed/Kvasir-SEG/masks/cju2ro5jqsy680988pi6qsujw.png,622,531,0.216527,True,1
cju2rpa30t07b0835im0erql0.jpg,cju2rpa30t07b0835im0erql0,train,/Users/brian/Desktop/VCL318/Swin-ViT/ViTUnet vs SwinUnet/Dataset/processed/Kvasir-SEG/images/cju2rpa30t07b0835im0erql0.jpg,/Users/brian/Desktop/VCL318/Swin-ViT/ViTUnet vs SwinUnet/Dataset/processed/Kvasir-SEG/masks/cju2rpa30t07b0835im0erql0.png,621,529,0.100241,True,1
cju2rqo702wpx0855fn7d5cxh.jpg,cju2rqo702wpx0855fn7d5cxh,train,/Users/brian/Desktop/VCL318/Swin-ViT/ViTUnet vs SwinUnet/Dataset/processed/Kvasir-SEG/images/cju2rqo702wpx0855fn7d5cxh.jpg,/Users/brian/Desktop/VCL318/Swin-ViT/ViTUnet vs SwinUnet/Dataset/processed/Kvasir-SEG/masks/cju2rqo702wpx0855fn7d5cxh.png,621,529,0.02908,True,1
cju2rxm8rpbaf0993o3qr2oph.jpg,cju2rxm8rpbaf0993o3qr2oph,train,/Users/brian/Desktop/VCL318/Swin-ViT/ViTUnet vs SwinUnet/Dataset/processed/Kvasir-SEG/images/cju2rxm8rpbaf0993o3qr2oph.jpg,/Users/brian/Desktop/VCL318/Swin-ViT/ViTUnet vs SwinUnet/Dataset/processed/Kvasir-SEG/masks/cju2rxm8rpbaf0993o3qr2oph.png,571,531,0.044419,True,1
cju2rz4k434s70855wwx3ddtx.jpg,cju2rz4k434s70855wwx3ddtx,train,/Users/brian/Desktop/VCL318/Swin-ViT/ViTUnet vs SwinUnet/Dataset/processed/Kvasir-SEG/images/cju2rz4k434s70855wwx3ddtx.jpg,/Users/brian/Desktop/VCL318/Swin-ViT/ViTUnet vs SwinUnet/Dataset/processed/Kvasir-SEG/masks/cju2rz4k434s70855wwx3ddtx.png,612,530,0.151394,True,2
cju2s16zp317h0799gr67jqc2.jpg,cju2s16zp317h0799gr67jqc2,train,/Users/brian/Desktop/VCL318/Swin-ViT/ViTUnet vs SwinUnet/Dataset/processed/Kvasir-SEG/images/cju2s16zp317h0799gr67jqc2.jpg,/Users/brian/Desktop/VCL318/Swin-ViT/ViTUnet vs SwinUnet/Dataset/processed/Kvasir-SEG/masks/cju2s16zp317h0799gr67jqc2.png,622,531,0.284872,True,1
cju2s2527pfyr0993l3h1149a.jpg,cju2s2527pfyr0993l3h1149a,train,/Users/brian/Desktop/VCL318/Swin-ViT/ViTUnet vs SwinUnet/Dataset/processed/Kvasir-SEG/images/cju2s2527pfyr0993l3h1149a.jpg,/Users/brian/Desktop/VCL318/Swin-ViT/ViTUnet vs SwinUnet/Dataset/processed/Kvasir-SEG/masks/cju2s2527pfyr0993l3h1149a.png,622,529,0.027991,True,1
cju2s9g11pnra0993gn4eh793.jpg,cju2s9g11pnra0993gn4eh793,train,/Users/brian/Desktop/VCL318/Swin-ViT/ViTUnet vs SwinUnet/Dataset/processed/Kvasir-SEG/images/cju2s9g11pnra0993gn4eh793.jpg,/Users/brian/Desktop/VCL318/Swin-ViT/ViTUnet vs SwinUnet/Dataset/processed/Kvasir-SEG/masks/cju2s9g11pnra0993gn4eh793.png,622,530,0.473797,True,1
cju2saez63gxl08559ucjq3kt.jpg,cju2saez63gxl08559ucjq3kt,train,/Users/brian/Desktop/VCL318/Swin-ViT/ViTUnet vs SwinUnet/Dataset/processed/Kvasir-SEG/images/cju2saez63gxl08559ucjq3kt.jpg,/Users/brian/Desktop/VCL318/Swin-ViT/ViTUnet vs SwinUnet/Dataset/processed/Kvasir-SEG/masks/cju2saez63gxl08559ucjq3kt.png,557,530,0.132909,True,1
cju2sevf53lkx08558h5bpaig.jpg,cju2sevf53lkx08558h5bpaig,train,/Users/brian/Desktop/VCL318/Swin-ViT/ViTUnet vs SwinUnet/Dataset/processed/Kvasir-SEG/images/cju2sevf53lkx08558h5bpaig.jpg,/Users/brian/Desktop/VCL318/Swin-ViT/ViTUnet vs SwinUnet/Dataset/processed/Kvasir-SEG/masks/cju2sevf53lkx08558h5bpaig.png,626,547,0.234243,True,1
cju2sggy13na70855tbeoqgha.jpg,cju2sggy13na70855tbeoqgha,train,/Users/brian/Desktop/VCL318/Swin-ViT/ViTUnet vs SwinUnet/Dataset/processed/Kvasir-SEG/images/cju2sggy13na70855tbeoqgha.jpg,/Users/brian/Desktop/VCL318/Swin-ViT/ViTUnet vs SwinUnet/Dataset/processed/Kvasir-SEG/masks/cju2sggy13na70855tbeoqgha.png,559,530,0.252945,True,1
cju2spdagu1l50835da1f46fr.jpg,cju2spdagu1l50835da1f46fr,train,/Users/brian/Desktop/VCL318/Swin-ViT/ViTUnet vs SwinUnet/Dataset/processed/Kvasir-SEG/images/cju2spdagu1l50835da1f46fr.jpg,/Users/brian/Desktop/VCL318/Swin-ViT/ViTUnet vs SwinUnet/Dataset/processed/Kvasir-SEG/masks/cju2spdagu1l50835da1f46fr.png,465,525,0.043236,True,1
cju2srvy5440s0801y1ba9akr.jpg,cju2srvy5440s0801y1ba9akr,train,/Users/brian/Desktop/VCL318/Swin-ViT/ViTUnet vs SwinUnet/Dataset/processed/Kvasir-SEG/images/cju2srvy5440s0801y1ba9akr.jpg,/Users/brian/Desktop/VCL318/Swin-ViT/ViTUnet vs SwinUnet/Dataset/processed/Kvasir-SEG/masks/cju2srvy5440s0801y1ba9akr.png,622,528,0.317518,True,1
cju2suk42469908015ngmq6f2.jpg,cju2suk42469908015ngmq6f2,train,/Users/brian/Desktop/VCL318/Swin-ViT/ViTUnet vs SwinUnet/Dataset/processed/Kvasir-SEG/images/cju2suk42469908015ngmq6f2.jpg,/Users/brian/Desktop/VCL318/Swin-ViT/ViTUnet vs SwinUnet/Dataset/processed/Kvasir-SEG/masks/cju2suk42469908015ngmq6f2.png,609,528,0.094262,True,1
cju2sxf3iqbpv09937iksn8ep.jpg,cju2sxf3iqbpv09937iksn8ep,train,/Users/brian/Desktop/VCL318/Swin-ViT/ViTUnet vs SwinUnet/Dataset/processed/Kvasir-SEG/images/cju2sxf3iqbpv09937iksn8ep.jpg,/Users/brian/Desktop/VCL318/Swin-ViT/ViTUnet vs SwinUnet/Dataset/processed/Kvasir-SEG/masks/cju2sxf3iqbpv09937iksn8ep.png,622,529,0.175262,True,1
cju2syxa93yw40799x2iuwabz.jpg,cju2syxa93yw40799x2iuwabz,train,/Users/brian/Desktop/VCL318/Swin-ViT/ViTUnet vs SwinUnet/Dataset/processed/Kvasir-SEG/images/cju2syxa93yw40799x2iuwabz.jpg,/Users/brian/Desktop/VCL318/Swin-ViT/ViTUnet vs SwinUnet/Dataset/processed/Kvasir-SEG/masks/cju2syxa93yw40799x2iuwabz.png,602,474,0.021395,True,1
cju2t16vuucaq0835xcpsivn2.jpg,cju2t16vuucaq0835xcpsivn2,train,/Users/brian/Desktop/VCL318/Swin-ViT/ViTUnet vs SwinUnet/Dataset/processed/Kvasir-SEG/images/cju2t16vuucaq0835xcpsivn2.jpg,/Users/brian/Desktop/VCL318/Swin-ViT/ViTUnet vs SwinUnet/Dataset/processed/Kvasir-SEG/masks/cju2t16vuucaq0835xcpsivn2.png,622,531,0.066392,True,1
cju2t2ivz43i10878zeg8r1br.jpg,cju2t2ivz43i10878zeg8r1br,train,/Users/brian/Desktop/VCL318/Swin-ViT/ViTUnet vs SwinUnet/Dataset/processed/Kvasir-SEG/images/cju2t2ivz43i10878zeg8r1br.jpg,/Users/brian/Desktop/VCL318/Swin-ViT/ViTUnet vs SwinUnet/Dataset/processed/Kvasir-SEG/masks/cju2t2ivz43i10878zeg8r1br.png,607,528,0.035707,True,1
cju2t62nq45jl0799odpufwx6.jpg,cju2t62nq45jl0799odpufwx6,train,/Users/brian/Desktop/VCL318/Swin-ViT/ViTUnet vs SwinUnet/Dataset/processed/Kvasir-SEG/images/cju2t62nq45jl0799odpufwx6.jpg,/Users/brian/Desktop/VCL318/Swin-ViT/ViTUnet vs SwinUnet/Dataset/processed/Kvasir-SEG/masks/cju2t62nq45jl0799odpufwx6.png,622,528,0.199957,True,1
cju2t9tdwuk700835kv0ljmtl.jpg,cju2t9tdwuk700835kv0ljmtl,train,/Users/brian/Desktop/VCL318/Swin-ViT/ViTUnet vs SwinUnet/Dataset/processed/Kvasir-SEG/images/cju2t9tdwuk700835kv0ljmtl.jpg,/Users/brian/Desktop/VCL318/Swin-ViT/ViTUnet vs SwinUnet/Dataset/processed/Kvasir-SEG/masks/cju2t9tdwuk700835kv0ljmtl.png,605,473,0.162955,True,1
cju2ti1du4idn0878giuozonw.jpg,cju2ti1du4idn0878giuozonw,train,/Users/brian/Desktop/VCL318/Swin-ViT/ViTUnet vs SwinUnet/Dataset/processed/Kvasir-SEG/images/cju2ti1du4idn0878giuozonw.jpg,/Users/brian/Desktop/VCL318/Swin-ViT/ViTUnet vs SwinUnet/Dataset/processed/Kvasir-SEG/masks/cju2ti1du4idn0878giuozonw.png,571,530,0.106847,True,1
cju2tjrog4jy30878pawyazqc.jpg,cju2tjrog4jy30878pawyazqc,train,/Users/brian/Desktop/VCL318/Swin-ViT/ViTUnet vs SwinUnet/Dataset/processed/Kvasir-SEG/images/cju2tjrog4jy30878pawyazqc.jpg,/Users/brian/Desktop/VCL318/Swin-ViT/ViTUnet vs SwinUnet/Dataset/processed/Kvasir-SEG/masks/cju2tjrog4jy30878pawyazqc.png,622,530,0.1174,True,1
cju2top2ruxxy0988p1svx36g.jpg,cju2top2ruxxy0988p1svx36g,train,/Users/brian/Desktop/VCL318/Swin-ViT/ViTUnet vs SwinUnet/Dataset/processed/Kvasir-SEG/images/cju2top2ruxxy0988p1svx36g.jpg,/Users/brian/Desktop/VCL318/Swin-ViT/ViTUnet vs SwinUnet/Dataset/processed/Kvasir-SEG/masks/cju2top2ruxxy0988p1svx36g.png,570,530,0.202913,True,1
cju2tpfa5uyx408359datxqqj.jpg,cju2tpfa5uyx408359datxqqj,train,/Users/brian/Desktop/VCL318/Swin-ViT/ViTUnet vs SwinUnet/Dataset/processed/Kvasir-SEG/images/cju2tpfa5uyx408359datxqqj.jpg,/Users/brian/Desktop/VCL318/Swin-ViT/ViTUnet vs SwinUnet/Dataset/processed/Kvasir-SEG/masks/cju2tpfa5uyx408359datxqqj.png,622,528,0.101551,True,1
cju2tqfgw4oat0799rn0g5b2z.jpg,cju2tqfgw4oat0799rn0g5b2z,train,/Users/brian/Desktop/VCL318/Swin-ViT/ViTUnet vs SwinUnet/Dataset/processed/Kvasir-SEG/images/cju2tqfgw4oat0799rn0g5b2z.jpg,/Users/brian/Desktop/VCL318/Swin-ViT/ViTUnet vs SwinUnet/Dataset/processed/Kvasir-SEG/masks/cju2tqfgw4oat0799rn0g5b2z.png,614,529,0.122079,True,1
cju2trbpkv0c00988hxla5dzz.jpg,cju2trbpkv0c00988hxla5dzz,train,/Users/brian/Desktop/VCL318/Swin-ViT/ViTUnet vs SwinUnet/Dataset/processed/Kvasir-SEG/images/cju2trbpkv0c00988hxla5dzz.jpg,/Users/brian/Desktop/VCL318/Swin-ViT/ViTUnet vs SwinUnet/Dataset/processed/Kvasir-SEG/masks/cju2trbpkv0c00988hxla5dzz.png,610,531,0.177725,True,1
cju2trtjf4qjd0878a2zle9v9.jpg,cju2trtjf4qjd0878a2zle9v9,train,/Users/brian/Desktop/VCL318/Swin-ViT/ViTUnet vs SwinUnet/Dataset/processed/Kvasir-SEG/images/cju2trtjf4qjd0878a2zle9v9.jpg,/Users/brian/Desktop/VCL318/Swin-ViT/ViTUnet vs SwinUnet/Dataset/processed/Kvasir-SEG/masks/cju2trtjf4qjd0878a2zle9v9.png,598,528,0.028776,True,1
cju2tvrvm53ws0801a0jfjdxg.jpg,cju2tvrvm53ws0801a0jfjdxg,train,/Users/brian/Desktop/VCL318/Swin-ViT/ViTUnet vs SwinUnet/Dataset/processed/Kvasir-SEG/images/cju2tvrvm53ws0801a0jfjdxg.jpg,/Users/brian/Desktop/VCL318/Swin-ViT/ViTUnet vs SwinUnet/Dataset/processed/Kvasir-SEG/masks/cju2tvrvm53ws0801a0jfjdxg.png,568,531,0.132447,True,1
cju2txjfzv60w098839dcimys.jpg,cju2txjfzv60w098839dcimys,train,/Users/brian/Desktop/VCL318/Swin-ViT/ViTUnet vs SwinUnet/Dataset/processed/Kvasir-SEG/images/cju2txjfzv60w098839dcimys.jpg,/Users/brian/Desktop/VCL318/Swin-ViT/ViTUnet vs SwinUnet/Dataset/processed/Kvasir-SEG/masks/cju2txjfzv60w098839dcimys.png,551,430,0.088106,True,1
cju2tzypl4wss0799ow05oxb9.jpg,cju2tzypl4wss0799ow05oxb9,train,/Users/brian/Desktop/VCL318/Swin-ViT/ViTUnet vs SwinUnet/Dataset/processed/Kvasir-SEG/images/cju2tzypl4wss0799ow05oxb9.jpg,/Users/brian/Desktop/VCL318/Swin-ViT/ViTUnet vs SwinUnet/Dataset/processed/Kvasir-SEG/masks/cju2tzypl4wss0799ow05oxb9.png,622,531,0.272579,True,1
cju2u2b9o4zvp08788qb9nqxj.jpg,cju2u2b9o4zvp08788qb9nqxj,train,/Users/brian/Desktop/VCL318/Swin-ViT/ViTUnet vs SwinUnet/Dataset/processed/Kvasir-SEG/images/cju2u2b9o4zvp08788qb9nqxj.jpg,/Users/brian/Desktop/VCL318/Swin-ViT/ViTUnet vs SwinUnet/Dataset/processed/Kvasir-SEG/masks/cju2u2b9o4zvp08788qb9nqxj.png,564,527,0.241343,True,1
cju2u4pymvc720988wsxrmi84.jpg,cju2u4pymvc720988wsxrmi84,train,/Users/brian/Desktop/VCL318/Swin-ViT/ViTUnet vs SwinUnet/Dataset/processed/Kvasir-SEG/images/cju2u4pymvc720988wsxrmi84.jpg,/Users/brian/Desktop/VCL318/Swin-ViT/ViTUnet vs SwinUnet/Dataset/processed/Kvasir-SEG/masks/cju2u4pymvc720988wsxrmi84.png,541,530,0.311645,True,1
cju2u73dj53oz0878486k8k4b.jpg,cju2u73dj53oz0878486k8k4b,train,/Users/brian/Desktop/VCL318/Swin-ViT/ViTUnet vs SwinUnet/Dataset/processed/Kvasir-SEG/images/cju2u73dj53oz0878486k8k4b.jpg,/Users/brian/Desktop/VCL318/Swin-ViT/ViTUnet vs SwinUnet/Dataset/processed/Kvasir-SEG/masks/cju2u73dj53oz0878486k8k4b.png,524,529,0.139602,True,1
cju2ueb6j5ado0878vf5md13o.jpg,cju2ueb6j5ado0878vf5md13o,train,/Users/brian/Desktop/VCL318/Swin-ViT/ViTUnet vs SwinUnet/Dataset/processed/Kvasir-SEG/images/cju2ueb6j5ado0878vf5md13o.jpg,/Users/brian/Desktop/VCL318/Swin-ViT/ViTUnet vs SwinUnet/Dataset/processed/Kvasir-SEG/masks/cju2ueb6j5ado0878vf5md13o.png,1348,1070,0.09751,True,2
cju2ulk385h170799rlklxob0.jpg,cju2ulk385h170799rlklxob0,train,/Users/brian/Desktop/VCL318/Swin-ViT/ViTUnet vs SwinUnet/Dataset/processed/Kvasir-SEG/images/cju2ulk385h170799rlklxob0.jpg,/Users/brian/Desktop/VCL318/Swin-ViT/ViTUnet vs SwinUnet/Dataset/processed/Kvasir-SEG/masks/cju2ulk385h170799rlklxob0.png,596,528,0.32299,True,1
cju2uokeg5jm20799xwgsyz89.jpg,cju2uokeg5jm20799xwgsyz89,train,/Users/brian/Desktop/VCL318/Swin-ViT/ViTUnet vs SwinUnet/Dataset/processed/Kvasir-SEG/images/cju2uokeg5jm20799xwgsyz89.jpg,/Users/brian/Desktop/VCL318/Swin-ViT/ViTUnet vs SwinUnet/Dataset/processed/Kvasir-SEG/masks/cju2uokeg5jm20799xwgsyz89.png,570,530,0.311771,True,1
cju2upu4evw7g08358guwozxv.jpg,cju2upu4evw7g08358guwozxv,train,/Users/brian/Desktop/VCL318/Swin-ViT/ViTUnet vs SwinUnet/Dataset/processed/Kvasir-SEG/images/cju2upu4evw7g08358guwozxv.jpg,/Users/brian/Desktop/VCL318/Swin-ViT/ViTUnet vs SwinUnet/Dataset/processed/Kvasir-SEG/masks/cju2upu4evw7g08358guwozxv.png,616,528,0.050574,True,1
cju2urqpwvxw70835rvndvtsi.jpg,cju2urqpwvxw70835rvndvtsi,train,/Users/brian/Desktop/VCL318/Swin-ViT/ViTUnet vs SwinUnet/Dataset/processed/Kvasir-SEG/images/cju2urqpwvxw70835rvndvtsi.jpg,/Users/brian/Desktop/VCL318/Swin-ViT/ViTUnet vs SwinUnet/Dataset/processed/Kvasir-SEG/masks/cju2urqpwvxw70835rvndvtsi.png,626,474,0.031413,True,1
cju2uwz9f5yf1085506cfamfx.jpg,cju2uwz9f5yf1085506cfamfx,train,/Users/brian/Desktop/VCL318/Swin-ViT/ViTUnet vs SwinUnet/Dataset/processed/Kvasir-SEG/images/cju2uwz9f5yf1085506cfamfx.jpg,/Users/brian/Desktop/VCL318/Swin-ViT/ViTUnet vs SwinUnet/Dataset/processed/Kvasir-SEG/masks/cju2uwz9f5yf1085506cfamfx.png,1220,1011,0.262537,True,1
cju2uy8ox62jo0801g88hh42z.jpg,cju2uy8ox62jo0801g88hh42z,train,/Users/brian/Desktop/VCL318/Swin-ViT/ViTUnet vs SwinUnet/Dataset/processed/Kvasir-SEG/images/cju2uy8ox62jo0801g88hh42z.jpg,/Users/brian/Desktop/VCL318/Swin-ViT/ViTUnet vs SwinUnet/Dataset/processed/Kvasir-SEG/masks/cju2uy8ox62jo0801g88hh42z.png,622,528,0.063992,True,1
cju2uzabhs6er0993x3aaf87p.jpg,cju2uzabhs6er0993x3aaf87p,train,/Users/brian/Desktop/VCL318/Swin-ViT/ViTUnet vs SwinUnet/Dataset/processed/Kvasir-SEG/images/cju2uzabhs6er0993x3aaf87p.jpg,/Users/brian/Desktop/VCL318/Swin-ViT/ViTUnet vs SwinUnet/Dataset/processed/Kvasir-SEG/masks/cju2uzabhs6er0993x3aaf87p.png,612,528,0.101193,True,2
cju2wtwj87kys0855kx6mddzw.jpg,cju2wtwj87kys0855kx6mddzw,train,/Users/brian/Desktop/VCL318/Swin-ViT/ViTUnet vs SwinUnet/Dataset/processed/Kvasir-SEG/images/cju2wtwj87kys0855kx6mddzw.jpg,/Users/brian/Desktop/VCL318/Swin-ViT/ViTUnet vs SwinUnet/Dataset/processed/Kvasir-SEG/masks/cju2wtwj87kys0855kx6mddzw.png,626,547,0.411425,True,1
cju2wve9v7esz0878mxsdcy04.jpg,cju2wve9v7esz0878mxsdcy04,train,/Users/brian/Desktop/VCL318/Swin-ViT/ViTUnet vs SwinUnet/Dataset/processed/Kvasir-SEG/images/cju2wve9v7esz0878mxsdcy04.jpg,/Users/brian/Desktop/VCL318/Swin-ViT/ViTUnet vs SwinUnet/Dataset/processed/Kvasir-SEG/masks/cju2wve9v7esz0878mxsdcy04.png,620,529,0.05493,True,1
cju2wx0gh7fpz0878wwyd9ep8.jpg,cju2wx0gh7fpz0878wwyd9ep8,train,/Users/brian/Desktop/VCL318/Swin-ViT/ViTUnet vs SwinUnet/Dataset/processed/Kvasir-SEG/images/cju2wx0gh7fpz0878wwyd9ep8.jpg,/Users/brian/Desktop/VCL318/Swin-ViT/ViTUnet vs SwinUnet/Dataset/processed/Kvasir-SEG/masks/cju2wx0gh7fpz0878wwyd9ep8.png,616,529,0.059049,True,1
cju2wxv0hxs2f09884w48v8fi.jpg,cju2wxv0hxs2f09884w48v8fi,train,/Users/brian/Desktop/VCL318/Swin-ViT/ViTUnet vs SwinUnet/Dataset/processed/Kvasir-SEG/images/cju2wxv0hxs2f09884w48v8fi.jpg,/Users/brian/Desktop/VCL318/Swin-ViT/ViTUnet vs SwinUnet/Dataset/processed/Kvasir-SEG/masks/cju2wxv0hxs2f09884w48v8fi.png,622,529,0.017077,True,1
cju2wzu8wxtgu09880ku9x1pg.jpg,cju2wzu8wxtgu09880ku9x1pg,train,/Users/brian/Desktop/VCL318/Swin-ViT/ViTUnet vs SwinUnet/Dataset/processed/Kvasir-SEG/images/cju2wzu8wxtgu09880ku9x1pg.jpg,/Users/brian/Desktop/VCL318/Swin-ViT/ViTUnet vs SwinUnet/Dataset/processed/Kvasir-SEG/masks/cju2wzu8wxtgu09880ku9x1pg.png,622,529,0.15917,True,1
cju2x7vw87mu30878hye2ca0m.jpg,cju2x7vw87mu30878hye2ca0m,train,/Users/brian/Desktop/VCL318/Swin-ViT/ViTUnet vs SwinUnet/Dataset/processed/Kvasir-SEG/images/cju2x7vw87mu30878hye2ca0m.jpg,/Users/brian/Desktop/VCL318/Swin-ViT/ViTUnet vs SwinUnet/Dataset/processed/Kvasir-SEG/masks/cju2x7vw87mu30878hye2ca0m.png,1348,1070,0.202424,True,1
cju2xa3i4y0160988i679zsqd.jpg,cju2xa3i4y0160988i679zsqd,train,/Users/brian/Desktop/VCL318/Swin-ViT/ViTUnet vs SwinUnet/Dataset/processed/Kvasir-SEG/images/cju2xa3i4y0160988i679zsqd.jpg,/Users/brian/Desktop/VCL318/Swin-ViT/ViTUnet vs SwinUnet/Dataset/processed/Kvasir-SEG/masks/cju2xa3i4y0160988i679zsqd.png,619,528,0.105418,True,1
cju2xbk0080y80801eghyddi2.jpg,cju2xbk0080y80801eghyddi2,train,/Users/brian/Desktop/VCL318/Swin-ViT/ViTUnet vs SwinUnet/Dataset/processed/Kvasir-SEG/images/cju2xbk0080y80801eghyddi2.jpg,/Users/brian/Desktop/VCL318/Swin-ViT/ViTUnet vs SwinUnet/Dataset/processed/Kvasir-SEG/masks/cju2xbk0080y80801eghyddi2.png,621,529,0.074354,True,1
cju2xd75m82720801q4s4ik3n.jpg,cju2xd75m82720801q4s4ik3n,train,/Users/brian/Desktop/VCL318/Swin-ViT/ViTUnet vs SwinUnet/Dataset/processed/Kvasir-SEG/images/cju2xd75m82720801q4s4ik3n.jpg,/Users/brian/Desktop/VCL318/Swin-ViT/ViTUnet vs SwinUnet/Dataset/processed/Kvasir-SEG/masks/cju2xd75m82720801q4s4ik3n.png,1220,1011,0.111938,True,1
cju2xf8e5y2wm08359vcgk09b.jpg,cju2xf8e5y2wm08359vcgk09b,train,/Users/brian/Desktop/VCL318/Swin-ViT/ViTUnet vs SwinUnet/Dataset/processed/Kvasir-SEG/images/cju2xf8e5y2wm08359vcgk09b.jpg,/Users/brian/Desktop/VCL318/Swin-ViT/ViTUnet vs SwinUnet/Dataset/processed/Kvasir-SEG/masks/cju2xf8e5y2wm08359vcgk09b.png,571,530,0.35175,True,1
cju2xjz2ju8pe0993ysv9wg17.jpg,cju2xjz2ju8pe0993ysv9wg17,train,/Users/brian/Desktop/VCL318/Swin-ViT/ViTUnet vs SwinUnet/Dataset/processed/Kvasir-SEG/images/cju2xjz2ju8pe0993ysv9wg17.jpg,/Users/brian/Desktop/VCL318/Swin-ViT/ViTUnet vs SwinUnet/Dataset/processed/Kvasir-SEG/masks/cju2xjz2ju8pe0993ysv9wg17.png,593,530,0.155003,True,1
cju2xlcqxy9c60988vjacdznb.jpg,cju2xlcqxy9c60988vjacdznb,train,/Users/brian/Desktop/VCL318/Swin-ViT/ViTUnet vs SwinUnet/Dataset/processed/Kvasir-SEG/images/cju2xlcqxy9c60988vjacdznb.jpg,/Users/brian/Desktop/VCL318/Swin-ViT/ViTUnet vs SwinUnet/Dataset/processed/Kvasir-SEG/masks/cju2xlcqxy9c60988vjacdznb.png,621,529,0.187152,True,1
cju2xs6na81t20878pt6nkfip.jpg,cju2xs6na81t20878pt6nkfip,train,/Users/brian/Desktop/VCL318/Swin-ViT/ViTUnet vs SwinUnet/Dataset/processed/Kvasir-SEG/images/cju2xs6na81t20878pt6nkfip.jpg,/Users/brian/Desktop/VCL318/Swin-ViT/ViTUnet vs SwinUnet/Dataset/processed/Kvasir-SEG/masks/cju2xs6na81t20878pt6nkfip.png,570,531,0.235474,True,1
cju2xwm1s84l50799i60mq0pu.jpg,cju2xwm1s84l50799i60mq0pu,train,/Users/brian/Desktop/VCL318/Swin-ViT/ViTUnet vs SwinUnet/Dataset/processed/Kvasir-SEG/images/cju2xwm1s84l50799i60mq0pu.jpg,/Users/brian/Desktop/VCL318/Swin-ViT/ViTUnet vs SwinUnet/Dataset/processed/Kvasir-SEG/masks/cju2xwm1s84l50799i60mq0pu.png,626,547,0.046212,True,1
cju2xyd9vyi7m098831qcucse.jpg,cju2xyd9vyi7m098831qcucse,train,/Users/brian/Desktop/VCL318/Swin-ViT/ViTUnet vs SwinUnet/Dataset/processed/Kvasir-SEG/images/cju2xyd9vyi7m098831qcucse.jpg,/Users/brian/Desktop/VCL318/Swin-ViT/ViTUnet vs SwinUnet/Dataset/processed/Kvasir-SEG/masks/cju2xyd9vyi7m098831qcucse.png,622,528,0.222821,True,1
cju2y40d8ulqo0993q0adtgtb.jpg,cju2y40d8ulqo0993q0adtgtb,train,/Users/brian/Desktop/VCL318/Swin-ViT/ViTUnet vs SwinUnet/Dataset/processed/Kvasir-SEG/images/cju2y40d8ulqo0993q0adtgtb.jpg,/Users/brian/Desktop/VCL318/Swin-ViT/ViTUnet vs SwinUnet/Dataset/processed/Kvasir-SEG/masks/cju2y40d8ulqo0993q0adtgtb.png,617,529,0.133287,True,1
cju2y5zas8m7f0801d34g5owq.jpg,cju2y5zas8m7f0801d34g5owq,train,/Users/brian/Desktop/VCL318/Swin-ViT/ViTUnet vs SwinUnet/Dataset/processed/Kvasir-SEG/images/cju2y5zas8m7f0801d34g5owq.jpg,/Users/brian/Desktop/VCL318/Swin-ViT/ViTUnet vs SwinUnet/Dataset/processed/Kvasir-SEG/masks/cju2y5zas8m7f0801d34g5owq.png,586,479,0.271566,True,2
cju2y8s56ymqr083541ggdsml.jpg,cju2y8s56ymqr083541ggdsml,train,/Users/brian/Desktop/VCL318/Swin-ViT/ViTUnet vs SwinUnet/Dataset/processed/Kvasir-SEG/images/cju2y8s56ymqr083541ggdsml.jpg,/Users/brian/Desktop/VCL318/Swin-ViT/ViTUnet vs SwinUnet/Dataset/processed/Kvasir-SEG/masks/cju2y8s56ymqr083541ggdsml.png,615,530,0.092815,True,1
cju2yb31a8e8u0878wdashg7o.jpg,cju2yb31a8e8u0878wdashg7o,train,/Users/brian/Desktop/VCL318/Swin-ViT/ViTUnet vs SwinUnet/Dataset/processed/Kvasir-SEG/images/cju2yb31a8e8u0878wdashg7o.jpg,/Users/brian/Desktop/VCL318/Swin-ViT/ViTUnet vs SwinUnet/Dataset/processed/Kvasir-SEG/masks/cju2yb31a8e8u0878wdashg7o.png,621,531,0.171978,True,1
cju2yg5ht8i4p087800js8hp4.jpg,cju2yg5ht8i4p087800js8hp4,train,/Users/brian/Desktop/VCL318/Swin-ViT/ViTUnet vs SwinUnet/Dataset/processed/Kvasir-SEG/images/cju2yg5ht8i4p087800js8hp4.jpg,/Users/brian/Desktop/VCL318/Swin-ViT/ViTUnet vs SwinUnet/Dataset/processed/Kvasir-SEG/masks/cju2yg5ht8i4p087800js8hp4.png,626,546,0.173431,True,1
cju2yi9tz8vky0801yqip0xyl.jpg,cju2yi9tz8vky0801yqip0xyl,train,/Users/brian/Desktop/VCL318/Swin-ViT/ViTUnet vs SwinUnet/Dataset/processed/Kvasir-SEG/images/cju2yi9tz8vky0801yqip0xyl.jpg,/Users/brian/Desktop/VCL318/Swin-ViT/ViTUnet vs SwinUnet/Dataset/processed/Kvasir-SEG/masks/cju2yi9tz8vky0801yqip0xyl.png,616,528,0.261776,True,1
cju2yo1j1v0qz09934o0e683p.jpg,cju2yo1j1v0qz09934o0e683p,train,/Users/brian/Desktop/VCL318/Swin-ViT/ViTUnet vs SwinUnet/Dataset/processed/Kvasir-SEG/images/cju2yo1j1v0qz09934o0e683p.jpg,/Users/brian/Desktop/VCL318/Swin-ViT/ViTUnet vs SwinUnet/Dataset/processed/Kvasir-SEG/masks/cju2yo1j1v0qz09934o0e683p.png,626,546,0.305957,True,1
cju2yv4imv6cz099314jveiib.jpg,cju2yv4imv6cz099314jveiib,train,/Users/brian/Desktop/VCL318/Swin-ViT/ViTUnet vs SwinUnet/Dataset/processed/Kvasir-SEG/images/cju2yv4imv6cz099314jveiib.jpg,/Users/brian/Desktop/VCL318/Swin-ViT/ViTUnet vs SwinUnet/Dataset/processed/Kvasir-SEG/masks/cju2yv4imv6cz099314jveiib.png,621,529,0.110034,True,1
cju2yyhsp933j0855hp32e012.jpg,cju2yyhsp933j0855hp32e012,train,/Users/brian/Desktop/VCL318/Swin-ViT/ViTUnet vs SwinUnet/Dataset/processed/Kvasir-SEG/images/cju2yyhsp933j0855hp32e012.jpg,/Users/brian/Desktop/VCL318/Swin-ViT/ViTUnet vs SwinUnet/Dataset/processed/Kvasir-SEG/masks/cju2yyhsp933j0855hp32e012.png,593,435,0.19955,True,1
cju2z1nxlzaj40835wj81s1iy.jpg,cju2z1nxlzaj40835wj81s1iy,train,/Users/brian/Desktop/VCL318/Swin-ViT/ViTUnet vs SwinUnet/Dataset/processed/Kvasir-SEG/images/cju2z1nxlzaj40835wj81s1iy.jpg,/Users/brian/Desktop/VCL318/Swin-ViT/ViTUnet vs SwinUnet/Dataset/processed/Kvasir-SEG/masks/cju2z1nxlzaj40835wj81s1iy.png,622,531,0.220769,True,1
cju2z2x3nvd3c099350zgty7w.jpg,cju2z2x3nvd3c099350zgty7w,train,/Users/brian/Desktop/VCL318/Swin-ViT/ViTUnet vs SwinUnet/Dataset/processed/Kvasir-SEG/images/cju2z2x3nvd3c099350zgty7w.jpg,/Users/brian/Desktop/VCL318/Swin-ViT/ViTUnet vs SwinUnet/Dataset/processed/Kvasir-SEG/masks/cju2z2x3nvd3c099350zgty7w.png,553,530,0.065567,True,1
cju2z45kuzf6d0988nz2c819m.jpg,cju2z45kuzf6d0988nz2c819m,train,/Users/brian/Desktop/VCL318/Swin-ViT/ViTUnet vs SwinUnet/Dataset/processed/Kvasir-SEG/images/cju2z45kuzf6d0988nz2c819m.jpg,/Users/brian/Desktop/VCL318/Swin-ViT/ViTUnet vs SwinUnet/Dataset/processed/Kvasir-SEG/masks/cju2z45kuzf6d0988nz2c819m.png,562,529,0.034474,True,1
cju2z6ez69g4u0801qwt088lw.jpg,cju2z6ez69g4u0801qwt088lw,train,/Users/brian/Desktop/VCL318/Swin-ViT/ViTUnet vs SwinUnet/Dataset/processed/Kvasir-SEG/images/cju2z6ez69g4u0801qwt088lw.jpg,/Users/brian/Desktop/VCL318/Swin-ViT/ViTUnet vs SwinUnet/Dataset/processed/Kvasir-SEG/masks/cju2z6ez69g4u0801qwt088lw.png,626,538,0.306038,True,1
cju2z9vlp9j0w0801oag91sy9.jpg,cju2z9vlp9j0w0801oag91sy9,train,/Users/brian/Desktop/VCL318/Swin-ViT/ViTUnet vs SwinUnet/Dataset/processed/Kvasir-SEG/images/cju2z9vlp9j0w0801oag91sy9.jpg,/Users/brian/Desktop/VCL318/Swin-ViT/ViTUnet vs SwinUnet/Dataset/processed/Kvasir-SEG/masks/cju2z9vlp9j0w0801oag91sy9.png,622,531,0.067781,True,1
cju2zdvjn9h7r08553cp4eed5.jpg,cju2zdvjn9h7r08553cp4eed5,train,/Users/brian/Desktop/VCL318/Swin-ViT/ViTUnet vs SwinUnet/Dataset/processed/Kvasir-SEG/images/cju2zdvjn9h7r08553cp4eed5.jpg,/Users/brian/Desktop/VCL318/Swin-ViT/ViTUnet vs SwinUnet/Dataset/processed/Kvasir-SEG/masks/cju2zdvjn9h7r08553cp4eed5.png,401,415,0.061725,True,1
cju2zgbj9zmrw0835nnlzxj4c.jpg,cju2zgbj9zmrw0835nnlzxj4c,train,/Users/brian/Desktop/VCL318/Swin-ViT/ViTUnet vs SwinUnet/Dataset/processed/Kvasir-SEG/images/cju2zgbj9zmrw0835nnlzxj4c.jpg,/Users/brian/Desktop/VCL318/Swin-ViT/ViTUnet vs SwinUnet/Dataset/processed/Kvasir-SEG/masks/cju2zgbj9zmrw0835nnlzxj4c.png,623,528,0.310296,True,1
cju2zjcvj9qma0801dk71hhi0.jpg,cju2zjcvj9qma0801dk71hhi0,train,/Users/brian/Desktop/VCL318/Swin-ViT/ViTUnet vs SwinUnet/Dataset/processed/Kvasir-SEG/images/cju2zjcvj9qma0801dk71hhi0.jpg,/Users/brian/Desktop/VCL318/Swin-ViT/ViTUnet vs SwinUnet/Dataset/processed/Kvasir-SEG/masks/cju2zjcvj9qma0801dk71hhi0.png,622,528,0.368776,True,2
cju2zkpdl9h7t0799ix60teqg.jpg,cju2zkpdl9h7t0799ix60teqg,train,/Users/brian/Desktop/VCL318/Swin-ViT/ViTUnet vs SwinUnet/Dataset/processed/Kvasir-SEG/images/cju2zkpdl9h7t0799ix60teqg.jpg,/Users/brian/Desktop/VCL318/Swin-ViT/ViTUnet vs SwinUnet/Dataset/processed/Kvasir-SEG/masks/cju2zkpdl9h7t0799ix60teqg.png,611,528,0.046487,True,1
cju2zm0axztpe0988r8s9twjr.jpg,cju2zm0axztpe0988r8s9twjr,train,/Users/brian/Desktop/VCL318/Swin-ViT/ViTUnet vs SwinUnet/Dataset/processed/Kvasir-SEG/images/cju2zm0axztpe0988r8s9twjr.jpg,/Users/brian/Desktop/VCL318/Swin-ViT/ViTUnet vs SwinUnet/Dataset/processed/Kvasir-SEG/masks/cju2zm0axztpe0988r8s9twjr.png,623,528,0.070295,True,1
cju2zo0fwzv580988qlijd2xa.jpg,cju2zo0fwzv580988qlijd2xa,train,/Users/brian/Desktop/VCL318/Swin-ViT/ViTUnet vs SwinUnet/Dataset/processed/Kvasir-SEG/images/cju2zo0fwzv580988qlijd2xa.jpg,/Users/brian/Desktop/VCL318/Swin-ViT/ViTUnet vs SwinUnet/Dataset/processed/Kvasir-SEG/masks/cju2zo0fwzv580988qlijd2xa.png,616,530,0.082443,True,2
cju2zp89k9q1g0855k1x0f1xa.jpg,cju2zp89k9q1g0855k1x0f1xa,train,/Users/brian/Desktop/VCL318/Swin-ViT/ViTUnet vs SwinUnet/Dataset/processed/Kvasir-SEG/images/cju2zp89k9q1g0855k1x0f1xa.jpg,/Users/brian/Desktop/VCL318/Swin-ViT/ViTUnet vs SwinUnet/Dataset/processed/Kvasir-SEG/masks/cju2zp89k9q1g0855k1x0f1xa.png,622,530,0.026894,True,1
cju2zr3c3vwb00993jn06bbaz.jpg,cju2zr3c3vwb00993jn06bbaz,train,/Users/brian/Desktop/VCL318/Swin-ViT/ViTUnet vs SwinUnet/Dataset/processed/Kvasir-SEG/images/cju2zr3c3vwb00993jn06bbaz.jpg,/Users/brian/Desktop/VCL318/Swin-ViT/ViTUnet vs SwinUnet/Dataset/processed/Kvasir-SEG/masks/cju2zr3c3vwb00993jn06bbaz.png,575,531,0.051457,True,1
cju2zrojo9kcd0878ld2epejq.jpg,cju2zrojo9kcd0878ld2epejq,train,/Users/brian/Desktop/VCL318/Swin-ViT/ViTUnet vs SwinUnet/Dataset/processed/Kvasir-SEG/images/cju2zrojo9kcd0878ld2epejq.jpg,/Users/brian/Desktop/VCL318/Swin-ViT/ViTUnet vs SwinUnet/Dataset/processed/Kvasir-SEG/masks/cju2zrojo9kcd0878ld2epejq.png,621,531,0.043145,True,1
cju2zwg05a0oy0801yr73ig7g.jpg,cju2zwg05a0oy0801yr73ig7g,train,/Users/brian/Desktop/VCL318/Swin-ViT/ViTUnet vs SwinUnet/Dataset/processed/Kvasir-SEG/images/cju2zwg05a0oy0801yr73ig7g.jpg,/Users/brian/Desktop/VCL318/Swin-ViT/ViTUnet vs SwinUnet/Dataset/processed/Kvasir-SEG/masks/cju2zwg05a0oy0801yr73ig7g.png,599,531,0.117556,True,1
cju300m3s04fg0988uzupuf7z.jpg,cju300m3s04fg0988uzupuf7z,train,/Users/brian/Desktop/VCL318/Swin-ViT/ViTUnet vs SwinUnet/Dataset/processed/Kvasir-SEG/images/cju300m3s04fg0988uzupuf7z.jpg,/Users/brian/Desktop/VCL318/Swin-ViT/ViTUnet vs SwinUnet/Dataset/processed/Kvasir-SEG/masks/cju300m3s04fg0988uzupuf7z.png,622,529,0.172159,True,1
cju303j5r062k098835zxfds5.jpg,cju303j5r062k098835zxfds5,train,/Users/brian/Desktop/VCL318/Swin-ViT/ViTUnet vs SwinUnet/Dataset/processed/Kvasir-SEG/images/cju303j5r062k098835zxfds5.jpg,/Users/brian/Desktop/VCL318/Swin-ViT/ViTUnet vs SwinUnet/Dataset/processed/Kvasir-SEG/masks/cju303j5r062k098835zxfds5.png,626,546,0.082482,True,1
cju30525w04r10835ygp257sb.jpg,cju30525w04r10835ygp257sb,train,/Users/brian/Desktop/VCL318/Swin-ViT/ViTUnet vs SwinUnet/Dataset/processed/Kvasir-SEG/images/cju30525w04r10835ygp257sb.jpg,/Users/brian/Desktop/VCL318/Swin-ViT/ViTUnet vs SwinUnet/Dataset/processed/Kvasir-SEG/masks/cju30525w04r10835ygp257sb.png,622,530,0.095459,True,1
cju306x7w05nb0835cunv799x.jpg,cju306x7w05nb0835cunv799x,train,/Users/brian/Desktop/VCL318/Swin-ViT/ViTUnet vs SwinUnet/Dataset/processed/Kvasir-SEG/images/cju306x7w05nb0835cunv799x.jpg,/Users/brian/Desktop/VCL318/Swin-ViT/ViTUnet vs SwinUnet/Dataset/processed/Kvasir-SEG/masks/cju306x7w05nb0835cunv799x.png,626,546,0.159001,True,1
cju30ajhw09sx0988qyahx9s8.jpg,cju30ajhw09sx0988qyahx9s8,train,/Users/brian/Desktop/VCL318/Swin-ViT/ViTUnet vs SwinUnet/Dataset/processed/Kvasir-SEG/images/cju30ajhw09sx0988qyahx9s8.jpg,/Users/brian/Desktop/VCL318/Swin-ViT/ViTUnet vs SwinUnet/Dataset/processed/Kvasir-SEG/masks/cju30ajhw09sx0988qyahx9s8.png,622,530,0.282716,True,2
cju30bmab08bi0835mvlr6e0r.jpg,cju30bmab08bi0835mvlr6e0r,train,/Users/brian/Desktop/VCL318/Swin-ViT/ViTUnet vs SwinUnet/Dataset/processed/Kvasir-SEG/images/cju30bmab08bi0835mvlr6e0r.jpg,/Users/brian/Desktop/VCL318/Swin-ViT/ViTUnet vs SwinUnet/Dataset/processed/Kvasir-SEG/masks/cju30bmab08bi0835mvlr6e0r.png,622,530,0.097758,True,1
cju30df2j09dd08351ayx2t6w.jpg,cju30df2j09dd08351ayx2t6w,train,/Users/brian/Desktop/VCL318/Swin-ViT/ViTUnet vs SwinUnet/Dataset/processed/Kvasir-SEG/images/cju30df2j09dd08351ayx2t6w.jpg,/Users/brian/Desktop/VCL318/Swin-ViT/ViTUnet vs SwinUnet/Dataset/processed/Kvasir-SEG/masks/cju30df2j09dd08351ayx2t6w.png,622,530,0.111136,True,1
cju30ftgja7170855xl9bkdm0.jpg,cju30ftgja7170855xl9bkdm0,train,/Users/brian/Desktop/VCL318/Swin-ViT/ViTUnet vs SwinUnet/Dataset/processed/Kvasir-SEG/images/cju30ftgja7170855xl9bkdm0.jpg,/Users/brian/Desktop/VCL318/Swin-ViT/ViTUnet vs SwinUnet/Dataset/processed/Kvasir-SEG/masks/cju30ftgja7170855xl9bkdm0.png,595,531,0.293339,True,1
cju30ia8da2bq0799klnehml2.jpg,cju30ia8da2bq0799klnehml2,train,/Users/brian/Desktop/VCL318/Swin-ViT/ViTUnet vs SwinUnet/Dataset/processed/Kvasir-SEG/images/cju30ia8da2bq0799klnehml2.jpg,/Users/brian/Desktop/VCL318/Swin-ViT/ViTUnet vs SwinUnet/Dataset/processed/Kvasir-SEG/masks/cju30ia8da2bq0799klnehml2.png,571,531,0.44362,True,1
cju30lncba3ny0878jwnous8n.jpg,cju30lncba3ny0878jwnous8n,train,/Users/brian/Desktop/VCL318/Swin-ViT/ViTUnet vs SwinUnet/Dataset/processed/Kvasir-SEG/images/cju30lncba3ny0878jwnous8n.jpg,/Users/brian/Desktop/VCL318/Swin-ViT/ViTUnet vs SwinUnet/Dataset/processed/Kvasir-SEG/masks/cju30lncba3ny0878jwnous8n.png,570,530,0.068832,True,1
cju30mm25a53s0799qa5wiqe8.jpg,cju30mm25a53s0799qa5wiqe8,train,/Users/brian/Desktop/VCL318/Swin-ViT/ViTUnet vs SwinUnet/Dataset/processed/Kvasir-SEG/images/cju30mm25a53s0799qa5wiqe8.jpg,/Users/brian/Desktop/VCL318/Swin-ViT/ViTUnet vs SwinUnet/Dataset/processed/Kvasir-SEG/masks/cju30mm25a53s0799qa5wiqe8.png,622,529,0.024657,True,1
cju30ov1oah920801mi8thuyg.jpg,cju30ov1oah920801mi8thuyg,train,/Users/brian/Desktop/VCL318/Swin-ViT/ViTUnet vs SwinUnet/Dataset/processed/Kvasir-SEG/images/cju30ov1oah920801mi8thuyg.jpg,/Users/brian/Desktop/VCL318/Swin-ViT/ViTUnet vs SwinUnet/Dataset/processed/Kvasir-SEG/masks/cju30ov1oah920801mi8thuyg.png,571,530,0.031279,True,1
cju30qbm1ad3x0855znuhpz9u.jpg,cju30qbm1ad3x0855znuhpz9u,train,/Users/brian/Desktop/VCL318/Swin-ViT/ViTUnet vs SwinUnet/Dataset/processed/Kvasir-SEG/images/cju30qbm1ad3x0855znuhpz9u.jpg,/Users/brian/Desktop/VCL318/Swin-ViT/ViTUnet vs SwinUnet/Dataset/processed/Kvasir-SEG/masks/cju30qbm1ad3x0855znuhpz9u.png,622,529,0.30774,True,1
cju30u1hbakn808019g15nb8b.jpg,cju30u1hbakn808019g15nb8b,train,/Users/brian/Desktop/VCL318/Swin-ViT/ViTUnet vs SwinUnet/Dataset/processed/Kvasir-SEG/images/cju30u1hbakn808019g15nb8b.jpg,/Users/brian/Desktop/VCL318/Swin-ViT/ViTUnet vs SwinUnet/Dataset/processed/Kvasir-SEG/masks/cju30u1hbakn808019g15nb8b.png,510,528,0.071026,True,1
cju30xqmh0ni00835ix3batv1.jpg,cju30xqmh0ni00835ix3batv1,train,/Users/brian/Desktop/VCL318/Swin-ViT/ViTUnet vs SwinUnet/Dataset/processed/Kvasir-SEG/images/cju30xqmh0ni00835ix3batv1.jpg,/Users/brian/Desktop/VCL318/Swin-ViT/ViTUnet vs SwinUnet/Dataset/processed/Kvasir-SEG/masks/cju30xqmh0ni00835ix3batv1.png,622,529,0.202578,True,1
cju30ywtc0oar0835bp2en7ec.jpg,cju30ywtc0oar0835bp2en7ec,train,/Users/brian/Desktop/VCL318/Swin-ViT/ViTUnet vs SwinUnet/Dataset/processed/Kvasir-SEG/images/cju30ywtc0oar0835bp2en7ec.jpg,/Users/brian/Desktop/VCL318/Swin-ViT/ViTUnet vs SwinUnet/Dataset/processed/Kvasir-SEG/masks/cju30ywtc0oar0835bp2en7ec.png,1348,1062,0.139475,True,1
cju3128yi0rpu0988o4oo5n8n.jpg,cju3128yi0rpu0988o4oo5n8n,train,/Users/brian/Desktop/VCL318/Swin-ViT/ViTUnet vs SwinUnet/Dataset/processed/Kvasir-SEG/images/cju3128yi0rpu0988o4oo5n8n.jpg,/Users/brian/Desktop/VCL318/Swin-ViT/ViTUnet vs SwinUnet/Dataset/processed/Kvasir-SEG/masks/cju3128yi0rpu0988o4oo5n8n.png,622,531,0.040553,True,1
cju31rb7vb6110801p9rhacuw.jpg,cju31rb7vb6110801p9rhacuw,train,/Users/brian/Desktop/VCL318/Swin-ViT/ViTUnet vs SwinUnet/Dataset/processed/Kvasir-SEG/images/cju31rb7vb6110801p9rhacuw.jpg,/Users/brian/Desktop/VCL318/Swin-ViT/ViTUnet vs SwinUnet/Dataset/processed/Kvasir-SEG/masks/cju31rb7vb6110801p9rhacuw.png,622,530,0.052278,True,1
cju31t8xd17bk0835rnb893jk.jpg,cju31t8xd17bk0835rnb893jk,train,/Users/brian/Desktop/VCL318/Swin-ViT/ViTUnet vs SwinUnet/Dataset/processed/Kvasir-SEG/images/cju31t8xd17bk0835rnb893jk.jpg,/Users/brian/Desktop/VCL318/Swin-ViT/ViTUnet vs SwinUnet/Dataset/processed/Kvasir-SEG/masks/cju31t8xd17bk0835rnb893jk.png,622,529,0.005787,True,2
cju31ugmfb3dz0855xtqshki6.jpg,cju31ugmfb3dz0855xtqshki6,train,/Users/brian/Desktop/VCL318/Swin-ViT/ViTUnet vs SwinUnet/Dataset/processed/Kvasir-SEG/images/cju31ugmfb3dz0855xtqshki6.jpg,/Users/brian/Desktop/VCL318/Swin-ViT/ViTUnet vs SwinUnet/Dataset/processed/Kvasir-SEG/masks/cju31ugmfb3dz0855xtqshki6.png,612,544,0.081399,True,1
cju31w6goazci0799n014ly1q.jpg,cju31w6goazci0799n014ly1q,train,/Users/brian/Desktop/VCL318/Swin-ViT/ViTUnet vs SwinUnet/Dataset/processed/Kvasir-SEG/images/cju31w6goazci0799n014ly1q.jpg,/Users/brian/Desktop/VCL318/Swin-ViT/ViTUnet vs SwinUnet/Dataset/processed/Kvasir-SEG/masks/cju31w6goazci0799n014ly1q.png,627,547,0.125901,True,1
cju320gyvbch60801v2amdi2g.jpg,cju320gyvbch60801v2amdi2g,train,/Users/brian/Desktop/VCL318/Swin-ViT/ViTUnet vs SwinUnet/Dataset/processed/Kvasir-SEG/images/cju320gyvbch60801v2amdi2g.jpg,/Users/brian/Desktop/VCL318/Swin-ViT/ViTUnet vs SwinUnet/Dataset/processed/Kvasir-SEG/masks/cju320gyvbch60801v2amdi2g.png,616,503,0.207534,True,1
cju323ypb1fbb0988gx5rzudb.jpg,cju323ypb1fbb0988gx5rzudb,train,/Users/brian/Desktop/VCL318/Swin-ViT/ViTUnet vs SwinUnet/Dataset/processed/Kvasir-SEG/images/cju323ypb1fbb0988gx5rzudb.jpg,/Users/brian/Desktop/VCL318/Swin-ViT/ViTUnet vs SwinUnet/Dataset/processed/Kvasir-SEG/masks/cju323ypb1fbb0988gx5rzudb.png,604,530,0.380007,True,1
cju3280wv1ir009882jze27tc.jpg,cju3280wv1ir009882jze27tc,train,/Users/brian/Desktop/VCL318/Swin-ViT/ViTUnet vs SwinUnet/Dataset/processed/Kvasir-SEG/images/cju3280wv1ir009882jze27tc.jpg,/Users/brian/Desktop/VCL318/Swin-ViT/ViTUnet vs SwinUnet/Dataset/processed/Kvasir-SEG/masks/cju3280wv1ir009882jze27tc.png,571,530,0.146367,True,1
cju32a52lb9rc0799xi40qs00.jpg,cju32a52lb9rc0799xi40qs00,train,/Users/brian/Desktop/VCL318/Swin-ViT/ViTUnet vs SwinUnet/Dataset/processed/Kvasir-SEG/images/cju32a52lb9rc0799xi40qs00.jpg,/Users/brian/Desktop/VCL318/Swin-ViT/ViTUnet vs SwinUnet/Dataset/processed/Kvasir-SEG/masks/cju32a52lb9rc0799xi40qs00.png,621,529,0.35361,True,3
cju32csyfblyh080170aa3x5p.jpg,cju32csyfblyh080170aa3x5p,train,/Users/brian/Desktop/VCL318/Swin-ViT/ViTUnet vs SwinUnet/Dataset/processed/Kvasir-SEG/images/cju32csyfblyh080170aa3x5p.jpg,/Users/brian/Desktop/VCL318/Swin-ViT/ViTUnet vs SwinUnet/Dataset/processed/Kvasir-SEG/masks/cju32csyfblyh080170aa3x5p.png,626,547,0.120188,True,1
cju32fhnhbds40799broyoptc.jpg,cju32fhnhbds40799broyoptc,train,/Users/brian/Desktop/VCL318/Swin-ViT/ViTUnet vs SwinUnet/Dataset/processed/Kvasir-SEG/images/cju32fhnhbds40799broyoptc.jpg,/Users/brian/Desktop/VCL318/Swin-ViT/ViTUnet vs SwinUnet/Dataset/processed/Kvasir-SEG/masks/cju32fhnhbds40799broyoptc.png,621,530,0.051013,True,1
cju32gzs6xo8x0993r8tedbpb.jpg,cju32gzs6xo8x0993r8tedbpb,train,/Users/brian/Desktop/VCL318/Swin-ViT/ViTUnet vs SwinUnet/Dataset/processed/Kvasir-SEG/images/cju32gzs6xo8x0993r8tedbpb.jpg,/Users/brian/Desktop/VCL318/Swin-ViT/ViTUnet vs SwinUnet/Dataset/processed/Kvasir-SEG/masks/cju32gzs6xo8x0993r8tedbpb.png,626,547,0.131338,True,2
cju32l161bi1v07990vm376in.jpg,cju32l161bi1v07990vm376in,train,/Users/brian/Desktop/VCL318/Swin-ViT/ViTUnet vs SwinUnet/Dataset/processed/Kvasir-SEG/images/cju32l161bi1v07990vm376in.jpg,/Users/brian/Desktop/VCL318/Swin-ViT/ViTUnet vs SwinUnet/Dataset/processed/Kvasir-SEG/masks/cju32l161bi1v07990vm376in.png,622,529,0.03216,True,1
cju32phw2bv130801yj7bkouq.jpg,cju32phw2bv130801yj7bkouq,train,/Users/brian/Desktop/VCL318/Swin-ViT/ViTUnet vs SwinUnet/Dataset/processed/Kvasir-SEG/images/cju32phw2bv130801yj7bkouq.jpg,/Users/brian/Desktop/VCL318/Swin-ViT/ViTUnet vs SwinUnet/Dataset/processed/Kvasir-SEG/masks/cju32phw2bv130801yj7bkouq.png,626,547,0.561967,True,1
cju32qr9tbvsj08013pkpjenq.jpg,cju32qr9tbvsj08013pkpjenq,train,/Users/brian/Desktop/VCL318/Swin-ViT/ViTUnet vs SwinUnet/Dataset/processed/Kvasir-SEG/images/cju32qr9tbvsj08013pkpjenq.jpg,/Users/brian/Desktop/VCL318/Swin-ViT/ViTUnet vs SwinUnet/Dataset/processed/Kvasir-SEG/masks/cju32qr9tbvsj08013pkpjenq.png,615,546,0.066685,True,1
cju32srle1xfq083575i3fl75.jpg,cju32srle1xfq083575i3fl75,train,/Users/brian/Desktop/VCL318/Swin-ViT/ViTUnet vs SwinUnet/Dataset/processed/Kvasir-SEG/images/cju32srle1xfq083575i3fl75.jpg,/Users/brian/Desktop/VCL318/Swin-ViT/ViTUnet vs SwinUnet/Dataset/processed/Kvasir-SEG/masks/cju32srle1xfq083575i3fl75.png,626,547,0.063232,True,1
cju32upim1z7u0988l883nqp6.jpg,cju32upim1z7u0988l883nqp6,train,/Users/brian/Desktop/VCL318/Swin-ViT/ViTUnet vs SwinUnet/Dataset/processed/Kvasir-SEG/images/cju32upim1z7u0988l883nqp6.jpg,/Users/brian/Desktop/VCL318/Swin-ViT/ViTUnet vs SwinUnet/Dataset/processed/Kvasir-SEG/masks/cju32upim1z7u0988l883nqp6.png,570,479,0.134304,True,1
cju32zhbnc1oy0801iyv1ix6p.jpg,cju32zhbnc1oy0801iyv1ix6p,train,/Users/brian/Desktop/VCL318/Swin-ViT/ViTUnet vs SwinUnet/Dataset/processed/Kvasir-SEG/images/cju32zhbnc1oy0801iyv1ix6p.jpg,/Users/brian/Desktop/VCL318/Swin-ViT/ViTUnet vs SwinUnet/Dataset/processed/Kvasir-SEG/masks/cju32zhbnc1oy0801iyv1ix6p.png,622,531,0.252518,True,1
cju33231uy4gi0993qc7b1jch.jpg,cju33231uy4gi0993qc7b1jch,train,/Users/brian/Desktop/VCL318/Swin-ViT/ViTUnet vs SwinUnet/Dataset/processed/Kvasir-SEG/images/cju33231uy4gi0993qc7b1jch.jpg,/Users/brian/Desktop/VCL318/Swin-ViT/ViTUnet vs SwinUnet/Dataset/processed/Kvasir-SEG/masks/cju33231uy4gi0993qc7b1jch.png,622,529,0.057711,True,1
cju336l68y7if0993wf092166.jpg,cju336l68y7if0993wf092166,train,/Users/brian/Desktop/VCL318/Swin-ViT/ViTUnet vs SwinUnet/Dataset/processed/Kvasir-SEG/images/cju336l68y7if0993wf092166.jpg,/Users/brian/Desktop/VCL318/Swin-ViT/ViTUnet vs SwinUnet/Dataset/processed/Kvasir-SEG/masks/cju336l68y7if0993wf092166.png,583,530,0.225959,True,1
cju3381d8bz3h07991xtl7ra0.jpg,cju3381d8bz3h07991xtl7ra0,train,/Users/brian/Desktop/VCL318/Swin-ViT/ViTUnet vs SwinUnet/Dataset/processed/Kvasir-SEG/images/cju3381d8bz3h07991xtl7ra0.jpg,/Users/brian/Desktop/VCL318/Swin-ViT/ViTUnet vs SwinUnet/Dataset/processed/Kvasir-SEG/masks/cju3381d8bz3h07991xtl7ra0.png,567,528,0.050111,True,1
cju33belnbyhm0878yxl42233.jpg,cju33belnbyhm0878yxl42233,train,/Users/brian/Desktop/VCL318/Swin-ViT/ViTUnet vs SwinUnet/Dataset/processed/Kvasir-SEG/images/cju33belnbyhm0878yxl42233.jpg,/Users/brian/Desktop/VCL318/Swin-ViT/ViTUnet vs SwinUnet/Dataset/processed/Kvasir-SEG/masks/cju33belnbyhm0878yxl42233.png,613,528,0.066912,True,2
cju33eqwbcch208012jikwdky.jpg,cju33eqwbcch208012jikwdky,train,/Users/brian/Desktop/VCL318/Swin-ViT/ViTUnet vs SwinUnet/Dataset/processed/Kvasir-SEG/images/cju33eqwbcch208012jikwdky.jpg,/Users/brian/Desktop/VCL318/Swin-ViT/ViTUnet vs SwinUnet/Dataset/processed/Kvasir-SEG/masks/cju33eqwbcch208012jikwdky.png,626,547,0.139287,True,1
cju33jon3ygbj0993pu22a4k6.jpg,cju33jon3ygbj0993pu22a4k6,train,/Users/brian/Desktop/VCL318/Swin-ViT/ViTUnet vs SwinUnet/Dataset/processed/Kvasir-SEG/images/cju33jon3ygbj0993pu22a4k6.jpg,/Users/brian/Desktop/VCL318/Swin-ViT/ViTUnet vs SwinUnet/Dataset/processed/Kvasir-SEG/masks/cju33jon3ygbj0993pu22a4k6.png,626,547,0.041256,True,1
cju33mirdc8mj0799k33wzoes.jpg,cju33mirdc8mj0799k33wzoes,train,/Users/brian/Desktop/VCL318/Swin-ViT/ViTUnet vs SwinUnet/Dataset/processed/Kvasir-SEG/images/cju33mirdc8mj0799k33wzoes.jpg,/Users/brian/Desktop/VCL318/Swin-ViT/ViTUnet vs SwinUnet/Dataset/processed/Kvasir-SEG/masks/cju33mirdc8mj0799k33wzoes.png,626,547,0.169995,True,1
cju33o12x2jm50988944mxq0v.jpg,cju33o12x2jm50988944mxq0v,train,/Users/brian/Desktop/VCL318/Swin-ViT/ViTUnet vs SwinUnet/Dataset/processed/Kvasir-SEG/images/cju33o12x2jm50988944mxq0v.jpg,/Users/brian/Desktop/VCL318/Swin-ViT/ViTUnet vs SwinUnet/Dataset/processed/Kvasir-SEG/masks/cju33o12x2jm50988944mxq0v.png,622,530,0.033565,True,1
cju33qpdvc9g0087825jhf3s9.jpg,cju33qpdvc9g0087825jhf3s9,train,/Users/brian/Desktop/VCL318/Swin-ViT/ViTUnet vs SwinUnet/Dataset/processed/Kvasir-SEG/images/cju33qpdvc9g0087825jhf3s9.jpg,/Users/brian/Desktop/VCL318/Swin-ViT/ViTUnet vs SwinUnet/Dataset/processed/Kvasir-SEG/masks/cju33qpdvc9g0087825jhf3s9.png,622,531,0.034116,True,1
cju33w4sdcivk0855x879zht7.jpg,cju33w4sdcivk0855x879zht7,train,/Users/brian/Desktop/VCL318/Swin-ViT/ViTUnet vs SwinUnet/Dataset/processed/Kvasir-SEG/images/cju33w4sdcivk0855x879zht7.jpg,/Users/brian/Desktop/VCL318/Swin-ViT/ViTUnet vs SwinUnet/Dataset/processed/Kvasir-SEG/masks/cju33w4sdcivk0855x879zht7.png,617,547,0.075668,True,1
cju33yemn2qb20988wfjxximx.jpg,cju33yemn2qb20988wfjxximx,train,/Users/brian/Desktop/VCL318/Swin-ViT/ViTUnet vs SwinUnet/Dataset/processed/Kvasir-SEG/images/cju33yemn2qb20988wfjxximx.jpg,/Users/brian/Desktop/VCL318/Swin-ViT/ViTUnet vs SwinUnet/Dataset/processed/Kvasir-SEG/masks/cju33yemn2qb20988wfjxximx.png,622,511,0.042896,True,1
cju33za6l2qy70988jhrlp2ev.jpg,cju33za6l2qy70988jhrlp2ev,train,/Users/brian/Desktop/VCL318/Swin-ViT/ViTUnet vs SwinUnet/Dataset/processed/Kvasir-SEG/images/cju33za6l2qy70988jhrlp2ev.jpg,/Users/brian/Desktop/VCL318/Swin-ViT/ViTUnet vs SwinUnet/Dataset/processed/Kvasir-SEG/masks/cju33za6l2qy70988jhrlp2ev.png,626,546,0.057271,True,1
cju34aozyyy830993bn16u32n.jpg,cju34aozyyy830993bn16u32n,train,/Users/brian/Desktop/VCL318/Swin-ViT/ViTUnet vs SwinUnet/Dataset/processed/Kvasir-SEG/images/cju34aozyyy830993bn16u32n.jpg,/Users/brian/Desktop/VCL318/Swin-ViT/ViTUnet vs SwinUnet/Dataset/processed/Kvasir-SEG/masks/cju34aozyyy830993bn16u32n.png,609,530,0.265669,True,1
cju34c1xfyz920993itxkkfad.jpg,cju34c1xfyz920993itxkkfad,train,/Users/brian/Desktop/VCL318/Swin-ViT/ViTUnet vs SwinUnet/Dataset/processed/Kvasir-SEG/images/cju34c1xfyz920993itxkkfad.jpg,/Users/brian/Desktop/VCL318/Swin-ViT/ViTUnet vs SwinUnet/Dataset/processed/Kvasir-SEG/masks/cju34c1xfyz920993itxkkfad.png,570,508,0.257432,True,1
cju34eqjpcpm508788b3lhp97.jpg,cju34eqjpcpm508788b3lhp97,train,/Users/brian/Desktop/VCL318/Swin-ViT/ViTUnet vs SwinUnet/Dataset/processed/Kvasir-SEG/images/cju34eqjpcpm508788b3lhp97.jpg,/Users/brian/Desktop/VCL318/Swin-ViT/ViTUnet vs SwinUnet/Dataset/processed/Kvasir-SEG/masks/cju34eqjpcpm508788b3lhp97.png,557,531,0.100048,True,1
cju34i3qvcyog0855qiejxx5w.jpg,cju34i3qvcyog0855qiejxx5w,train,/Users/brian/Desktop/VCL318/Swin-ViT/ViTUnet vs SwinUnet/Dataset/processed/Kvasir-SEG/images/cju34i3qvcyog0855qiejxx5w.jpg,/Users/brian/Desktop/VCL318/Swin-ViT/ViTUnet vs SwinUnet/Dataset/processed/Kvasir-SEG/masks/cju34i3qvcyog0855qiejxx5w.png,622,529,0.286879,True,1
cju34m7h536wq0988xz7gx79v.jpg,cju34m7h536wq0988xz7gx79v,train,/Users/brian/Desktop/VCL318/Swin-ViT/ViTUnet vs SwinUnet/Dataset/processed/Kvasir-SEG/images/cju34m7h536wq0988xz7gx79v.jpg,/Users/brian/Desktop/VCL318/Swin-ViT/ViTUnet vs SwinUnet/Dataset/processed/Kvasir-SEG/masks/cju34m7h536wq0988xz7gx79v.png,617,531,0.103242,True,1
cju34repocy5208780gswillm.jpg,cju34repocy5208780gswillm,train,/Users/brian/Desktop/VCL318/Swin-ViT/ViTUnet vs SwinUnet/Dataset/processed/Kvasir-SEG/images/cju34repocy5208780gswillm.jpg,/Users/brian/Desktop/VCL318/Swin-ViT/ViTUnet vs SwinUnet/Dataset/processed/Kvasir-SEG/masks/cju34repocy5208780gswillm.png,622,529,0.224102,True,1
cju34uhepd3dd0799hs8782ad.jpg,cju34uhepd3dd0799hs8782ad,train,/Users/brian/Desktop/VCL318/Swin-ViT/ViTUnet vs SwinUnet/Dataset/processed/Kvasir-SEG/images/cju34uhepd3dd0799hs8782ad.jpg,/Users/brian/Desktop/VCL318/Swin-ViT/ViTUnet vs SwinUnet/Dataset/processed/Kvasir-SEG/masks/cju34uhepd3dd0799hs8782ad.png,626,546,0.024819,True,1
cju34xspwzenf0993cyzajv9n.jpg,cju34xspwzenf0993cyzajv9n,train,/Users/brian/Desktop/VCL318/Swin-ViT/ViTUnet vs SwinUnet/Dataset/processed/Kvasir-SEG/images/cju34xspwzenf0993cyzajv9n.jpg,/Users/brian/Desktop/VCL318/Swin-ViT/ViTUnet vs SwinUnet/Dataset/processed/Kvasir-SEG/masks/cju34xspwzenf0993cyzajv9n.png,626,547,0.18905,True,2
cju34zivp3fq80988opxbaqyn.jpg,cju34zivp3fq80988opxbaqyn,train,/Users/brian/Desktop/VCL318/Swin-ViT/ViTUnet vs SwinUnet/Dataset/processed/Kvasir-SEG/images/cju34zivp3fq80988opxbaqyn.jpg,/Users/brian/Desktop/VCL318/Swin-ViT/ViTUnet vs SwinUnet/Dataset/processed/Kvasir-SEG/masks/cju34zivp3fq80988opxbaqyn.png,580,528,0.07259,True,1
cju3518w2d838079939fqztbc.jpg,cju3518w2d838079939fqztbc,train,/Users/brian/Desktop/VCL318/Swin-ViT/ViTUnet vs SwinUnet/Dataset/processed/Kvasir-SEG/images/cju3518w2d838079939fqztbc.jpg,/Users/brian/Desktop/VCL318/Swin-ViT/ViTUnet vs SwinUnet/Dataset/processed/Kvasir-SEG/masks/cju3518w2d838079939fqztbc.png,623,529,0.170302,True,1
cju3521y5d5mq0878t3ezsu4p.jpg,cju3521y5d5mq0878t3ezsu4p,train,/Users/brian/Desktop/VCL318/Swin-ViT/ViTUnet vs SwinUnet/Dataset/processed/Kvasir-SEG/images/cju3521y5d5mq0878t3ezsu4p.jpg,/Users/brian/Desktop/VCL318/Swin-ViT/ViTUnet vs SwinUnet/Dataset/processed/Kvasir-SEG/masks/cju3521y5d5mq0878t3ezsu4p.png,622,530,0.061048,True,1
cju353d1eda8c07992afde611.jpg,cju353d1eda8c07992afde611,train,/Users/brian/Desktop/VCL318/Swin-ViT/ViTUnet vs SwinUnet/Dataset/processed/Kvasir-SEG/images/cju353d1eda8c07992afde611.jpg,/Users/brian/Desktop/VCL318/Swin-ViT/ViTUnet vs SwinUnet/Dataset/processed/Kvasir-SEG/masks/cju353d1eda8c07992afde611.png,622,528,0.091585,True,1
cju35740hzm0g0993zl5ic246.jpg,cju35740hzm0g0993zl5ic246,train,/Users/brian/Desktop/VCL318/Swin-ViT/ViTUnet vs SwinUnet/Dataset/processed/Kvasir-SEG/images/cju35740hzm0g0993zl5ic246.jpg,/Users/brian/Desktop/VCL318/Swin-ViT/ViTUnet vs SwinUnet/Dataset/processed/Kvasir-SEG/masks/cju35740hzm0g0993zl5ic246.png,557,474,0.043736,True,1
cju357rxxdaz30878y2esjpjt.jpg,cju357rxxdaz30878y2esjpjt,train,/Users/brian/Desktop/VCL318/Swin-ViT/ViTUnet vs SwinUnet/Dataset/processed/Kvasir-SEG/images/cju357rxxdaz30878y2esjpjt.jpg,/Users/brian/Desktop/VCL318/Swin-ViT/ViTUnet vs SwinUnet/Dataset/processed/Kvasir-SEG/masks/cju357rxxdaz30878y2esjpjt.png,558,531,0.033372,True,1
cju358pwtdby20878cg7nm0np.jpg,cju358pwtdby20878cg7nm0np,train,/Users/brian/Desktop/VCL318/Swin-ViT/ViTUnet vs SwinUnet/Dataset/processed/Kvasir-SEG/images/cju358pwtdby20878cg7nm0np.jpg,/Users/brian/Desktop/VCL318/Swin-ViT/ViTUnet vs SwinUnet/Dataset/processed/Kvasir-SEG/masks/cju358pwtdby20878cg7nm0np.png,581,528,0.044682,True,1
cju35a77vdj4n08556jj2lgmc.jpg,cju35a77vdj4n08556jj2lgmc,train,/Users/brian/Desktop/VCL318/Swin-ViT/ViTUnet vs SwinUnet/Dataset/processed/Kvasir-SEG/images/cju35a77vdj4n08556jj2lgmc.jpg,/Users/brian/Desktop/VCL318/Swin-ViT/ViTUnet vs SwinUnet/Dataset/processed/Kvasir-SEG/masks/cju35a77vdj4n08556jj2lgmc.png,570,530,0.271258,True,1
cju35fxqyzt5p0993vusm54qz.jpg,cju35fxqyzt5p0993vusm54qz,train,/Users/brian/Desktop/VCL318/Swin-ViT/ViTUnet vs SwinUnet/Dataset/processed/Kvasir-SEG/images/cju35fxqyzt5p0993vusm54qz.jpg,/Users/brian/Desktop/VCL318/Swin-ViT/ViTUnet vs SwinUnet/Dataset/processed/Kvasir-SEG/masks/cju35fxqyzt5p0993vusm54qz.png,613,531,0.159197,True,1
cju35i2e63uxr0835h7zgkg9k.jpg,cju35i2e63uxr0835h7zgkg9k,train,/Users/brian/Desktop/VCL318/Swin-ViT/ViTUnet vs SwinUnet/Dataset/processed/Kvasir-SEG/images/cju35i2e63uxr0835h7zgkg9k.jpg,/Users/brian/Desktop/VCL318/Swin-ViT/ViTUnet vs SwinUnet/Dataset/processed/Kvasir-SEG/masks/cju35i2e63uxr0835h7zgkg9k.png,614,531,0.172473,True,1
cju35ldepdtlm0801yv79y8vu.jpg,cju35ldepdtlm0801yv79y8vu,train,/Users/brian/Desktop/VCL318/Swin-ViT/ViTUnet vs SwinUnet/Dataset/processed/Kvasir-SEG/images/cju35ldepdtlm0801yv79y8vu.jpg,/Users/brian/Desktop/VCL318/Swin-ViT/ViTUnet vs SwinUnet/Dataset/processed/Kvasir-SEG/masks/cju35ldepdtlm0801yv79y8vu.png,626,547,0.049235,True,1
cju35mdz73x890835eynq1h9v.jpg,cju35mdz73x890835eynq1h9v,train,/Users/brian/Desktop/VCL318/Swin-ViT/ViTUnet vs SwinUnet/Dataset/processed/Kvasir-SEG/images/cju35mdz73x890835eynq1h9v.jpg,/Users/brian/Desktop/VCL318/Swin-ViT/ViTUnet vs SwinUnet/Dataset/processed/Kvasir-SEG/masks/cju35mdz73x890835eynq1h9v.png,570,529,0.140633,True,1
cju35oyvd3y850988km12hdz1.jpg,cju35oyvd3y850988km12hdz1,train,/Users/brian/Desktop/VCL318/Swin-ViT/ViTUnet vs SwinUnet/Dataset/processed/Kvasir-SEG/images/cju35oyvd3y850988km12hdz1.jpg,/Users/brian/Desktop/VCL318/Swin-ViT/ViTUnet vs SwinUnet/Dataset/processed/Kvasir-SEG/masks/cju35oyvd3y850988km12hdz1.png,590,506,0.089,True,1
cju3tp94kfstl08181awh6z49.jpg,cju3tp94kfstl08181awh6z49,train,/Users/brian/Desktop/VCL318/Swin-ViT/ViTUnet vs SwinUnet/Dataset/processed/Kvasir-SEG/images/cju3tp94kfstl08181awh6z49.jpg,/Users/brian/Desktop/VCL318/Swin-ViT/ViTUnet vs SwinUnet/Dataset/processed/Kvasir-SEG/masks/cju3tp94kfstl08181awh6z49.png,593,530,0.608209,True,1
cju3tsh4lfsok0987w6x3a0v1.jpg,cju3tsh4lfsok0987w6x3a0v1,train,/Users/brian/Desktop/VCL318/Swin-ViT/ViTUnet vs SwinUnet/Dataset/processed/Kvasir-SEG/images/cju3tsh4lfsok0987w6x3a0v1.jpg,/Users/brian/Desktop/VCL318/Swin-ViT/ViTUnet vs SwinUnet/Dataset/processed/Kvasir-SEG/masks/cju3tsh4lfsok0987w6x3a0v1.png,622,530,0.372681,True,1
cju3ttznuftyf09875t11850w.jpg,cju3ttznuftyf09875t11850w,train,/Users/brian/Desktop/VCL318/Swin-ViT/ViTUnet vs SwinUnet/Dataset/processed/Kvasir-SEG/images/cju3ttznuftyf09875t11850w.jpg,/Users/brian/Desktop/VCL318/Swin-ViT/ViTUnet vs SwinUnet/Dataset/processed/Kvasir-SEG/masks/cju3ttznuftyf09875t11850w.png,626,547,0.101369,True,1
cju3u1c8tfyqx08503iedc3mx.jpg,cju3u1c8tfyqx08503iedc3mx,train,/Users/brian/Desktop/VCL318/Swin-ViT/ViTUnet vs SwinUnet/Dataset/processed/Kvasir-SEG/images/cju3u1c8tfyqx08503iedc3mx.jpg,/Users/brian/Desktop/VCL318/Swin-ViT/ViTUnet vs SwinUnet/Dataset/processed/Kvasir-SEG/masks/cju3u1c8tfyqx08503iedc3mx.png,622,528,0.152337,True,1
cju3u39fog1bo0871lxjrabks.jpg,cju3u39fog1bo0871lxjrabks,train,/Users/brian/Desktop/VCL318/Swin-ViT/ViTUnet vs SwinUnet/Dataset/processed/Kvasir-SEG/images/cju3u39fog1bo0871lxjrabks.jpg,/Users/brian/Desktop/VCL318/Swin-ViT/ViTUnet vs SwinUnet/Dataset/processed/Kvasir-SEG/masks/cju3u39fog1bo0871lxjrabks.png,1205,1010,0.086793,True,1
cju3u4lxmg59o0755rz42b9en.jpg,cju3u4lxmg59o0755rz42b9en,train,/Users/brian/Desktop/VCL318/Swin-ViT/ViTUnet vs SwinUnet/Dataset/processed/Kvasir-SEG/images/cju3u4lxmg59o0755rz42b9en.jpg,/Users/brian/Desktop/VCL318/Swin-ViT/ViTUnet vs SwinUnet/Dataset/processed/Kvasir-SEG/masks/cju3u4lxmg59o0755rz42b9en.png,622,528,0.133815,True,1
cju3u815rg4ek0850vvhtcvcm.jpg,cju3u815rg4ek0850vvhtcvcm,train,/Users/brian/Desktop/VCL318/Swin-ViT/ViTUnet vs SwinUnet/Dataset/processed/Kvasir-SEG/images/cju3u815rg4ek0850vvhtcvcm.jpg,/Users/brian/Desktop/VCL318/Swin-ViT/ViTUnet vs SwinUnet/Dataset/processed/Kvasir-SEG/masks/cju3u815rg4ek0850vvhtcvcm.png,595,546,0.448367,True,1
cju3ua8u0g9rg0801uayhdxhu.jpg,cju3ua8u0g9rg0801uayhdxhu,train,/Users/brian/Desktop/VCL318/Swin-ViT/ViTUnet vs SwinUnet/Dataset/processed/Kvasir-SEG/images/cju3ua8u0g9rg0801uayhdxhu.jpg,/Users/brian/Desktop/VCL318/Swin-ViT/ViTUnet vs SwinUnet/Dataset/processed/Kvasir-SEG/masks/cju3ua8u0g9rg0801uayhdxhu.png,622,530,0.14083,True,1
cju3ul8dogf1z09872y2ecowp.jpg,cju3ul8dogf1z09872y2ecowp,train,/Users/brian/Desktop/VCL318/Swin-ViT/ViTUnet vs SwinUnet/Dataset/processed/Kvasir-SEG/images/cju3ul8dogf1z09872y2ecowp.jpg,/Users/brian/Desktop/VCL318/Swin-ViT/ViTUnet vs SwinUnet/Dataset/processed/Kvasir-SEG/masks/cju3ul8dogf1z09872y2ecowp.png,609,531,0.047536,True,1
cju3umoh1geet0817cmpef5am.jpg,cju3umoh1geet0817cmpef5am,train,/Users/brian/Desktop/VCL318/Swin-ViT/ViTUnet vs SwinUnet/Dataset/processed/Kvasir-SEG/images/cju3umoh1geet0817cmpef5am.jpg,/Users/brian/Desktop/VCL318/Swin-ViT/ViTUnet vs SwinUnet/Dataset/processed/Kvasir-SEG/masks/cju3umoh1geet0817cmpef5am.png,599,531,0.107332,True,1
cju3uwz6ogsp10801h2r3bj5l.jpg,cju3uwz6ogsp10801h2r3bj5l,train,/Users/brian/Desktop/VCL318/Swin-ViT/ViTUnet vs SwinUnet/Dataset/processed/Kvasir-SEG/images/cju3uwz6ogsp10801h2r3bj5l.jpg,/Users/brian/Desktop/VCL318/Swin-ViT/ViTUnet vs SwinUnet/Dataset/processed/Kvasir-SEG/masks/cju3uwz6ogsp10801h2r3bj5l.png,622,531,0.068859,True,1
cju3uz4o6gr9z0850lhxyxvsj.jpg,cju3uz4o6gr9z0850lhxyxvsj,train,/Users/brian/Desktop/VCL318/Swin-ViT/ViTUnet vs SwinUnet/Dataset/processed/Kvasir-SEG/images/cju3uz4o6gr9z0850lhxyxvsj.jpg,/Users/brian/Desktop/VCL318/Swin-ViT/ViTUnet vs SwinUnet/Dataset/processed/Kvasir-SEG/masks/cju3uz4o6gr9z0850lhxyxvsj.png,1348,1070,0.206772,True,1
cju3v0fl3gwce0755qkjhzmd4.jpg,cju3v0fl3gwce0755qkjhzmd4,train,/Users/brian/Desktop/VCL318/Swin-ViT/ViTUnet vs SwinUnet/Dataset/processed/Kvasir-SEG/images/cju3v0fl3gwce0755qkjhzmd4.jpg,/Users/brian/Desktop/VCL318/Swin-ViT/ViTUnet vs SwinUnet/Dataset/processed/Kvasir-SEG/masks/cju3v0fl3gwce0755qkjhzmd4.png,621,530,0.218114,True,1
cju3v11mrgwwb0755u242ygye.jpg,cju3v11mrgwwb0755u242ygye,train,/Users/brian/Desktop/VCL318/Swin-ViT/ViTUnet vs SwinUnet/Dataset/processed/Kvasir-SEG/images/cju3v11mrgwwb0755u242ygye.jpg,/Users/brian/Desktop/VCL318/Swin-ViT/ViTUnet vs SwinUnet/Dataset/processed/Kvasir-SEG/masks/cju3v11mrgwwb0755u242ygye.png,622,530,0.074104,True,1
cju3v56bwgy8v0871w14pz8fx.jpg,cju3v56bwgy8v0871w14pz8fx,train,/Users/brian/Desktop/VCL318/Swin-ViT/ViTUnet vs SwinUnet/Dataset/processed/Kvasir-SEG/images/cju3v56bwgy8v0871w14pz8fx.jpg,/Users/brian/Desktop/VCL318/Swin-ViT/ViTUnet vs SwinUnet/Dataset/processed/Kvasir-SEG/masks/cju3v56bwgy8v0871w14pz8fx.png,570,531,0.158724,True,2
cju3v664kh0px0818y4y7wolf.jpg,cju3v664kh0px0818y4y7wolf,train,/Users/brian/Desktop/VCL318/Swin-ViT/ViTUnet vs SwinUnet/Dataset/processed/Kvasir-SEG/images/cju3v664kh0px0818y4y7wolf.jpg,/Users/brian/Desktop/VCL318/Swin-ViT/ViTUnet vs SwinUnet/Dataset/processed/Kvasir-SEG/masks/cju3v664kh0px0818y4y7wolf.png,621,531,0.061267,True,1
cju3v72v5h1qz0818fggilwtq.jpg,cju3v72v5h1qz0818fggilwtq,train,/Users/brian/Desktop/VCL318/Swin-ViT/ViTUnet vs SwinUnet/Dataset/processed/Kvasir-SEG/images/cju3v72v5h1qz0818fggilwtq.jpg,/Users/brian/Desktop/VCL318/Swin-ViT/ViTUnet vs SwinUnet/Dataset/processed/Kvasir-SEG/masks/cju3v72v5h1qz0818fggilwtq.png,622,529,0.035719,True,1
cju3wstckialg0871xs0vevsj.jpg,cju3wstckialg0871xs0vevsj,train,/Users/brian/Desktop/VCL318/Swin-ViT/ViTUnet vs SwinUnet/Dataset/processed/Kvasir-SEG/images/cju3wstckialg0871xs0vevsj.jpg,/Users/brian/Desktop/VCL318/Swin-ViT/ViTUnet vs SwinUnet/Dataset/processed/Kvasir-SEG/masks/cju3wstckialg0871xs0vevsj.png,564,529,0.330545,True,1
cju3x2s11ibzi0817kk284k0j.jpg,cju3x2s11ibzi0817kk284k0j,train,/Users/brian/Desktop/VCL318/Swin-ViT/ViTUnet vs SwinUnet/Dataset/processed/Kvasir-SEG/images/cju3x2s11ibzi0817kk284k0j.jpg,/Users/brian/Desktop/VCL318/Swin-ViT/ViTUnet vs SwinUnet/Dataset/processed/Kvasir-SEG/masks/cju3x2s11ibzi0817kk284k0j.png,622,530,0.100522,True,1
cju3x5u2tiihx0818914gzxy1.jpg,cju3x5u2tiihx0818914gzxy1,train,/Users/brian/Desktop/VCL318/Swin-ViT/ViTUnet vs SwinUnet/Dataset/processed/Kvasir-SEG/images/cju3x5u2tiihx0818914gzxy1.jpg,/Users/brian/Desktop/VCL318/Swin-ViT/ViTUnet vs SwinUnet/Dataset/processed/Kvasir-SEG/masks/cju3x5u2tiihx0818914gzxy1.png,622,530,0.240172,True,1
cju3x7xsaijq80818f0psavav.jpg,cju3x7xsaijq80818f0psavav,train,/Users/brian/Desktop/VCL318/Swin-ViT/ViTUnet vs SwinUnet/Dataset/processed/Kvasir-SEG/images/cju3x7xsaijq80818f0psavav.jpg,/Users/brian/Desktop/VCL318/Swin-ViT/ViTUnet vs SwinUnet/Dataset/processed/Kvasir-SEG/masks/cju3x7xsaijq80818f0psavav.png,590,531,0.125449,True,1
cju3x9lttikfb0818a0g104zn.jpg,cju3x9lttikfb0818a0g104zn,train,/Users/brian/Desktop/VCL318/Swin-ViT/ViTUnet vs SwinUnet/Dataset/processed/Kvasir-SEG/images/cju3x9lttikfb0818a0g104zn.jpg,/Users/brian/Desktop/VCL318/Swin-ViT/ViTUnet vs SwinUnet/Dataset/processed/Kvasir-SEG/masks/cju3x9lttikfb0818a0g104zn.png,622,530,0.053755,True,1
cju3xeexgii1j0817zs68tb4g.jpg,cju3xeexgii1j0817zs68tb4g,train,/Users/brian/Desktop/VCL318/Swin-ViT/ViTUnet vs SwinUnet/Dataset/processed/Kvasir-SEG/images/cju3xeexgii1j0817zs68tb4g.jpg,/Users/brian/Desktop/VCL318/Swin-ViT/ViTUnet vs SwinUnet/Dataset/processed/Kvasir-SEG/masks/cju3xeexgii1j0817zs68tb4g.png,622,528,0.338561,True,1
cju3xga12iixg0817dijbvjxw.jpg,cju3xga12iixg0817dijbvjxw,train,/Users/brian/Desktop/VCL318/Swin-ViT/ViTUnet vs SwinUnet/Dataset/processed/Kvasir-SEG/images/cju3xga12iixg0817dijbvjxw.jpg,/Users/brian/Desktop/VCL318/Swin-ViT/ViTUnet vs SwinUnet/Dataset/processed/Kvasir-SEG/masks/cju3xga12iixg0817dijbvjxw.png,622,530,0.290988,True,1
cju3xhpvvimda0987ygrpzni2.jpg,cju3xhpvvimda0987ygrpzni2,train,/Users/brian/Desktop/VCL318/Swin-ViT/ViTUnet vs SwinUnet/Dataset/processed/Kvasir-SEG/images/cju3xhpvvimda0987ygrpzni2.jpg,/Users/brian/Desktop/VCL318/Swin-ViT/ViTUnet vs SwinUnet/Dataset/processed/Kvasir-SEG/masks/cju3xhpvvimda0987ygrpzni2.png,622,530,0.08817,True,1
cju3xiic0ilzp0850lusrb42j.jpg,cju3xiic0ilzp0850lusrb42j,train,/Users/brian/Desktop/VCL318/Swin-ViT/ViTUnet vs SwinUnet/Dataset/processed/Kvasir-SEG/images/cju3xiic0ilzp0850lusrb42j.jpg,/Users/brian/Desktop/VCL318/Swin-ViT/ViTUnet vs SwinUnet/Dataset/processed/Kvasir-SEG/masks/cju3xiic0ilzp0850lusrb42j.png,571,530,0.028114,True,1
cju3xjqtpikx50817tppy6g84.jpg,cju3xjqtpikx50817tppy6g84,train,/Users/brian/Desktop/VCL318/Swin-ViT/ViTUnet vs SwinUnet/Dataset/processed/Kvasir-SEG/images/cju3xjqtpikx50817tppy6g84.jpg,/Users/brian/Desktop/VCL318/Swin-ViT/ViTUnet vs SwinUnet/Dataset/processed/Kvasir-SEG/masks/cju3xjqtpikx50817tppy6g84.png,622,530,0.146854,True,1
cju3xl264ingx0850rcf0rshj.jpg,cju3xl264ingx0850rcf0rshj,train,/Users/brian/Desktop/VCL318/Swin-ViT/ViTUnet vs SwinUnet/Dataset/processed/Kvasir-SEG/images/cju3xl264ingx0850rcf0rshj.jpg,/Users/brian/Desktop/VCL318/Swin-ViT/ViTUnet vs SwinUnet/Dataset/processed/Kvasir-SEG/masks/cju3xl264ingx0850rcf0rshj.png,622,531,0.101704,True,1
cju3xtufwiv9c0818djsc4cqd.jpg,cju3xtufwiv9c0818djsc4cqd,train,/Users/brian/Desktop/VCL318/Swin-ViT/ViTUnet vs SwinUnet/Dataset/processed/Kvasir-SEG/images/cju3xtufwiv9c0818djsc4cqd.jpg,/Users/brian/Desktop/VCL318/Swin-ViT/ViTUnet vs SwinUnet/Dataset/processed/Kvasir-SEG/masks/cju3xtufwiv9c0818djsc4cqd.png,615,530,0.055171,True,1
cju3xuj20ivgp0818mij8bjrd.jpg,cju3xuj20ivgp0818mij8bjrd,train,/Users/brian/Desktop/VCL318/Swin-ViT/ViTUnet vs SwinUnet/Dataset/processed/Kvasir-SEG/images/cju3xuj20ivgp0818mij8bjrd.jpg,/Users/brian/Desktop/VCL318/Swin-ViT/ViTUnet vs SwinUnet/Dataset/processed/Kvasir-SEG/masks/cju3xuj20ivgp0818mij8bjrd.png,622,527,0.029811,True,1
cju3xvoo2iqlc0817eku2r3wl.jpg,cju3xvoo2iqlc0817eku2r3wl,train,/Users/brian/Desktop/VCL318/Swin-ViT/ViTUnet vs SwinUnet/Dataset/processed/Kvasir-SEG/images/cju3xvoo2iqlc0817eku2r3wl.jpg,/Users/brian/Desktop/VCL318/Swin-ViT/ViTUnet vs SwinUnet/Dataset/processed/Kvasir-SEG/masks/cju3xvoo2iqlc0817eku2r3wl.png,446,530,0.051091,True,1
cju3xwpgviwlx0871rwm15q7v.jpg,cju3xwpgviwlx0871rwm15q7v,train,/Users/brian/Desktop/VCL318/Swin-ViT/ViTUnet vs SwinUnet/Dataset/processed/Kvasir-SEG/images/cju3xwpgviwlx0871rwm15q7v.jpg,/Users/brian/Desktop/VCL318/Swin-ViT/ViTUnet vs SwinUnet/Dataset/processed/Kvasir-SEG/masks/cju3xwpgviwlx0871rwm15q7v.png,626,547,0.070209,True,1
cju3xzvnzj0hd0755xprz39nj.jpg,cju3xzvnzj0hd0755xprz39nj,train,/Users/brian/Desktop/VCL318/Swin-ViT/ViTUnet vs SwinUnet/Dataset/processed/Kvasir-SEG/images/cju3xzvnzj0hd0755xprz39nj.jpg,/Users/brian/Desktop/VCL318/Swin-ViT/ViTUnet vs SwinUnet/Dataset/processed/Kvasir-SEG/masks/cju3xzvnzj0hd0755xprz39nj.png,625,513,0.354979,True,1
cju3y0pjrj1c30755nxekxccj.jpg,cju3y0pjrj1c30755nxekxccj,train,/Users/brian/Desktop/VCL318/Swin-ViT/ViTUnet vs SwinUnet/Dataset/processed/Kvasir-SEG/images/cju3y0pjrj1c30755nxekxccj.jpg,/Users/brian/Desktop/VCL318/Swin-ViT/ViTUnet vs SwinUnet/Dataset/processed/Kvasir-SEG/masks/cju3y0pjrj1c30755nxekxccj.png,570,531,0.038104,True,1
cju3y54kwj3nr0801biidlb4e.jpg,cju3y54kwj3nr0801biidlb4e,train,/Users/brian/Desktop/VCL318/Swin-ViT/ViTUnet vs SwinUnet/Dataset/processed/Kvasir-SEG/images/cju3y54kwj3nr0801biidlb4e.jpg,/Users/brian/Desktop/VCL318/Swin-ViT/ViTUnet vs SwinUnet/Dataset/processed/Kvasir-SEG/masks/cju3y54kwj3nr0801biidlb4e.png,620,546,0.579821,True,1
cju3y79ofj3va0871uqfb1mzo.jpg,cju3y79ofj3va0871uqfb1mzo,train,/Users/brian/Desktop/VCL318/Swin-ViT/ViTUnet vs SwinUnet/Dataset/processed/Kvasir-SEG/images/cju3y79ofj3va0871uqfb1mzo.jpg,/Users/brian/Desktop/VCL318/Swin-ViT/ViTUnet vs SwinUnet/Dataset/processed/Kvasir-SEG/masks/cju3y79ofj3va0871uqfb1mzo.png,598,530,0.108125,True,1
cju3y9difj6th0801kd1rqm3w.jpg,cju3y9difj6th0801kd1rqm3w,train,/Users/brian/Desktop/VCL318/Swin-ViT/ViTUnet vs SwinUnet/Dataset/processed/Kvasir-SEG/images/cju3y9difj6th0801kd1rqm3w.jpg,/Users/brian/Desktop/VCL318/Swin-ViT/ViTUnet vs SwinUnet/Dataset/processed/Kvasir-SEG/masks/cju3y9difj6th0801kd1rqm3w.png,597,529,0.099606,True,1
cju3ya7goj6at0818v2l5ay7f.jpg,cju3ya7goj6at0818v2l5ay7f,train,/Users/brian/Desktop/VCL318/Swin-ViT/ViTUnet vs SwinUnet/Dataset/processed/Kvasir-SEG/images/cju3ya7goj6at0818v2l5ay7f.jpg,/Users/brian/Desktop/VCL318/Swin-ViT/ViTUnet vs SwinUnet/Dataset/processed/Kvasir-SEG/masks/cju3ya7goj6at0818v2l5ay7f.png,626,547,0.033771,True,2
cju3yht87j83m08507yk1u1fg.jpg,cju3yht87j83m08507yk1u1fg,train,/Users/brian/Desktop/VCL318/Swin-ViT/ViTUnet vs SwinUnet/Dataset/processed/Kvasir-SEG/images/cju3yht87j83m08507yk1u1fg.jpg,/Users/brian/Desktop/VCL318/Swin-ViT/ViTUnet vs SwinUnet/Dataset/processed/Kvasir-SEG/masks/cju3yht87j83m08507yk1u1fg.png,570,530,0.430235,True,1
cju3ykamdj9u208503pygyuc8.jpg,cju3ykamdj9u208503pygyuc8,train,/Users/brian/Desktop/VCL318/Swin-ViT/ViTUnet vs SwinUnet/Dataset/processed/Kvasir-SEG/images/cju3ykamdj9u208503pygyuc8.jpg,/Users/brian/Desktop/VCL318/Swin-ViT/ViTUnet vs SwinUnet/Dataset/processed/Kvasir-SEG/masks/cju3ykamdj9u208503pygyuc8.png,1220,1010,0.016682,True,2
cju40m0rjkpw80871z6n6yg1u.jpg,cju40m0rjkpw80871z6n6yg1u,train,/Users/brian/Desktop/VCL318/Swin-ViT/ViTUnet vs SwinUnet/Dataset/processed/Kvasir-SEG/images/cju40m0rjkpw80871z6n6yg1u.jpg,/Users/brian/Desktop/VCL318/Swin-ViT/ViTUnet vs SwinUnet/Dataset/processed/Kvasir-SEG/masks/cju40m0rjkpw80871z6n6yg1u.png,586,528,0.214684,True,2
cju40r6jrksyk0871wg98zgho.jpg,cju40r6jrksyk0871wg98zgho,train,/Users/brian/Desktop/VCL318/Swin-ViT/ViTUnet vs SwinUnet/Dataset/processed/Kvasir-SEG/images/cju40r6jrksyk0871wg98zgho.jpg,/Users/brian/Desktop/VCL318/Swin-ViT/ViTUnet vs SwinUnet/Dataset/processed/Kvasir-SEG/masks/cju40r6jrksyk0871wg98zgho.png,622,528,0.166871,True,1
cju40sdwukv3k0755y99ug1k8.jpg,cju40sdwukv3k0755y99ug1k8,train,/Users/brian/Desktop/VCL318/Swin-ViT/ViTUnet vs SwinUnet/Dataset/processed/Kvasir-SEG/images/cju40sdwukv3k0755y99ug1k8.jpg,/Users/brian/Desktop/VCL318/Swin-ViT/ViTUnet vs SwinUnet/Dataset/processed/Kvasir-SEG/masks/cju40sdwukv3k0755y99ug1k8.png,615,528,0.101497,True,1
cju40taxlkrho0987smigg0x0.jpg,cju40taxlkrho0987smigg0x0,train,/Users/brian/Desktop/VCL318/Swin-ViT/ViTUnet vs SwinUnet/Dataset/processed/Kvasir-SEG/images/cju40taxlkrho0987smigg0x0.jpg,/Users/brian/Desktop/VCL318/Swin-ViT/ViTUnet vs SwinUnet/Dataset/processed/Kvasir-SEG/masks/cju40taxlkrho0987smigg0x0.png,622,393,0.101847,True,1
cju40u30gkuzc0871rq7t666d.jpg,cju40u30gkuzc0871rq7t666d,train,/Users/brian/Desktop/VCL318/Swin-ViT/ViTUnet vs SwinUnet/Dataset/processed/Kvasir-SEG/images/cju40u30gkuzc0871rq7t666d.jpg,/Users/brian/Desktop/VCL318/Swin-ViT/ViTUnet vs SwinUnet/Dataset/processed/Kvasir-SEG/masks/cju40u30gkuzc0871rq7t666d.png,626,546,0.066306,True,1
cju40w3hbkwpn08015rbs3wko.jpg,cju40w3hbkwpn08015rbs3wko,train,/Users/brian/Desktop/VCL318/Swin-ViT/ViTUnet vs SwinUnet/Dataset/processed/Kvasir-SEG/images/cju40w3hbkwpn08015rbs3wko.jpg,/Users/brian/Desktop/VCL318/Swin-ViT/ViTUnet vs SwinUnet/Dataset/processed/Kvasir-SEG/masks/cju40w3hbkwpn08015rbs3wko.png,621,528,0.067962,True,1
cju40wto5kxwi0755it190f2k.jpg,cju40wto5kxwi0755it190f2k,train,/Users/brian/Desktop/VCL318/Swin-ViT/ViTUnet vs SwinUnet/Dataset/processed/Kvasir-SEG/images/cju40wto5kxwi0755it190f2k.jpg,/Users/brian/Desktop/VCL318/Swin-ViT/ViTUnet vs SwinUnet/Dataset/processed/Kvasir-SEG/masks/cju40wto5kxwi0755it190f2k.png,1348,1070,0.052694,True,1
cju410dnfl0960755y8lu8d79.jpg,cju410dnfl0960755y8lu8d79,train,/Users/brian/Desktop/VCL318/Swin-ViT/ViTUnet vs SwinUnet/Dataset/processed/Kvasir-SEG/images/cju410dnfl0960755y8lu8d79.jpg,/Users/brian/Desktop/VCL318/Swin-ViT/ViTUnet vs SwinUnet/Dataset/processed/Kvasir-SEG/masks/cju410dnfl0960755y8lu8d79.png,626,546,0.209341,True,1
cju41lojblbs307555jdci937.jpg,cju41lojblbs307555jdci937,train,/Users/brian/Desktop/VCL318/Swin-ViT/ViTUnet vs SwinUnet/Dataset/processed/Kvasir-SEG/images/cju41lojblbs307555jdci937.jpg,/Users/brian/Desktop/VCL318/Swin-ViT/ViTUnet vs SwinUnet/Dataset/processed/Kvasir-SEG/masks/cju41lojblbs307555jdci937.png,626,547,0.059649,True,1
cju41nz76lcxu0755cya2qefx.jpg,cju41nz76lcxu0755cya2qefx,train,/Users/brian/Desktop/VCL318/Swin-ViT/ViTUnet vs SwinUnet/Dataset/processed/Kvasir-SEG/images/cju41nz76lcxu0755cya2qefx.jpg,/Users/brian/Desktop/VCL318/Swin-ViT/ViTUnet vs SwinUnet/Dataset/processed/Kvasir-SEG/masks/cju41nz76lcxu0755cya2qefx.png,586,514,0.183467,True,1
cju41p90plcsx08018cnzpndc.jpg,cju41p90plcsx08018cnzpndc,train,/Users/brian/Desktop/VCL318/Swin-ViT/ViTUnet vs SwinUnet/Dataset/processed/Kvasir-SEG/images/cju41p90plcsx08018cnzpndc.jpg,/Users/brian/Desktop/VCL318/Swin-ViT/ViTUnet vs SwinUnet/Dataset/processed/Kvasir-SEG/masks/cju41p90plcsx08018cnzpndc.png,622,529,0.02438,True,1
cju41r6v2lcww0871ps8k8pf5.jpg,cju41r6v2lcww0871ps8k8pf5,train,/Users/brian/Desktop/VCL318/Swin-ViT/ViTUnet vs SwinUnet/Dataset/processed/Kvasir-SEG/images/cju41r6v2lcww0871ps8k8pf5.jpg,/Users/brian/Desktop/VCL318/Swin-ViT/ViTUnet vs SwinUnet/Dataset/processed/Kvasir-SEG/masks/cju41r6v2lcww0871ps8k8pf5.png,594,529,0.191916,True,1
cju41s6nbleqy0755e2mslg0b.jpg,cju41s6nbleqy0755e2mslg0b,train,/Users/brian/Desktop/VCL318/Swin-ViT/ViTUnet vs SwinUnet/Dataset/processed/Kvasir-SEG/images/cju41s6nbleqy0755e2mslg0b.jpg,/Users/brian/Desktop/VCL318/Swin-ViT/ViTUnet vs SwinUnet/Dataset/processed/Kvasir-SEG/masks/cju41s6nbleqy0755e2mslg0b.png,561,530,0.091081,True,1
cju41z76wlgbz0801qdetlvby.jpg,cju41z76wlgbz0801qdetlvby,train,/Users/brian/Desktop/VCL318/Swin-ViT/ViTUnet vs SwinUnet/Dataset/processed/Kvasir-SEG/images/cju41z76wlgbz0801qdetlvby.jpg,/Users/brian/Desktop/VCL318/Swin-ViT/ViTUnet vs SwinUnet/Dataset/processed/Kvasir-SEG/masks/cju41z76wlgbz0801qdetlvby.png,592,421,0.103831,True,1
cju422cm8lfxn0818ojicxejb.jpg,cju422cm8lfxn0818ojicxejb,train,/Users/brian/Desktop/VCL318/Swin-ViT/ViTUnet vs SwinUnet/Dataset/processed/Kvasir-SEG/images/cju422cm8lfxn0818ojicxejb.jpg,/Users/brian/Desktop/VCL318/Swin-ViT/ViTUnet vs SwinUnet/Dataset/processed/Kvasir-SEG/masks/cju422cm8lfxn0818ojicxejb.png,571,531,0.098885,True,1
cju424hy5lckr085073fva1ok.jpg,cju424hy5lckr085073fva1ok,train,/Users/brian/Desktop/VCL318/Swin-ViT/ViTUnet vs SwinUnet/Dataset/processed/Kvasir-SEG/images/cju424hy5lckr085073fva1ok.jpg,/Users/brian/Desktop/VCL318/Swin-ViT/ViTUnet vs SwinUnet/Dataset/processed/Kvasir-SEG/masks/cju424hy5lckr085073fva1ok.png,576,530,0.11081,True,1
cju426tomlhll0818fc0i7nvh.jpg,cju426tomlhll0818fc0i7nvh,train,/Users/brian/Desktop/VCL318/Swin-ViT/ViTUnet vs SwinUnet/Dataset/processed/Kvasir-SEG/images/cju426tomlhll0818fc0i7nvh.jpg,/Users/brian/Desktop/VCL318/Swin-ViT/ViTUnet vs SwinUnet/Dataset/processed/Kvasir-SEG/masks/cju426tomlhll0818fc0i7nvh.png,611,528,0.05626,True,1
cju428k5fldt108177s6g6f45.jpg,cju428k5fldt108177s6g6f45,train,/Users/brian/Desktop/VCL318/Swin-ViT/ViTUnet vs SwinUnet/Dataset/processed/Kvasir-SEG/images/cju428k5fldt108177s6g6f45.jpg,/Users/brian/Desktop/VCL318/Swin-ViT/ViTUnet vs SwinUnet/Dataset/processed/Kvasir-SEG/masks/cju428k5fldt108177s6g6f45.png,622,530,0.213511,True,1
cju42dwedlmk60871jbgu4ehi.jpg,cju42dwedlmk60871jbgu4ehi,train,/Users/brian/Desktop/VCL318/Swin-ViT/ViTUnet vs SwinUnet/Dataset/processed/Kvasir-SEG/images/cju42dwedlmk60871jbgu4ehi.jpg,/Users/brian/Desktop/VCL318/Swin-ViT/ViTUnet vs SwinUnet/Dataset/processed/Kvasir-SEG/masks/cju42dwedlmk60871jbgu4ehi.png,621,531,0.161949,True,1
cju42g865lorv07552ytz6xxa.jpg,cju42g865lorv07552ytz6xxa,train,/Users/brian/Desktop/VCL318/Swin-ViT/ViTUnet vs SwinUnet/Dataset/processed/Kvasir-SEG/images/cju42g865lorv07552ytz6xxa.jpg,/Users/brian/Desktop/VCL318/Swin-ViT/ViTUnet vs SwinUnet/Dataset/processed/Kvasir-SEG/masks/cju42g865lorv07552ytz6xxa.png,599,527,0.216154,True,1
cju42m60jlpcm08186kqppzqv.jpg,cju42m60jlpcm08186kqppzqv,train,/Users/brian/Desktop/VCL318/Swin-ViT/ViTUnet vs SwinUnet/Dataset/processed/Kvasir-SEG/images/cju42m60jlpcm08186kqppzqv.jpg,/Users/brian/Desktop/VCL318/Swin-ViT/ViTUnet vs SwinUnet/Dataset/processed/Kvasir-SEG/masks/cju42m60jlpcm08186kqppzqv.png,626,547,0.079636,True,1
cju42nm68lpyo0818xvvqmupq.jpg,cju42nm68lpyo0818xvvqmupq,train,/Users/brian/Desktop/VCL318/Swin-ViT/ViTUnet vs SwinUnet/Dataset/processed/Kvasir-SEG/images/cju42nm68lpyo0818xvvqmupq.jpg,/Users/brian/Desktop/VCL318/Swin-ViT/ViTUnet vs SwinUnet/Dataset/processed/Kvasir-SEG/masks/cju42nm68lpyo0818xvvqmupq.png,504,530,0.165315,True,1
cju42py9mlqyd0818u3d1d7ga.jpg,cju42py9mlqyd0818u3d1d7ga,train,/Users/brian/Desktop/VCL318/Swin-ViT/ViTUnet vs SwinUnet/Dataset/processed/Kvasir-SEG/images/cju42py9mlqyd0818u3d1d7ga.jpg,/Users/brian/Desktop/VCL318/Swin-ViT/ViTUnet vs SwinUnet/Dataset/processed/Kvasir-SEG/masks/cju42py9mlqyd0818u3d1d7ga.png,545,433,0.104892,True,1
cju42qet0lsq90871e50xbnuv.jpg,cju42qet0lsq90871e50xbnuv,train,/Users/brian/Desktop/VCL318/Swin-ViT/ViTUnet vs SwinUnet/Dataset/processed/Kvasir-SEG/images/cju42qet0lsq90871e50xbnuv.jpg,/Users/brian/Desktop/VCL318/Swin-ViT/ViTUnet vs SwinUnet/Dataset/processed/Kvasir-SEG/masks/cju42qet0lsq90871e50xbnuv.png,598,531,0.075188,True,1
cju42romflni20817etb9a0fl.jpg,cju42romflni20817etb9a0fl,train,/Users/brian/Desktop/VCL318/Swin-ViT/ViTUnet vs SwinUnet/Dataset/processed/Kvasir-SEG/images/cju42romflni20817etb9a0fl.jpg,/Users/brian/Desktop/VCL318/Swin-ViT/ViTUnet vs SwinUnet/Dataset/processed/Kvasir-SEG/masks/cju42romflni20817etb9a0fl.png,622,528,0.092809,True,1
cju42tauqlo5p08171l3cuo4b.jpg,cju42tauqlo5p08171l3cuo4b,train,/Users/brian/Desktop/VCL318/Swin-ViT/ViTUnet vs SwinUnet/Dataset/processed/Kvasir-SEG/images/cju42tauqlo5p08171l3cuo4b.jpg,/Users/brian/Desktop/VCL318/Swin-ViT/ViTUnet vs SwinUnet/Dataset/processed/Kvasir-SEG/masks/cju42tauqlo5p08171l3cuo4b.png,627,547,0.056766,True,1
cju42u5bjlvi10801dc13sskp.jpg,cju42u5bjlvi10801dc13sskp,train,/Users/brian/Desktop/VCL318/Swin-ViT/ViTUnet vs SwinUnet/Dataset/processed/Kvasir-SEG/images/cju42u5bjlvi10801dc13sskp.jpg,/Users/brian/Desktop/VCL318/Swin-ViT/ViTUnet vs SwinUnet/Dataset/processed/Kvasir-SEG/masks/cju42u5bjlvi10801dc13sskp.png,541,528,0.121569,True,1
cju42wamblrqn098798r2yyok.jpg,cju42wamblrqn098798r2yyok,train,/Users/brian/Desktop/VCL318/Swin-ViT/ViTUnet vs SwinUnet/Dataset/processed/Kvasir-SEG/images/cju42wamblrqn098798r2yyok.jpg,/Users/brian/Desktop/VCL318/Swin-ViT/ViTUnet vs SwinUnet/Dataset/processed/Kvasir-SEG/masks/cju42wamblrqn098798r2yyok.png,621,547,0.227895,True,1
cju42xpi8lw4w0871ve317a1p.jpg,cju42xpi8lw4w0871ve317a1p,train,/Users/brian/Desktop/VCL318/Swin-ViT/ViTUnet vs SwinUnet/Dataset/processed/Kvasir-SEG/images/cju42xpi8lw4w0871ve317a1p.jpg,/Users/brian/Desktop/VCL318/Swin-ViT/ViTUnet vs SwinUnet/Dataset/processed/Kvasir-SEG/masks/cju42xpi8lw4w0871ve317a1p.png,465,530,0.087665,True,1
cju439oazm2fu0871ma0vvrft.jpg,cju439oazm2fu0871ma0vvrft,train,/Users/brian/Desktop/VCL318/Swin-ViT/ViTUnet vs SwinUnet/Dataset/processed/Kvasir-SEG/images/cju439oazm2fu0871ma0vvrft.jpg,/Users/brian/Desktop/VCL318/Swin-ViT/ViTUnet vs SwinUnet/Dataset/processed/Kvasir-SEG/masks/cju439oazm2fu0871ma0vvrft.png,622,531,0.168229,True,1
cju43b8daly4408170e5ev06g.jpg,cju43b8daly4408170e5ev06g,train,/Users/brian/Desktop/VCL318/Swin-ViT/ViTUnet vs SwinUnet/Dataset/processed/Kvasir-SEG/images/cju43b8daly4408170e5ev06g.jpg,/Users/brian/Desktop/VCL318/Swin-ViT/ViTUnet vs SwinUnet/Dataset/processed/Kvasir-SEG/masks/cju43b8daly4408170e5ev06g.png,600,531,0.193531,True,1
cju43c92lm5cj0755lorsorfg.jpg,cju43c92lm5cj0755lorsorfg,train,/Users/brian/Desktop/VCL318/Swin-ViT/ViTUnet vs SwinUnet/Dataset/processed/Kvasir-SEG/images/cju43c92lm5cj0755lorsorfg.jpg,/Users/brian/Desktop/VCL318/Swin-ViT/ViTUnet vs SwinUnet/Dataset/processed/Kvasir-SEG/masks/cju43c92lm5cj0755lorsorfg.png,591,529,0.043254,True,3
cju43eigtm6ev0801mv0m96t1.jpg,cju43eigtm6ev0801mv0m96t1,train,/Users/brian/Desktop/VCL318/Swin-ViT/ViTUnet vs SwinUnet/Dataset/processed/Kvasir-SEG/images/cju43eigtm6ev0801mv0m96t1.jpg,/Users/brian/Desktop/VCL318/Swin-ViT/ViTUnet vs SwinUnet/Dataset/processed/Kvasir-SEG/masks/cju43eigtm6ev0801mv0m96t1.png,619,528,0.411692,True,1
cju43gfosm63n08714rpih8pe.jpg,cju43gfosm63n08714rpih8pe,train,/Users/brian/Desktop/VCL318/Swin-ViT/ViTUnet vs SwinUnet/Dataset/processed/Kvasir-SEG/images/cju43gfosm63n08714rpih8pe.jpg,/Users/brian/Desktop/VCL318/Swin-ViT/ViTUnet vs SwinUnet/Dataset/processed/Kvasir-SEG/masks/cju43gfosm63n08714rpih8pe.png,622,530,0.266602,True,1
cju43in5fm22c08175rxziqrk.jpg,cju43in5fm22c08175rxziqrk,train,/Users/brian/Desktop/VCL318/Swin-ViT/ViTUnet vs SwinUnet/Dataset/processed/Kvasir-SEG/images/cju43in5fm22c08175rxziqrk.jpg,/Users/brian/Desktop/VCL318/Swin-ViT/ViTUnet vs SwinUnet/Dataset/processed/Kvasir-SEG/masks/cju43in5fm22c08175rxziqrk.png,616,530,0.28735,True,2
cju43lcnum9y10755bjs7z87f.jpg,cju43lcnum9y10755bjs7z87f,train,/Users/brian/Desktop/VCL318/Swin-ViT/ViTUnet vs SwinUnet/Dataset/processed/Kvasir-SEG/images/cju43lcnum9y10755bjs7z87f.jpg,/Users/brian/Desktop/VCL318/Swin-ViT/ViTUnet vs SwinUnet/Dataset/processed/Kvasir-SEG/masks/cju43lcnum9y10755bjs7z87f.png,590,528,0.040261,True,1
cju43mkj9m8wb0871qiadahub.jpg,cju43mkj9m8wb0871qiadahub,train,/Users/brian/Desktop/VCL318/Swin-ViT/ViTUnet vs SwinUnet/Dataset/processed/Kvasir-SEG/images/cju43mkj9m8wb0871qiadahub.jpg,/Users/brian/Desktop/VCL318/Swin-ViT/ViTUnet vs SwinUnet/Dataset/processed/Kvasir-SEG/masks/cju43mkj9m8wb0871qiadahub.png,626,547,0.100315,True,1
cju43o6n7m9nk087191ijwqq9.jpg,cju43o6n7m9nk087191ijwqq9,train,/Users/brian/Desktop/VCL318/Swin-ViT/ViTUnet vs SwinUnet/Dataset/processed/Kvasir-SEG/images/cju43o6n7m9nk087191ijwqq9.jpg,/Users/brian/Desktop/VCL318/Swin-ViT/ViTUnet vs SwinUnet/Dataset/processed/Kvasir-SEG/masks/cju43o6n7m9nk087191ijwqq9.png,618,530,0.079389,True,1
cju45jpvfn6c809873pv1i34s.jpg,cju45jpvfn6c809873pv1i34s,train,/Users/brian/Desktop/VCL318/Swin-ViT/ViTUnet vs SwinUnet/Dataset/processed/Kvasir-SEG/images/cju45jpvfn6c809873pv1i34s.jpg,/Users/brian/Desktop/VCL318/Swin-ViT/ViTUnet vs SwinUnet/Dataset/processed/Kvasir-SEG/masks/cju45jpvfn6c809873pv1i34s.png,593,530,0.127891,True,1
cju45lbgznahl08180xz1h7u6.jpg,cju45lbgznahl08180xz1h7u6,train,/Users/brian/Desktop/VCL318/Swin-ViT/ViTUnet vs SwinUnet/Dataset/processed/Kvasir-SEG/images/cju45lbgznahl08180xz1h7u6.jpg,/Users/brian/Desktop/VCL318/Swin-ViT/ViTUnet vs SwinUnet/Dataset/processed/Kvasir-SEG/masks/cju45lbgznahl08180xz1h7u6.png,622,527,0.094977,True,1
cju45pm27n80u08174kyow1gj.jpg,cju45pm27n80u08174kyow1gj,train,/Users/brian/Desktop/VCL318/Swin-ViT/ViTUnet vs SwinUnet/Dataset/processed/Kvasir-SEG/images/cju45pm27n80u08174kyow1gj.jpg,/Users/brian/Desktop/VCL318/Swin-ViT/ViTUnet vs SwinUnet/Dataset/processed/Kvasir-SEG/masks/cju45pm27n80u08174kyow1gj.png,626,547,0.132345,True,1
cju45qbf3n9sa0987oonbkly9.jpg,cju45qbf3n9sa0987oonbkly9,train,/Users/brian/Desktop/VCL318/Swin-ViT/ViTUnet vs SwinUnet/Dataset/processed/Kvasir-SEG/images/cju45qbf3n9sa0987oonbkly9.jpg,/Users/brian/Desktop/VCL318/Swin-ViT/ViTUnet vs SwinUnet/Dataset/processed/Kvasir-SEG/masks/cju45qbf3n9sa0987oonbkly9.png,621,531,0.083178,True,1
cju45rj7ln8980850a7821fov.jpg,cju45rj7ln8980850a7821fov,train,/Users/brian/Desktop/VCL318/Swin-ViT/ViTUnet vs SwinUnet/Dataset/processed/Kvasir-SEG/images/cju45rj7ln8980850a7821fov.jpg,/Users/brian/Desktop/VCL318/Swin-ViT/ViTUnet vs SwinUnet/Dataset/processed/Kvasir-SEG/masks/cju45rj7ln8980850a7821fov.png,585,546,0.107104,True,2
cju45t5ddnbio0987qtqzx762.jpg,cju45t5ddnbio0987qtqzx762,train,/Users/brian/Desktop/VCL318/Swin-ViT/ViTUnet vs SwinUnet/Dataset/processed/Kvasir-SEG/images/cju45t5ddnbio0987qtqzx762.jpg,/Users/brian/Desktop/VCL318/Swin-ViT/ViTUnet vs SwinUnet/Dataset/processed/Kvasir-SEG/masks/cju45t5ddnbio0987qtqzx762.png,618,530,0.121426,True,1
cju45ty6zn9oz0850qy4qnck1.jpg,cju45ty6zn9oz0850qy4qnck1,train,/Users/brian/Desktop/VCL318/Swin-ViT/ViTUnet vs SwinUnet/Dataset/processed/Kvasir-SEG/images/cju45ty6zn9oz0850qy4qnck1.jpg,/Users/brian/Desktop/VCL318/Swin-ViT/ViTUnet vs SwinUnet/Dataset/processed/Kvasir-SEG/masks/cju45ty6zn9oz0850qy4qnck1.png,551,531,0.114515,True,1
cju45v0pungu40871acnwtmu5.jpg,cju45v0pungu40871acnwtmu5,train,/Users/brian/Desktop/VCL318/Swin-ViT/ViTUnet vs SwinUnet/Dataset/processed/Kvasir-SEG/images/cju45v0pungu40871acnwtmu5.jpg,/Users/brian/Desktop/VCL318/Swin-ViT/ViTUnet vs SwinUnet/Dataset/processed/Kvasir-SEG/masks/cju45v0pungu40871acnwtmu5.png,606,530,0.143701,True,1
cju5b9oyda4yr0850g9viziyv.jpg,cju5b9oyda4yr0850g9viziyv,train,/Users/brian/Desktop/VCL318/Swin-ViT/ViTUnet vs SwinUnet/Dataset/processed/Kvasir-SEG/images/cju5b9oyda4yr0850g9viziyv.jpg,/Users/brian/Desktop/VCL318/Swin-ViT/ViTUnet vs SwinUnet/Dataset/processed/Kvasir-SEG/masks/cju5b9oyda4yr0850g9viziyv.png,622,528,0.072292,True,1
cju5bf6hxa6m50817rbwettgu.jpg,cju5bf6hxa6m50817rbwettgu,train,/Users/brian/Desktop/VCL318/Swin-ViT/ViTUnet vs SwinUnet/Dataset/processed/Kvasir-SEG/images/cju5bf6hxa6m50817rbwettgu.jpg,/Users/brian/Desktop/VCL318/Swin-ViT/ViTUnet vs SwinUnet/Dataset/processed/Kvasir-SEG/masks/cju5bf6hxa6m50817rbwettgu.png,622,531,0.086914,True,1
cju5boicjagt20871b1fotkh4.jpg,cju5boicjagt20871b1fotkh4,train,/Users/brian/Desktop/VCL318/Swin-ViT/ViTUnet vs SwinUnet/Dataset/processed/Kvasir-SEG/images/cju5boicjagt20871b1fotkh4.jpg,/Users/brian/Desktop/VCL318/Swin-ViT/ViTUnet vs SwinUnet/Dataset/processed/Kvasir-SEG/masks/cju5boicjagt20871b1fotkh4.png,622,529,0.316511,True,1
cju5buy2bal250818ipl6fqwv.jpg,cju5buy2bal250818ipl6fqwv,train,/Users/brian/Desktop/VCL318/Swin-ViT/ViTUnet vs SwinUnet/Dataset/processed/Kvasir-SEG/images/cju5buy2bal250818ipl6fqwv.jpg,/Users/brian/Desktop/VCL318/Swin-ViT/ViTUnet vs SwinUnet/Dataset/processed/Kvasir-SEG/masks/cju5buy2bal250818ipl6fqwv.png,569,430,0.15964,True,1
cju5bwhapakm90987c1v4z46a.jpg,cju5bwhapakm90987c1v4z46a,train,/Users/brian/Desktop/VCL318/Swin-ViT/ViTUnet vs SwinUnet/Dataset/processed/Kvasir-SEG/images/cju5bwhapakm90987c1v4z46a.jpg,/Users/brian/Desktop/VCL318/Swin-ViT/ViTUnet vs SwinUnet/Dataset/processed/Kvasir-SEG/masks/cju5bwhapakm90987c1v4z46a.png,622,529,0.03403,True,1
cju5c5xc7algd0817pb1ej5yo.jpg,cju5c5xc7algd0817pb1ej5yo,train,/Users/brian/Desktop/VCL318/Swin-ViT/ViTUnet vs SwinUnet/Dataset/processed/Kvasir-SEG/images/cju5c5xc7algd0817pb1ej5yo.jpg,/Users/brian/Desktop/VCL318/Swin-ViT/ViTUnet vs SwinUnet/Dataset/processed/Kvasir-SEG/masks/cju5c5xc7algd0817pb1ej5yo.png,599,528,0.153694,True,1
cju5c7oijaqmq09878qwgqv8n.jpg,cju5c7oijaqmq09878qwgqv8n,train,/Users/brian/Desktop/VCL318/Swin-ViT/ViTUnet vs SwinUnet/Dataset/processed/Kvasir-SEG/images/cju5c7oijaqmq09878qwgqv8n.jpg,/Users/brian/Desktop/VCL318/Swin-ViT/ViTUnet vs SwinUnet/Dataset/processed/Kvasir-SEG/masks/cju5c7oijaqmq09878qwgqv8n.png,547,546,0.136428,True,1
cju5ca9hcatkc0801jzwe7tfx.jpg,cju5ca9hcatkc0801jzwe7tfx,train,/Users/brian/Desktop/VCL318/Swin-ViT/ViTUnet vs SwinUnet/Dataset/processed/Kvasir-SEG/images/cju5ca9hcatkc0801jzwe7tfx.jpg,/Users/brian/Desktop/VCL318/Swin-ViT/ViTUnet vs SwinUnet/Dataset/processed/Kvasir-SEG/masks/cju5ca9hcatkc0801jzwe7tfx.png,626,546,0.158118,True,1
cju5ccpvqash50850kb4bs22k.jpg,cju5ccpvqash50850kb4bs22k,train,/Users/brian/Desktop/VCL318/Swin-ViT/ViTUnet vs SwinUnet/Dataset/processed/Kvasir-SEG/images/cju5ccpvqash50850kb4bs22k.jpg,/Users/brian/Desktop/VCL318/Swin-ViT/ViTUnet vs SwinUnet/Dataset/processed/Kvasir-SEG/masks/cju5ccpvqash50850kb4bs22k.png,592,482,0.160813,True,1
cju5cetivauok0987ok3e5bre.jpg,cju5cetivauok0987ok3e5bre,train,/Users/brian/Desktop/VCL318/Swin-ViT/ViTUnet vs SwinUnet/Dataset/processed/Kvasir-SEG/images/cju5cetivauok0987ok3e5bre.jpg,/Users/brian/Desktop/VCL318/Swin-ViT/ViTUnet vs SwinUnet/Dataset/processed/Kvasir-SEG/masks/cju5cetivauok0987ok3e5bre.png,623,529,0.136776,True,1
cju5chrxxawka0871qcj171yz.jpg,cju5chrxxawka0871qcj171yz,train,/Users/brian/Desktop/VCL318/Swin-ViT/ViTUnet vs SwinUnet/Dataset/processed/Kvasir-SEG/images/cju5chrxxawka0871qcj171yz.jpg,/Users/brian/Desktop/VCL318/Swin-ViT/ViTUnet vs SwinUnet/Dataset/processed/Kvasir-SEG/masks/cju5chrxxawka0871qcj171yz.png,601,528,0.152167,True,1
cju5cjh3xattc0817j2vbulzi.jpg,cju5cjh3xattc0817j2vbulzi,train,/Users/brian/Desktop/VCL318/Swin-ViT/ViTUnet vs SwinUnet/Dataset/processed/Kvasir-SEG/images/cju5cjh3xattc0817j2vbulzi.jpg,/Users/brian/Desktop/VCL318/Swin-ViT/ViTUnet vs SwinUnet/Dataset/processed/Kvasir-SEG/masks/cju5cjh3xattc0817j2vbulzi.png,617,528,0.064808,True,2
cju5cky5xb0ay0801oxet697t.jpg,cju5cky5xb0ay0801oxet697t,train,/Users/brian/Desktop/VCL318/Swin-ViT/ViTUnet vs SwinUnet/Dataset/processed/Kvasir-SEG/images/cju5cky5xb0ay0801oxet697t.jpg,/Users/brian/Desktop/VCL318/Swin-ViT/ViTUnet vs SwinUnet/Dataset/processed/Kvasir-SEG/masks/cju5cky5xb0ay0801oxet697t.png,622,528,0.054565,True,1
cju5clr68b48r0755cmuvponm.jpg,cju5clr68b48r0755cmuvponm,train,/Users/brian/Desktop/VCL318/Swin-ViT/ViTUnet vs SwinUnet/Dataset/processed/Kvasir-SEG/images/cju5clr68b48r0755cmuvponm.jpg,/Users/brian/Desktop/VCL318/Swin-ViT/ViTUnet vs SwinUnet/Dataset/processed/Kvasir-SEG/masks/cju5clr68b48r0755cmuvponm.png,601,526,0.085602,True,1
cju5ddda9bkkt0850enzwatb1.jpg,cju5ddda9bkkt0850enzwatb1,train,/Users/brian/Desktop/VCL318/Swin-ViT/ViTUnet vs SwinUnet/Dataset/processed/Kvasir-SEG/images/cju5ddda9bkkt0850enzwatb1.jpg,/Users/brian/Desktop/VCL318/Swin-ViT/ViTUnet vs SwinUnet/Dataset/processed/Kvasir-SEG/masks/cju5ddda9bkkt0850enzwatb1.png,618,530,0.03431,True,1
cju5eftctcdbj08712gdp989f.jpg,cju5eftctcdbj08712gdp989f,train,/Users/brian/Desktop/VCL318/Swin-ViT/ViTUnet vs SwinUnet/Dataset/processed/Kvasir-SEG/images/cju5eftctcdbj08712gdp989f.jpg,/Users/brian/Desktop/VCL318/Swin-ViT/ViTUnet vs SwinUnet/Dataset/processed/Kvasir-SEG/masks/cju5eftctcdbj08712gdp989f.png,605,530,0.267641,True,1
cju5ekty5ckzf07550c9u3ckk.jpg,cju5ekty5ckzf07550c9u3ckk,train,/Users/brian/Desktop/VCL318/Swin-ViT/ViTUnet vs SwinUnet/Dataset/processed/Kvasir-SEG/images/cju5ekty5ckzf07550c9u3ckk.jpg,/Users/brian/Desktop/VCL318/Swin-ViT/ViTUnet vs SwinUnet/Dataset/processed/Kvasir-SEG/masks/cju5ekty5ckzf07550c9u3ckk.png,625,546,0.149808,True,1
cju5enq1tcn1i0755hnkon787.jpg,cju5enq1tcn1i0755hnkon787,train,/Users/brian/Desktop/VCL318/Swin-ViT/ViTUnet vs SwinUnet/Dataset/processed/Kvasir-SEG/images/cju5enq1tcn1i0755hnkon787.jpg,/Users/brian/Desktop/VCL318/Swin-ViT/ViTUnet vs SwinUnet/Dataset/processed/Kvasir-SEG/masks/cju5enq1tcn1i0755hnkon787.png,626,547,0.144742,True,1
cju5eq8c8ck690850vix98hv3.jpg,cju5eq8c8ck690850vix98hv3,train,/Users/brian/Desktop/VCL318/Swin-ViT/ViTUnet vs SwinUnet/Dataset/processed/Kvasir-SEG/images/cju5eq8c8ck690850vix98hv3.jpg,/Users/brian/Desktop/VCL318/Swin-ViT/ViTUnet vs SwinUnet/Dataset/processed/Kvasir-SEG/masks/cju5eq8c8ck690850vix98hv3.png,622,530,0.309146,True,1
cju5es375cnzy0801nkq35ffs.jpg,cju5es375cnzy0801nkq35ffs,train,/Users/brian/Desktop/VCL318/Swin-ViT/ViTUnet vs SwinUnet/Dataset/processed/Kvasir-SEG/images/cju5es375cnzy0801nkq35ffs.jpg,/Users/brian/Desktop/VCL318/Swin-ViT/ViTUnet vs SwinUnet/Dataset/processed/Kvasir-SEG/masks/cju5es375cnzy0801nkq35ffs.png,621,528,0.064784,True,1
cju5f0dezct4q08183ydw11dx.jpg,cju5f0dezct4q08183ydw11dx,train,/Users/brian/Desktop/VCL318/Swin-ViT/ViTUnet vs SwinUnet/Dataset/processed/Kvasir-SEG/images/cju5f0dezct4q08183ydw11dx.jpg,/Users/brian/Desktop/VCL318/Swin-ViT/ViTUnet vs SwinUnet/Dataset/processed/Kvasir-SEG/masks/cju5f0dezct4q08183ydw11dx.png,626,546,0.101408,True,1
cju5fb86jd1jp0755b1ukbhq5.jpg,cju5fb86jd1jp0755b1ukbhq5,train,/Users/brian/Desktop/VCL318/Swin-ViT/ViTUnet vs SwinUnet/Dataset/processed/Kvasir-SEG/images/cju5fb86jd1jp0755b1ukbhq5.jpg,/Users/brian/Desktop/VCL318/Swin-ViT/ViTUnet vs SwinUnet/Dataset/processed/Kvasir-SEG/masks/cju5fb86jd1jp0755b1ukbhq5.png,560,424,0.292836,True,1
cju5fi0yxd3ei0801v7u0yudn.jpg,cju5fi0yxd3ei0801v7u0yudn,train,/Users/brian/Desktop/VCL318/Swin-ViT/ViTUnet vs SwinUnet/Dataset/processed/Kvasir-SEG/images/cju5fi0yxd3ei0801v7u0yudn.jpg,/Users/brian/Desktop/VCL318/Swin-ViT/ViTUnet vs SwinUnet/Dataset/processed/Kvasir-SEG/masks/cju5fi0yxd3ei0801v7u0yudn.png,626,547,0.020732,True,1
cju5fs6j6d8350801vglraq4u.jpg,cju5fs6j6d8350801vglraq4u,train,/Users/brian/Desktop/VCL318/Swin-ViT/ViTUnet vs SwinUnet/Dataset/processed/Kvasir-SEG/images/cju5fs6j6d8350801vglraq4u.jpg,/Users/brian/Desktop/VCL318/Swin-ViT/ViTUnet vs SwinUnet/Dataset/processed/Kvasir-SEG/masks/cju5fs6j6d8350801vglraq4u.png,626,547,0.227284,True,1
cju5fydrud94708507vo6oy21.jpg,cju5fydrud94708507vo6oy21,train,/Users/brian/Desktop/VCL318/Swin-ViT/ViTUnet vs SwinUnet/Dataset/processed/Kvasir-SEG/images/cju5fydrud94708507vo6oy21.jpg,/Users/brian/Desktop/VCL318/Swin-ViT/ViTUnet vs SwinUnet/Dataset/processed/Kvasir-SEG/masks/cju5fydrud94708507vo6oy21.png,626,546,0.339191,True,1
cju5g163vd6mt0817uccuga6u.jpg,cju5g163vd6mt0817uccuga6u,train,/Users/brian/Desktop/VCL318/Swin-ViT/ViTUnet vs SwinUnet/Dataset/processed/Kvasir-SEG/images/cju5g163vd6mt0817uccuga6u.jpg,/Users/brian/Desktop/VCL318/Swin-ViT/ViTUnet vs SwinUnet/Dataset/processed/Kvasir-SEG/masks/cju5g163vd6mt0817uccuga6u.png,545,547,0.046492,True,1
cju5gucasds9d0801019axylx.jpg,cju5gucasds9d0801019axylx,train,/Users/brian/Desktop/VCL318/Swin-ViT/ViTUnet vs SwinUnet/Dataset/processed/Kvasir-SEG/images/cju5gucasds9d0801019axylx.jpg,/Users/brian/Desktop/VCL318/Swin-ViT/ViTUnet vs SwinUnet/Dataset/processed/Kvasir-SEG/masks/cju5gucasds9d0801019axylx.png,626,546,0.020893,True,1
cju5h57xedz5h0755mjpc8694.jpg,cju5h57xedz5h0755mjpc8694,train,/Users/brian/Desktop/VCL318/Swin-ViT/ViTUnet vs SwinUnet/Dataset/processed/Kvasir-SEG/images/cju5h57xedz5h0755mjpc8694.jpg,/Users/brian/Desktop/VCL318/Swin-ViT/ViTUnet vs SwinUnet/Dataset/processed/Kvasir-SEG/masks/cju5h57xedz5h0755mjpc8694.png,622,528,0.381486,True,1
cju5hjxaae3i40850h5z2laf5.jpg,cju5hjxaae3i40850h5z2laf5,train,/Users/brian/Desktop/VCL318/Swin-ViT/ViTUnet vs SwinUnet/Dataset/processed/Kvasir-SEG/images/cju5hjxaae3i40850h5z2laf5.jpg,/Users/brian/Desktop/VCL318/Swin-ViT/ViTUnet vs SwinUnet/Dataset/processed/Kvasir-SEG/masks/cju5hjxaae3i40850h5z2laf5.png,622,530,0.164469,True,1
cju5hl8nee8a40755fm8qjj0o.jpg,cju5hl8nee8a40755fm8qjj0o,train,/Users/brian/Desktop/VCL318/Swin-ViT/ViTUnet vs SwinUnet/Dataset/processed/Kvasir-SEG/images/cju5hl8nee8a40755fm8qjj0o.jpg,/Users/brian/Desktop/VCL318/Swin-ViT/ViTUnet vs SwinUnet/Dataset/processed/Kvasir-SEG/masks/cju5hl8nee8a40755fm8qjj0o.png,617,531,0.049456,True,1
cju5ht88gedbu0755xrcuddcx.jpg,cju5ht88gedbu0755xrcuddcx,train,/Users/brian/Desktop/VCL318/Swin-ViT/ViTUnet vs SwinUnet/Dataset/processed/Kvasir-SEG/images/cju5ht88gedbu0755xrcuddcx.jpg,/Users/brian/Desktop/VCL318/Swin-ViT/ViTUnet vs SwinUnet/Dataset/processed/Kvasir-SEG/masks/cju5ht88gedbu0755xrcuddcx.png,619,547,0.198628,True,1
cju5huurrecm70801y680y13m.jpg,cju5huurrecm70801y680y13m,train,/Users/brian/Desktop/VCL318/Swin-ViT/ViTUnet vs SwinUnet/Dataset/processed/Kvasir-SEG/images/cju5huurrecm70801y680y13m.jpg,/Users/brian/Desktop/VCL318/Swin-ViT/ViTUnet vs SwinUnet/Dataset/processed/Kvasir-SEG/masks/cju5huurrecm70801y680y13m.png,603,520,0.107275,True,1
cju5hwonqedw10801vsd3w6kk.jpg,cju5hwonqedw10801vsd3w6kk,train,/Users/brian/Desktop/VCL318/Swin-ViT/ViTUnet vs SwinUnet/Dataset/processed/Kvasir-SEG/images/cju5hwonqedw10801vsd3w6kk.jpg,/Users/brian/Desktop/VCL318/Swin-ViT/ViTUnet vs SwinUnet/Dataset/processed/Kvasir-SEG/masks/cju5hwonqedw10801vsd3w6kk.png,529,531,0.112902,True,1
cju5i5oh2efg60987ez6cpf72.jpg,cju5i5oh2efg60987ez6cpf72,train,/Users/brian/Desktop/VCL318/Swin-ViT/ViTUnet vs SwinUnet/Dataset/processed/Kvasir-SEG/images/cju5i5oh2efg60987ez6cpf72.jpg,/Users/brian/Desktop/VCL318/Swin-ViT/ViTUnet vs SwinUnet/Dataset/processed/Kvasir-SEG/masks/cju5i5oh2efg60987ez6cpf72.png,621,528,0.294113,True,1
cju5jx7jzf7c90871c2i9aiov.jpg,cju5jx7jzf7c90871c2i9aiov,train,/Users/brian/Desktop/VCL318/Swin-ViT/ViTUnet vs SwinUnet/Dataset/processed/Kvasir-SEG/images/cju5jx7jzf7c90871c2i9aiov.jpg,/Users/brian/Desktop/VCL318/Swin-ViT/ViTUnet vs SwinUnet/Dataset/processed/Kvasir-SEG/masks/cju5jx7jzf7c90871c2i9aiov.png,622,528,0.172915,True,1
cju5jz5fff8c50871hbe6108f.jpg,cju5jz5fff8c50871hbe6108f,train,/Users/brian/Desktop/VCL318/Swin-ViT/ViTUnet vs SwinUnet/Dataset/processed/Kvasir-SEG/images/cju5jz5fff8c50871hbe6108f.jpg,/Users/brian/Desktop/VCL318/Swin-ViT/ViTUnet vs SwinUnet/Dataset/processed/Kvasir-SEG/masks/cju5jz5fff8c50871hbe6108f.png,552,530,0.142402,True,1
cju5k3j3uf6de0817hszzfr7n.jpg,cju5k3j3uf6de0817hszzfr7n,train,/Users/brian/Desktop/VCL318/Swin-ViT/ViTUnet vs SwinUnet/Dataset/processed/Kvasir-SEG/images/cju5k3j3uf6de0817hszzfr7n.jpg,/Users/brian/Desktop/VCL318/Swin-ViT/ViTUnet vs SwinUnet/Dataset/processed/Kvasir-SEG/masks/cju5k3j3uf6de0817hszzfr7n.png,547,530,0.03558,True,1
cju5k7r0yf98c09878csbxb4d.jpg,cju5k7r0yf98c09878csbxb4d,train,/Users/brian/Desktop/VCL318/Swin-ViT/ViTUnet vs SwinUnet/Dataset/processed/Kvasir-SEG/images/cju5k7r0yf98c09878csbxb4d.jpg,/Users/brian/Desktop/VCL318/Swin-ViT/ViTUnet vs SwinUnet/Dataset/processed/Kvasir-SEG/masks/cju5k7r0yf98c09878csbxb4d.png,622,528,0.019213,True,1
cju5knbbqfipk080128cggukq.jpg,cju5knbbqfipk080128cggukq,train,/Users/brian/Desktop/VCL318/Swin-ViT/ViTUnet vs SwinUnet/Dataset/processed/Kvasir-SEG/images/cju5knbbqfipk080128cggukq.jpg,/Users/brian/Desktop/VCL318/Swin-ViT/ViTUnet vs SwinUnet/Dataset/processed/Kvasir-SEG/masks/cju5knbbqfipk080128cggukq.png,597,529,0.407627,True,1
cju5kre09fhka0850h7b1898j.jpg,cju5kre09fhka0850h7b1898j,train,/Users/brian/Desktop/VCL318/Swin-ViT/ViTUnet vs SwinUnet/Dataset/processed/Kvasir-SEG/images/cju5kre09fhka0850h7b1898j.jpg,/Users/brian/Desktop/VCL318/Swin-ViT/ViTUnet vs SwinUnet/Dataset/processed/Kvasir-SEG/masks/cju5kre09fhka0850h7b1898j.png,618,528,0.057652,True,1
cju5ktjwofed70817eg58ef7u.jpg,cju5ktjwofed70817eg58ef7u,train,/Users/brian/Desktop/VCL318/Swin-ViT/ViTUnet vs SwinUnet/Dataset/processed/Kvasir-SEG/images/cju5ktjwofed70817eg58ef7u.jpg,/Users/brian/Desktop/VCL318/Swin-ViT/ViTUnet vs SwinUnet/Dataset/processed/Kvasir-SEG/masks/cju5ktjwofed70817eg58ef7u.png,625,547,0.106732,True,1
cju5nxkujgscq0817l9gss626.jpg,cju5nxkujgscq0817l9gss626,train,/Users/brian/Desktop/VCL318/Swin-ViT/ViTUnet vs SwinUnet/Dataset/processed/Kvasir-SEG/images/cju5nxkujgscq0817l9gss626.jpg,/Users/brian/Desktop/VCL318/Swin-ViT/ViTUnet vs SwinUnet/Dataset/processed/Kvasir-SEG/masks/cju5nxkujgscq0817l9gss626.png,570,531,0.160241,True,1
cju5o1vu9gz8a0818eyy92bns.jpg,cju5o1vu9gz8a0818eyy92bns,train,/Users/brian/Desktop/VCL318/Swin-ViT/ViTUnet vs SwinUnet/Dataset/processed/Kvasir-SEG/images/cju5o1vu9gz8a0818eyy92bns.jpg,/Users/brian/Desktop/VCL318/Swin-ViT/ViTUnet vs SwinUnet/Dataset/processed/Kvasir-SEG/masks/cju5o1vu9gz8a0818eyy92bns.png,421,547,0.17866,True,1
cju5o4pk9h0720755lgp9jq8m.jpg,cju5o4pk9h0720755lgp9jq8m,train,/Users/brian/Desktop/VCL318/Swin-ViT/ViTUnet vs SwinUnet/Dataset/processed/Kvasir-SEG/images/cju5o4pk9h0720755lgp9jq8m.jpg,/Users/brian/Desktop/VCL318/Swin-ViT/ViTUnet vs SwinUnet/Dataset/processed/Kvasir-SEG/masks/cju5o4pk9h0720755lgp9jq8m.png,622,530,0.24322,True,1
cju5tenjojp1j0755ms4949h2.jpg,cju5tenjojp1j0755ms4949h2,train,/Users/brian/Desktop/VCL318/Swin-ViT/ViTUnet vs SwinUnet/Dataset/processed/Kvasir-SEG/images/cju5tenjojp1j0755ms4949h2.jpg,/Users/brian/Desktop/VCL318/Swin-ViT/ViTUnet vs SwinUnet/Dataset/processed/Kvasir-SEG/masks/cju5tenjojp1j0755ms4949h2.png,570,531,0.197694,True,1
cju5thdbrjp1108715xdfx356.jpg,cju5thdbrjp1108715xdfx356,train,/Users/brian/Desktop/VCL318/Swin-ViT/ViTUnet vs SwinUnet/Dataset/processed/Kvasir-SEG/images/cju5thdbrjp1108715xdfx356.jpg,/Users/brian/Desktop/VCL318/Swin-ViT/ViTUnet vs SwinUnet/Dataset/processed/Kvasir-SEG/masks/cju5thdbrjp1108715xdfx356.png,622,530,0.023843,True,1
cju5u4pywk81x0817vn9pe14z.jpg,cju5u4pywk81x0817vn9pe14z,train,/Users/brian/Desktop/VCL318/Swin-ViT/ViTUnet vs SwinUnet/Dataset/processed/Kvasir-SEG/images/cju5u4pywk81x0817vn9pe14z.jpg,/Users/brian/Desktop/VCL318/Swin-ViT/ViTUnet vs SwinUnet/Dataset/processed/Kvasir-SEG/masks/cju5u4pywk81x0817vn9pe14z.png,570,531,0.040929,True,1
cju5u6wf0kh1t0755bg1ssixv.jpg,cju5u6wf0kh1t0755bg1ssixv,train,/Users/brian/Desktop/VCL318/Swin-ViT/ViTUnet vs SwinUnet/Dataset/processed/Kvasir-SEG/images/cju5u6wf0kh1t0755bg1ssixv.jpg,/Users/brian/Desktop/VCL318/Swin-ViT/ViTUnet vs SwinUnet/Dataset/processed/Kvasir-SEG/masks/cju5u6wf0kh1t0755bg1ssixv.png,571,530,0.402016,True,1
cju5u8gz4kj5b07552e2wpkwp.jpg,cju5u8gz4kj5b07552e2wpkwp,train,/Users/brian/Desktop/VCL318/Swin-ViT/ViTUnet vs SwinUnet/Dataset/processed/Kvasir-SEG/images/cju5u8gz4kj5b07552e2wpkwp.jpg,/Users/brian/Desktop/VCL318/Swin-ViT/ViTUnet vs SwinUnet/Dataset/processed/Kvasir-SEG/masks/cju5u8gz4kj5b07552e2wpkwp.png,571,531,0.261002,True,1
cju5udcufki0s09874ll1dbr5.jpg,cju5udcufki0s09874ll1dbr5,train,/Users/brian/Desktop/VCL318/Swin-ViT/ViTUnet vs SwinUnet/Dataset/processed/Kvasir-SEG/images/cju5udcufki0s09874ll1dbr5.jpg,/Users/brian/Desktop/VCL318/Swin-ViT/ViTUnet vs SwinUnet/Dataset/processed/Kvasir-SEG/masks/cju5udcufki0s09874ll1dbr5.png,570,531,0.181349,True,1
cju5ufn3skquf0818dhapnhba.jpg,cju5ufn3skquf0818dhapnhba,train,/Users/brian/Desktop/VCL318/Swin-ViT/ViTUnet vs SwinUnet/Dataset/processed/Kvasir-SEG/images/cju5ufn3skquf0818dhapnhba.jpg,/Users/brian/Desktop/VCL318/Swin-ViT/ViTUnet vs SwinUnet/Dataset/processed/Kvasir-SEG/masks/cju5ufn3skquf0818dhapnhba.png,570,530,0.037832,True,1
cju5uget8krjy0818kvywd0zu.jpg,cju5uget8krjy0818kvywd0zu,train,/Users/brian/Desktop/VCL318/Swin-ViT/ViTUnet vs SwinUnet/Dataset/processed/Kvasir-SEG/images/cju5uget8krjy0818kvywd0zu.jpg,/Users/brian/Desktop/VCL318/Swin-ViT/ViTUnet vs SwinUnet/Dataset/processed/Kvasir-SEG/masks/cju5uget8krjy0818kvywd0zu.png,608,529,0.037325,True,1
cju5uhrdwkmsu0817ervv91l8.jpg,cju5uhrdwkmsu0817ervv91l8,train,/Users/brian/Desktop/VCL318/Swin-ViT/ViTUnet vs SwinUnet/Dataset/processed/Kvasir-SEG/images/cju5uhrdwkmsu0817ervv91l8.jpg,/Users/brian/Desktop/VCL318/Swin-ViT/ViTUnet vs SwinUnet/Dataset/processed/Kvasir-SEG/masks/cju5uhrdwkmsu0817ervv91l8.png,626,547,0.017484,True,1
cju5ukkg6kv7u08011x2b6zl5.jpg,cju5ukkg6kv7u08011x2b6zl5,train,/Users/brian/Desktop/VCL318/Swin-ViT/ViTUnet vs SwinUnet/Dataset/processed/Kvasir-SEG/images/cju5ukkg6kv7u08011x2b6zl5.jpg,/Users/brian/Desktop/VCL318/Swin-ViT/ViTUnet vs SwinUnet/Dataset/processed/Kvasir-SEG/masks/cju5ukkg6kv7u08011x2b6zl5.png,622,510,0.16306,True,1
cju5uxjnol2r509871qv2yeia.jpg,cju5uxjnol2r509871qv2yeia,train,/Users/brian/Desktop/VCL318/Swin-ViT/ViTUnet vs SwinUnet/Dataset/processed/Kvasir-SEG/images/cju5uxjnol2r509871qv2yeia.jpg,/Users/brian/Desktop/VCL318/Swin-ViT/ViTUnet vs SwinUnet/Dataset/processed/Kvasir-SEG/masks/cju5uxjnol2r509871qv2yeia.png,620,531,0.061561,True,1
cju5uzmaol56l0817flxh4w9p.jpg,cju5uzmaol56l0817flxh4w9p,train,/Users/brian/Desktop/VCL318/Swin-ViT/ViTUnet vs SwinUnet/Dataset/processed/Kvasir-SEG/images/cju5uzmaol56l0817flxh4w9p.jpg,/Users/brian/Desktop/VCL318/Swin-ViT/ViTUnet vs SwinUnet/Dataset/processed/Kvasir-SEG/masks/cju5uzmaol56l0817flxh4w9p.png,623,529,0.035565,True,1
cju5v8pgplg6k0755rvi2t63h.jpg,cju5v8pgplg6k0755rvi2t63h,train,/Users/brian/Desktop/VCL318/Swin-ViT/ViTUnet vs SwinUnet/Dataset/processed/Kvasir-SEG/images/cju5v8pgplg6k0755rvi2t63h.jpg,/Users/brian/Desktop/VCL318/Swin-ViT/ViTUnet vs SwinUnet/Dataset/processed/Kvasir-SEG/masks/cju5v8pgplg6k0755rvi2t63h.png,570,530,0.043499,True,1
cju5vbo6jldrt0871jf6f1700.jpg,cju5vbo6jldrt0871jf6f1700,train,/Users/brian/Desktop/VCL318/Swin-ViT/ViTUnet vs SwinUnet/Dataset/processed/Kvasir-SEG/images/cju5vbo6jldrt0871jf6f1700.jpg,/Users/brian/Desktop/VCL318/Swin-ViT/ViTUnet vs SwinUnet/Dataset/processed/Kvasir-SEG/masks/cju5vbo6jldrt0871jf6f1700.png,619,530,0.073091,True,1
cju5vcmrqla7i0817x4sp4pqw.jpg,cju5vcmrqla7i0817x4sp4pqw,train,/Users/brian/Desktop/VCL318/Swin-ViT/ViTUnet vs SwinUnet/Dataset/processed/Kvasir-SEG/images/cju5vcmrqla7i0817x4sp4pqw.jpg,/Users/brian/Desktop/VCL318/Swin-ViT/ViTUnet vs SwinUnet/Dataset/processed/Kvasir-SEG/masks/cju5vcmrqla7i0817x4sp4pqw.png,612,482,0.066265,True,1
cju5vgawslbe30987ndeepc1b.jpg,cju5vgawslbe30987ndeepc1b,train,/Users/brian/Desktop/VCL318/Swin-ViT/ViTUnet vs SwinUnet/Dataset/processed/Kvasir-SEG/images/cju5vgawslbe30987ndeepc1b.jpg,/Users/brian/Desktop/VCL318/Swin-ViT/ViTUnet vs SwinUnet/Dataset/processed/Kvasir-SEG/masks/cju5vgawslbe30987ndeepc1b.png,622,530,0.309573,True,1
cju5vi4nxlc530817uoqm2m7a.jpg,cju5vi4nxlc530817uoqm2m7a,train,/Users/brian/Desktop/VCL318/Swin-ViT/ViTUnet vs SwinUnet/Dataset/processed/Kvasir-SEG/images/cju5vi4nxlc530817uoqm2m7a.jpg,/Users/brian/Desktop/VCL318/Swin-ViT/ViTUnet vs SwinUnet/Dataset/processed/Kvasir-SEG/masks/cju5vi4nxlc530817uoqm2m7a.png,619,530,0.227244,True,1
cju5von04litr08718j8po40a.jpg,cju5von04litr08718j8po40a,train,/Users/brian/Desktop/VCL318/Swin-ViT/ViTUnet vs SwinUnet/Dataset/processed/Kvasir-SEG/images/cju5von04litr08718j8po40a.jpg,/Users/brian/Desktop/VCL318/Swin-ViT/ViTUnet vs SwinUnet/Dataset/processed/Kvasir-SEG/masks/cju5von04litr08718j8po40a.png,622,530,0.058688,True,1
cju5vutu7ll8w0871dfp92n9p.jpg,cju5vutu7ll8w0871dfp92n9p,train,/Users/brian/Desktop/VCL318/Swin-ViT/ViTUnet vs SwinUnet/Dataset/processed/Kvasir-SEG/images/cju5vutu7ll8w0871dfp92n9p.jpg,/Users/brian/Desktop/VCL318/Swin-ViT/ViTUnet vs SwinUnet/Dataset/processed/Kvasir-SEG/masks/cju5vutu7ll8w0871dfp92n9p.png,605,528,0.159147,True,1
cju5vxuc5loxw0818u8xgf45p.jpg,cju5vxuc5loxw0818u8xgf45p,train,/Users/brian/Desktop/VCL318/Swin-ViT/ViTUnet vs SwinUnet/Dataset/processed/Kvasir-SEG/images/cju5vxuc5loxw0818u8xgf45p.jpg,/Users/brian/Desktop/VCL318/Swin-ViT/ViTUnet vs SwinUnet/Dataset/processed/Kvasir-SEG/masks/cju5vxuc5loxw0818u8xgf45p.png,626,546,0.105768,True,1
cju5vzjoslpj708186z2fusmz.jpg,cju5vzjoslpj708186z2fusmz,train,/Users/brian/Desktop/VCL318/Swin-ViT/ViTUnet vs SwinUnet/Dataset/processed/Kvasir-SEG/images/cju5vzjoslpj708186z2fusmz.jpg,/Users/brian/Desktop/VCL318/Swin-ViT/ViTUnet vs SwinUnet/Dataset/processed/Kvasir-SEG/masks/cju5vzjoslpj708186z2fusmz.png,622,496,0.052121,True,1
cju5waeduln160817w0agirve.jpg,cju5waeduln160817w0agirve,train,/Users/brian/Desktop/VCL318/Swin-ViT/ViTUnet vs SwinUnet/Dataset/processed/Kvasir-SEG/images/cju5waeduln160817w0agirve.jpg,/Users/brian/Desktop/VCL318/Swin-ViT/ViTUnet vs SwinUnet/Dataset/processed/Kvasir-SEG/masks/cju5waeduln160817w0agirve.png,540,528,0.089184,True,1
cju5wcc90lu020850mjrxppv6.jpg,cju5wcc90lu020850mjrxppv6,train,/Users/brian/Desktop/VCL318/Swin-ViT/ViTUnet vs SwinUnet/Dataset/processed/Kvasir-SEG/images/cju5wcc90lu020850mjrxppv6.jpg,/Users/brian/Desktop/VCL318/Swin-ViT/ViTUnet vs SwinUnet/Dataset/processed/Kvasir-SEG/masks/cju5wcc90lu020850mjrxppv6.png,626,547,0.105157,True,1
cju5wi6bqlxy90755bu227nvb.jpg,cju5wi6bqlxy90755bu227nvb,train,/Users/brian/Desktop/VCL318/Swin-ViT/ViTUnet vs SwinUnet/Dataset/processed/Kvasir-SEG/images/cju5wi6bqlxy90755bu227nvb.jpg,/Users/brian/Desktop/VCL318/Swin-ViT/ViTUnet vs SwinUnet/Dataset/processed/Kvasir-SEG/masks/cju5wi6bqlxy90755bu227nvb.png,622,530,0.089107,True,1
cju5wkonqlrl409877y8zvnub.jpg,cju5wkonqlrl409877y8zvnub,train,/Users/brian/Desktop/VCL318/Swin-ViT/ViTUnet vs SwinUnet/Dataset/processed/Kvasir-SEG/images/cju5wkonqlrl409877y8zvnub.jpg,/Users/brian/Desktop/VCL318/Swin-ViT/ViTUnet vs SwinUnet/Dataset/processed/Kvasir-SEG/masks/cju5wkonqlrl409877y8zvnub.png,627,547,0.168724,True,1
cju5wmvsdlx1j0871npgj8j4b.jpg,cju5wmvsdlx1j0871npgj8j4b,train,/Users/brian/Desktop/VCL318/Swin-ViT/ViTUnet vs SwinUnet/Dataset/processed/Kvasir-SEG/images/cju5wmvsdlx1j0871npgj8j4b.jpg,/Users/brian/Desktop/VCL318/Swin-ViT/ViTUnet vs SwinUnet/Dataset/processed/Kvasir-SEG/masks/cju5wmvsdlx1j0871npgj8j4b.png,616,530,0.038355,True,1
cju5woy82m07m08505dmjg7g1.jpg,cju5woy82m07m08505dmjg7g1,train,/Users/brian/Desktop/VCL318/Swin-ViT/ViTUnet vs SwinUnet/Dataset/processed/Kvasir-SEG/images/cju5woy82m07m08505dmjg7g1.jpg,/Users/brian/Desktop/VCL318/Swin-ViT/ViTUnet vs SwinUnet/Dataset/processed/Kvasir-SEG/masks/cju5woy82m07m08505dmjg7g1.png,1348,1070,0.165989,True,1
cju5wphwwlu3m0987hh3ltg88.jpg,cju5wphwwlu3m0987hh3ltg88,train,/Users/brian/Desktop/VCL318/Swin-ViT/ViTUnet vs SwinUnet/Dataset/processed/Kvasir-SEG/images/cju5wphwwlu3m0987hh3ltg88.jpg,/Users/brian/Desktop/VCL318/Swin-ViT/ViTUnet vs SwinUnet/Dataset/processed/Kvasir-SEG/masks/cju5wphwwlu3m0987hh3ltg88.png,618,531,0.043388,True,1
cju5wqonpm0e60801z88ewmy1.jpg,cju5wqonpm0e60801z88ewmy1,train,/Users/brian/Desktop/VCL318/Swin-ViT/ViTUnet vs SwinUnet/Dataset/processed/Kvasir-SEG/images/cju5wqonpm0e60801z88ewmy1.jpg,/Users/brian/Desktop/VCL318/Swin-ViT/ViTUnet vs SwinUnet/Dataset/processed/Kvasir-SEG/masks/cju5wqonpm0e60801z88ewmy1.png,622,528,0.043975,True,1
cju5wrapcm2290818jsh26ppb.jpg,cju5wrapcm2290818jsh26ppb,train,/Users/brian/Desktop/VCL318/Swin-ViT/ViTUnet vs SwinUnet/Dataset/processed/Kvasir-SEG/images/cju5wrapcm2290818jsh26ppb.jpg,/Users/brian/Desktop/VCL318/Swin-ViT/ViTUnet vs SwinUnet/Dataset/processed/Kvasir-SEG/masks/cju5wrapcm2290818jsh26ppb.png,622,528,0.097785,True,1
cju5wtdu4m0im0871mix0yvc0.jpg,cju5wtdu4m0im0871mix0yvc0,train,/Users/brian/Desktop/VCL318/Swin-ViT/ViTUnet vs SwinUnet/Dataset/processed/Kvasir-SEG/images/cju5wtdu4m0im0871mix0yvc0.jpg,/Users/brian/Desktop/VCL318/Swin-ViT/ViTUnet vs SwinUnet/Dataset/processed/Kvasir-SEG/masks/cju5wtdu4m0im0871mix0yvc0.png,610,509,0.099858,True,1
cju5x00l6m5j608503k78ptee.jpg,cju5x00l6m5j608503k78ptee,train,/Users/brian/Desktop/VCL318/Swin-ViT/ViTUnet vs SwinUnet/Dataset/processed/Kvasir-SEG/images/cju5x00l6m5j608503k78ptee.jpg,/Users/brian/Desktop/VCL318/Swin-ViT/ViTUnet vs SwinUnet/Dataset/processed/Kvasir-SEG/masks/cju5x00l6m5j608503k78ptee.png,554,529,0.390513,True,1
cju5x15djm7ae0755h8czf6nt.jpg,cju5x15djm7ae0755h8czf6nt,train,/Users/brian/Desktop/VCL318/Swin-ViT/ViTUnet vs SwinUnet/Dataset/processed/Kvasir-SEG/images/cju5x15djm7ae0755h8czf6nt.jpg,/Users/brian/Desktop/VCL318/Swin-ViT/ViTUnet vs SwinUnet/Dataset/processed/Kvasir-SEG/masks/cju5x15djm7ae0755h8czf6nt.png,622,531,0.094362,True,1
cju5x7iskmad90818frchyfwd.jpg,cju5x7iskmad90818frchyfwd,train,/Users/brian/Desktop/VCL318/Swin-ViT/ViTUnet vs SwinUnet/Dataset/processed/Kvasir-SEG/images/cju5x7iskmad90818frchyfwd.jpg,/Users/brian/Desktop/VCL318/Swin-ViT/ViTUnet vs SwinUnet/Dataset/processed/Kvasir-SEG/masks/cju5x7iskmad90818frchyfwd.png,522,483,0.17285,True,1
cju5xjn5mm78b09871spyqhhr.jpg,cju5xjn5mm78b09871spyqhhr,train,/Users/brian/Desktop/VCL318/Swin-ViT/ViTUnet vs SwinUnet/Dataset/processed/Kvasir-SEG/images/cju5xjn5mm78b09871spyqhhr.jpg,/Users/brian/Desktop/VCL318/Swin-ViT/ViTUnet vs SwinUnet/Dataset/processed/Kvasir-SEG/masks/cju5xjn5mm78b09871spyqhhr.png,622,528,0.16477,True,1
cju5xkwzxmf0z0818gk4xabdm.jpg,cju5xkwzxmf0z0818gk4xabdm,train,/Users/brian/Desktop/VCL318/Swin-ViT/ViTUnet vs SwinUnet/Dataset/processed/Kvasir-SEG/images/cju5xkwzxmf0z0818gk4xabdm.jpg,/Users/brian/Desktop/VCL318/Swin-ViT/ViTUnet vs SwinUnet/Dataset/processed/Kvasir-SEG/masks/cju5xkwzxmf0z0818gk4xabdm.png,609,505,0.171357,True,1
cju5xneamme2p0801qdf7fdwv.jpg,cju5xneamme2p0801qdf7fdwv,train,/Users/brian/Desktop/VCL318/Swin-ViT/ViTUnet vs SwinUnet/Dataset/processed/Kvasir-SEG/images/cju5xneamme2p0801qdf7fdwv.jpg,/Users/brian/Desktop/VCL318/Swin-ViT/ViTUnet vs SwinUnet/Dataset/processed/Kvasir-SEG/masks/cju5xneamme2p0801qdf7fdwv.png,622,527,0.0544,True,1
cju5xopi0md7q0871r1sjc1av.jpg,cju5xopi0md7q0871r1sjc1av,train,/Users/brian/Desktop/VCL318/Swin-ViT/ViTUnet vs SwinUnet/Dataset/processed/Kvasir-SEG/images/cju5xopi0md7q0871r1sjc1av.jpg,/Users/brian/Desktop/VCL318/Swin-ViT/ViTUnet vs SwinUnet/Dataset/processed/Kvasir-SEG/masks/cju5xopi0md7q0871r1sjc1av.png,568,546,0.109219,True,1
cju5xq3tdm9fn0987pbedxdg5.jpg,cju5xq3tdm9fn0987pbedxdg5,train,/Users/brian/Desktop/VCL318/Swin-ViT/ViTUnet vs SwinUnet/Dataset/processed/Kvasir-SEG/images/cju5xq3tdm9fn0987pbedxdg5.jpg,/Users/brian/Desktop/VCL318/Swin-ViT/ViTUnet vs SwinUnet/Dataset/processed/Kvasir-SEG/masks/cju5xq3tdm9fn0987pbedxdg5.png,570,529,0.035768,True,1
cju5y7buemcw80987p0r30g9f.jpg,cju5y7buemcw80987p0r30g9f,train,/Users/brian/Desktop/VCL318/Swin-ViT/ViTUnet vs SwinUnet/Dataset/processed/Kvasir-SEG/images/cju5y7buemcw80987p0r30g9f.jpg,/Users/brian/Desktop/VCL318/Swin-ViT/ViTUnet vs SwinUnet/Dataset/processed/Kvasir-SEG/masks/cju5y7buemcw80987p0r30g9f.png,589,530,0.145908,True,1
cju5yclrymlgj0818k426ud6z.jpg,cju5yclrymlgj0818k426ud6z,train,/Users/brian/Desktop/VCL318/Swin-ViT/ViTUnet vs SwinUnet/Dataset/processed/Kvasir-SEG/images/cju5yclrymlgj0818k426ud6z.jpg,/Users/brian/Desktop/VCL318/Swin-ViT/ViTUnet vs SwinUnet/Dataset/processed/Kvasir-SEG/masks/cju5yclrymlgj0818k426ud6z.png,622,529,0.083911,True,1
cju5yeqiwmkgl0801fzv2douc.jpg,cju5yeqiwmkgl0801fzv2douc,train,/Users/brian/Desktop/VCL318/Swin-ViT/ViTUnet vs SwinUnet/Dataset/processed/Kvasir-SEG/images/cju5yeqiwmkgl0801fzv2douc.jpg,/Users/brian/Desktop/VCL318/Swin-ViT/ViTUnet vs SwinUnet/Dataset/processed/Kvasir-SEG/masks/cju5yeqiwmkgl0801fzv2douc.png,570,531,0.206885,True,2
cju5ygh1zmmdi0755uod5e17i.jpg,cju5ygh1zmmdi0755uod5e17i,train,/Users/brian/Desktop/VCL318/Swin-ViT/ViTUnet vs SwinUnet/Dataset/processed/Kvasir-SEG/images/cju5ygh1zmmdi0755uod5e17i.jpg,/Users/brian/Desktop/VCL318/Swin-ViT/ViTUnet vs SwinUnet/Dataset/processed/Kvasir-SEG/masks/cju5ygh1zmmdi0755uod5e17i.png,570,530,0.136885,True,1
cju5yimthmlv80850zhoc90c2.jpg,cju5yimthmlv80850zhoc90c2,train,/Users/brian/Desktop/VCL318/Swin-ViT/ViTUnet vs SwinUnet/Dataset/processed/Kvasir-SEG/images/cju5yimthmlv80850zhoc90c2.jpg,/Users/brian/Desktop/VCL318/Swin-ViT/ViTUnet vs SwinUnet/Dataset/processed/Kvasir-SEG/masks/cju5yimthmlv80850zhoc90c2.png,590,528,0.051977,True,1
cju5ymyd8mmdc0801ry3by1xr.jpg,cju5ymyd8mmdc0801ry3by1xr,train,/Users/brian/Desktop/VCL318/Swin-ViT/ViTUnet vs SwinUnet/Dataset/processed/Kvasir-SEG/images/cju5ymyd8mmdc0801ry3by1xr.jpg,/Users/brian/Desktop/VCL318/Swin-ViT/ViTUnet vs SwinUnet/Dataset/processed/Kvasir-SEG/masks/cju5ymyd8mmdc0801ry3by1xr.png,622,528,0.034316,True,1
cju6ur9l9v9jq0755paud9uka.jpg,cju6ur9l9v9jq0755paud9uka,train,/Users/brian/Desktop/VCL318/Swin-ViT/ViTUnet vs SwinUnet/Dataset/processed/Kvasir-SEG/images/cju6ur9l9v9jq0755paud9uka.jpg,/Users/brian/Desktop/VCL318/Swin-ViT/ViTUnet vs SwinUnet/Dataset/processed/Kvasir-SEG/masks/cju6ur9l9v9jq0755paud9uka.png,561,529,0.029831,True,1
cju6us80mv1b50871ebyq2wxa.jpg,cju6us80mv1b50871ebyq2wxa,train,/Users/brian/Desktop/VCL318/Swin-ViT/ViTUnet vs SwinUnet/Dataset/processed/Kvasir-SEG/images/cju6us80mv1b50871ebyq2wxa.jpg,/Users/brian/Desktop/VCL318/Swin-ViT/ViTUnet vs SwinUnet/Dataset/processed/Kvasir-SEG/masks/cju6us80mv1b50871ebyq2wxa.png,562,530,0.012989,True,1
cju6uzxk0v83p0801rcwnexdu.jpg,cju6uzxk0v83p0801rcwnexdu,train,/Users/brian/Desktop/VCL318/Swin-ViT/ViTUnet vs SwinUnet/Dataset/processed/Kvasir-SEG/images/cju6uzxk0v83p0801rcwnexdu.jpg,/Users/brian/Desktop/VCL318/Swin-ViT/ViTUnet vs SwinUnet/Dataset/processed/Kvasir-SEG/masks/cju6uzxk0v83p0801rcwnexdu.png,626,547,0.296503,True,1
cju6v1m1xv07w09870ah3njy1.jpg,cju6v1m1xv07w09870ah3njy1,train,/Users/brian/Desktop/VCL318/Swin-ViT/ViTUnet vs SwinUnet/Dataset/processed/Kvasir-SEG/images/cju6v1m1xv07w09870ah3njy1.jpg,/Users/brian/Desktop/VCL318/Swin-ViT/ViTUnet vs SwinUnet/Dataset/processed/Kvasir-SEG/masks/cju6v1m1xv07w09870ah3njy1.png,565,530,0.060695,True,2
cju6v3bb2v7xo085090blubyw.jpg,cju6v3bb2v7xo085090blubyw,train,/Users/brian/Desktop/VCL318/Swin-ViT/ViTUnet vs SwinUnet/Dataset/processed/Kvasir-SEG/images/cju6v3bb2v7xo085090blubyw.jpg,/Users/brian/Desktop/VCL318/Swin-ViT/ViTUnet vs SwinUnet/Dataset/processed/Kvasir-SEG/masks/cju6v3bb2v7xo085090blubyw.png,626,547,0.118004,True,2
cju6v4szov55u0871qmqz3v8n.jpg,cju6v4szov55u0871qmqz3v8n,train,/Users/brian/Desktop/VCL318/Swin-ViT/ViTUnet vs SwinUnet/Dataset/processed/Kvasir-SEG/images/cju6v4szov55u0871qmqz3v8n.jpg,/Users/brian/Desktop/VCL318/Swin-ViT/ViTUnet vs SwinUnet/Dataset/processed/Kvasir-SEG/masks/cju6v4szov55u0871qmqz3v8n.png,370,523,0.42959,True,1
cju6v5ilsv8hk0850rb5sgh6o.jpg,cju6v5ilsv8hk0850rb5sgh6o,train,/Users/brian/Desktop/VCL318/Swin-ViT/ViTUnet vs SwinUnet/Dataset/processed/Kvasir-SEG/images/cju6v5ilsv8hk0850rb5sgh6o.jpg,/Users/brian/Desktop/VCL318/Swin-ViT/ViTUnet vs SwinUnet/Dataset/processed/Kvasir-SEG/masks/cju6v5ilsv8hk0850rb5sgh6o.png,622,530,0.030325,True,1
cju6vgdmivcvb08018fra5lnv.jpg,cju6vgdmivcvb08018fra5lnv,train,/Users/brian/Desktop/VCL318/Swin-ViT/ViTUnet vs SwinUnet/Dataset/processed/Kvasir-SEG/images/cju6vgdmivcvb08018fra5lnv.jpg,/Users/brian/Desktop/VCL318/Swin-ViT/ViTUnet vs SwinUnet/Dataset/processed/Kvasir-SEG/masks/cju6vgdmivcvb08018fra5lnv.png,571,529,0.161859,True,1
cju6vifjlv55z0987un6y4zdo.jpg,cju6vifjlv55z0987un6y4zdo,train,/Users/brian/Desktop/VCL318/Swin-ViT/ViTUnet vs SwinUnet/Dataset/processed/Kvasir-SEG/images/cju6vifjlv55z0987un6y4zdo.jpg,/Users/brian/Desktop/VCL318/Swin-ViT/ViTUnet vs SwinUnet/Dataset/processed/Kvasir-SEG/masks/cju6vifjlv55z0987un6y4zdo.png,622,529,0.614813,True,1
cju6vqarjv7yo0987q4b1btk1.jpg,cju6vqarjv7yo0987q4b1btk1,train,/Users/brian/Desktop/VCL318/Swin-ViT/ViTUnet vs SwinUnet/Dataset/processed/Kvasir-SEG/images/cju6vqarjv7yo0987q4b1btk1.jpg,/Users/brian/Desktop/VCL318/Swin-ViT/ViTUnet vs SwinUnet/Dataset/processed/Kvasir-SEG/masks/cju6vqarjv7yo0987q4b1btk1.png,584,529,0.113826,True,1
cju6vrs1ov8cr098788h8gs6j.jpg,cju6vrs1ov8cr098788h8gs6j,train,/Users/brian/Desktop/VCL318/Swin-ViT/ViTUnet vs SwinUnet/Dataset/processed/Kvasir-SEG/images/cju6vrs1ov8cr098788h8gs6j.jpg,/Users/brian/Desktop/VCL318/Swin-ViT/ViTUnet vs SwinUnet/Dataset/processed/Kvasir-SEG/masks/cju6vrs1ov8cr098788h8gs6j.png,621,529,0.050903,True,1
cju6vvb8svhed0801jjcquh5e.jpg,cju6vvb8svhed0801jjcquh5e,train,/Users/brian/Desktop/VCL318/Swin-ViT/ViTUnet vs SwinUnet/Dataset/processed/Kvasir-SEG/images/cju6vvb8svhed0801jjcquh5e.jpg,/Users/brian/Desktop/VCL318/Swin-ViT/ViTUnet vs SwinUnet/Dataset/processed/Kvasir-SEG/masks/cju6vvb8svhed0801jjcquh5e.png,604,530,0.015122,True,1
cju6vvxsev9y30987kespucdg.jpg,cju6vvxsev9y30987kespucdg,train,/Users/brian/Desktop/VCL318/Swin-ViT/ViTUnet vs SwinUnet/Dataset/processed/Kvasir-SEG/images/cju6vvxsev9y30987kespucdg.jpg,/Users/brian/Desktop/VCL318/Swin-ViT/ViTUnet vs SwinUnet/Dataset/processed/Kvasir-SEG/masks/cju6vvxsev9y30987kespucdg.png,620,475,0.075134,True,1
cju6wi3akvn8r0801px8eligc.jpg,cju6wi3akvn8r0801px8eligc,train,/Users/brian/Desktop/VCL318/Swin-ViT/ViTUnet vs SwinUnet/Dataset/processed/Kvasir-SEG/images/cju6wi3akvn8r0801px8eligc.jpg,/Users/brian/Desktop/VCL318/Swin-ViT/ViTUnet vs SwinUnet/Dataset/processed/Kvasir-SEG/masks/cju6wi3akvn8r0801px8eligc.png,494,530,0.613738,True,1
cju6wjm81vgsc0987enk9n3pr.jpg,cju6wjm81vgsc0987enk9n3pr,train,/Users/brian/Desktop/VCL318/Swin-ViT/ViTUnet vs SwinUnet/Dataset/processed/Kvasir-SEG/images/cju6wjm81vgsc0987enk9n3pr.jpg,/Users/brian/Desktop/VCL318/Swin-ViT/ViTUnet vs SwinUnet/Dataset/processed/Kvasir-SEG/masks/cju6wjm81vgsc0987enk9n3pr.png,623,528,0.262327,True,1
cju6wuojavt740818b5qcv3iw.jpg,cju6wuojavt740818b5qcv3iw,train,/Users/brian/Desktop/VCL318/Swin-ViT/ViTUnet vs SwinUnet/Dataset/processed/Kvasir-SEG/images/cju6wuojavt740818b5qcv3iw.jpg,/Users/brian/Desktop/VCL318/Swin-ViT/ViTUnet vs SwinUnet/Dataset/processed/Kvasir-SEG/masks/cju6wuojavt740818b5qcv3iw.png,599,530,0.269846,True,1
cju6x0yqbvxqt0755dhxislgb.jpg,cju6x0yqbvxqt0755dhxislgb,train,/Users/brian/Desktop/VCL318/Swin-ViT/ViTUnet vs SwinUnet/Dataset/processed/Kvasir-SEG/images/cju6x0yqbvxqt0755dhxislgb.jpg,/Users/brian/Desktop/VCL318/Swin-ViT/ViTUnet vs SwinUnet/Dataset/processed/Kvasir-SEG/masks/cju6x0yqbvxqt0755dhxislgb.png,622,530,0.133868,True,1
cju6x35ervu2808015c7eoqe4.jpg,cju6x35ervu2808015c7eoqe4,train,/Users/brian/Desktop/VCL318/Swin-ViT/ViTUnet vs SwinUnet/Dataset/processed/Kvasir-SEG/images/cju6x35ervu2808015c7eoqe4.jpg,/Users/brian/Desktop/VCL318/Swin-ViT/ViTUnet vs SwinUnet/Dataset/processed/Kvasir-SEG/masks/cju6x35ervu2808015c7eoqe4.png,622,530,0.200883,True,1
cju6x4t13vyw60755gtcf9ndu.jpg,cju6x4t13vyw60755gtcf9ndu,train,/Users/brian/Desktop/VCL318/Swin-ViT/ViTUnet vs SwinUnet/Dataset/processed/Kvasir-SEG/images/cju6x4t13vyw60755gtcf9ndu.jpg,/Users/brian/Desktop/VCL318/Swin-ViT/ViTUnet vs SwinUnet/Dataset/processed/Kvasir-SEG/masks/cju6x4t13vyw60755gtcf9ndu.png,621,529,0.21148,True,1
cju6x97w4vwua0850x0997r0a.jpg,cju6x97w4vwua0850x0997r0a,train,/Users/brian/Desktop/VCL318/Swin-ViT/ViTUnet vs SwinUnet/Dataset/processed/Kvasir-SEG/images/cju6x97w4vwua0850x0997r0a.jpg,/Users/brian/Desktop/VCL318/Swin-ViT/ViTUnet vs SwinUnet/Dataset/processed/Kvasir-SEG/masks/cju6x97w4vwua0850x0997r0a.png,626,547,0.07871,True,1
cju6xifswvwbo0987nibtdr50.jpg,cju6xifswvwbo0987nibtdr50,train,/Users/brian/Desktop/VCL318/Swin-ViT/ViTUnet vs SwinUnet/Dataset/processed/Kvasir-SEG/images/cju6xifswvwbo0987nibtdr50.jpg,/Users/brian/Desktop/VCL318/Swin-ViT/ViTUnet vs SwinUnet/Dataset/processed/Kvasir-SEG/masks/cju6xifswvwbo0987nibtdr50.png,618,531,0.338294,True,1
cju6xlygpw7bs0818n691jsq4.jpg,cju6xlygpw7bs0818n691jsq4,train,/Users/brian/Desktop/VCL318/Swin-ViT/ViTUnet vs SwinUnet/Dataset/processed/Kvasir-SEG/images/cju6xlygpw7bs0818n691jsq4.jpg,/Users/brian/Desktop/VCL318/Swin-ViT/ViTUnet vs SwinUnet/Dataset/processed/Kvasir-SEG/masks/cju6xlygpw7bs0818n691jsq4.png,570,531,0.311339,True,1
cju6ywm40wdbo0987pbftsvtg.jpg,cju6ywm40wdbo0987pbftsvtg,train,/Users/brian/Desktop/VCL318/Swin-ViT/ViTUnet vs SwinUnet/Dataset/processed/Kvasir-SEG/images/cju6ywm40wdbo0987pbftsvtg.jpg,/Users/brian/Desktop/VCL318/Swin-ViT/ViTUnet vs SwinUnet/Dataset/processed/Kvasir-SEG/masks/cju6ywm40wdbo0987pbftsvtg.png,622,528,0.147009,True,1
cju6yxyt0wh080871sqpepu47.jpg,cju6yxyt0wh080871sqpepu47,train,/Users/brian/Desktop/VCL318/Swin-ViT/ViTUnet vs SwinUnet/Dataset/processed/Kvasir-SEG/images/cju6yxyt0wh080871sqpepu47.jpg,/Users/brian/Desktop/VCL318/Swin-ViT/ViTUnet vs SwinUnet/Dataset/processed/Kvasir-SEG/masks/cju6yxyt0wh080871sqpepu47.png,616,528,0.071315,True,1
cju6z1bzbwfq50817b2alatvr.jpg,cju6z1bzbwfq50817b2alatvr,train,/Users/brian/Desktop/VCL318/Swin-ViT/ViTUnet vs SwinUnet/Dataset/processed/Kvasir-SEG/images/cju6z1bzbwfq50817b2alatvr.jpg,/Users/brian/Desktop/VCL318/Swin-ViT/ViTUnet vs SwinUnet/Dataset/processed/Kvasir-SEG/masks/cju6z1bzbwfq50817b2alatvr.png,626,547,0.424941,True,1
cju6z2616wqbk07555bvnuyr1.jpg,cju6z2616wqbk07555bvnuyr1,train,/Users/brian/Desktop/VCL318/Swin-ViT/ViTUnet vs SwinUnet/Dataset/processed/Kvasir-SEG/images/cju6z2616wqbk07555bvnuyr1.jpg,/Users/brian/Desktop/VCL318/Swin-ViT/ViTUnet vs SwinUnet/Dataset/processed/Kvasir-SEG/masks/cju6z2616wqbk07555bvnuyr1.png,554,531,0.093876,True,1
cju6z600qwh4z081700qimgl9.jpg,cju6z600qwh4z081700qimgl9,train,/Users/brian/Desktop/VCL318/Swin-ViT/ViTUnet vs SwinUnet/Dataset/processed/Kvasir-SEG/images/cju6z600qwh4z081700qimgl9.jpg,/Users/brian/Desktop/VCL318/Swin-ViT/ViTUnet vs SwinUnet/Dataset/processed/Kvasir-SEG/masks/cju6z600qwh4z081700qimgl9.png,612,530,0.047743,True,1
cju6z7e4bwgdd0987ogkzq9kt.jpg,cju6z7e4bwgdd0987ogkzq9kt,train,/Users/brian/Desktop/VCL318/Swin-ViT/ViTUnet vs SwinUnet/Dataset/processed/Kvasir-SEG/images/cju6z7e4bwgdd0987ogkzq9kt.jpg,/Users/brian/Desktop/VCL318/Swin-ViT/ViTUnet vs SwinUnet/Dataset/processed/Kvasir-SEG/masks/cju6z7e4bwgdd0987ogkzq9kt.png,623,528,0.147347,True,1
cju6z9a9kwsl007552s49rx6i.jpg,cju6z9a9kwsl007552s49rx6i,train,/Users/brian/Desktop/VCL318/Swin-ViT/ViTUnet vs SwinUnet/Dataset/processed/Kvasir-SEG/images/cju6z9a9kwsl007552s49rx6i.jpg,/Users/brian/Desktop/VCL318/Swin-ViT/ViTUnet vs SwinUnet/Dataset/processed/Kvasir-SEG/masks/cju6z9a9kwsl007552s49rx6i.png,622,528,0.155735,True,2
cju76erapykj30871x5eaxh4q.jpg,cju76erapykj30871x5eaxh4q,train,/Users/brian/Desktop/VCL318/Swin-ViT/ViTUnet vs SwinUnet/Dataset/processed/Kvasir-SEG/images/cju76erapykj30871x5eaxh4q.jpg,/Users/brian/Desktop/VCL318/Swin-ViT/ViTUnet vs SwinUnet/Dataset/processed/Kvasir-SEG/masks/cju76erapykj30871x5eaxh4q.png,621,529,0.21,True,1
cju76l27oyrw907551ri2a7fl.jpg,cju76l27oyrw907551ri2a7fl,train,/Users/brian/Desktop/VCL318/Swin-ViT/ViTUnet vs SwinUnet/Dataset/processed/Kvasir-SEG/images/cju76l27oyrw907551ri2a7fl.jpg,/Users/brian/Desktop/VCL318/Swin-ViT/ViTUnet vs SwinUnet/Dataset/processed/Kvasir-SEG/masks/cju76l27oyrw907551ri2a7fl.png,396,480,0.260832,True,1
cju76lsehyia10987u54vn8rb.jpg,cju76lsehyia10987u54vn8rb,train,/Users/brian/Desktop/VCL318/Swin-ViT/ViTUnet vs SwinUnet/Dataset/processed/Kvasir-SEG/images/cju76lsehyia10987u54vn8rb.jpg,/Users/brian/Desktop/VCL318/Swin-ViT/ViTUnet vs SwinUnet/Dataset/processed/Kvasir-SEG/masks/cju76lsehyia10987u54vn8rb.png,622,546,0.055481,True,1
cju76o55nymqd0871h31sph9w.jpg,cju76o55nymqd0871h31sph9w,train,/Users/brian/Desktop/VCL318/Swin-ViT/ViTUnet vs SwinUnet/Dataset/processed/Kvasir-SEG/images/cju76o55nymqd0871h31sph9w.jpg,/Users/brian/Desktop/VCL318/Swin-ViT/ViTUnet vs SwinUnet/Dataset/processed/Kvasir-SEG/masks/cju76o55nymqd0871h31sph9w.png,600,529,0.006506,True,1
cju77196iyshb0850ycbto50a.jpg,cju77196iyshb0850ycbto50a,train,/Users/brian/Desktop/VCL318/Swin-ViT/ViTUnet vs SwinUnet/Dataset/processed/Kvasir-SEG/images/cju77196iyshb0850ycbto50a.jpg,/Users/brian/Desktop/VCL318/Swin-ViT/ViTUnet vs SwinUnet/Dataset/processed/Kvasir-SEG/masks/cju77196iyshb0850ycbto50a.png,622,529,0.268695,True,1
cju772304yw5t0818vbw8kkjf.jpg,cju772304yw5t0818vbw8kkjf,train,/Users/brian/Desktop/VCL318/Swin-ViT/ViTUnet vs SwinUnet/Dataset/processed/Kvasir-SEG/images/cju772304yw5t0818vbw8kkjf.jpg,/Users/brian/Desktop/VCL318/Swin-ViT/ViTUnet vs SwinUnet/Dataset/processed/Kvasir-SEG/masks/cju772304yw5t0818vbw8kkjf.png,622,546,0.058811,True,1
cju773hsyyosz0817pk1e7sjq.jpg,cju773hsyyosz0817pk1e7sjq,train,/Users/brian/Desktop/VCL318/Swin-ViT/ViTUnet vs SwinUnet/Dataset/processed/Kvasir-SEG/images/cju773hsyyosz0817pk1e7sjq.jpg,/Users/brian/Desktop/VCL318/Swin-ViT/ViTUnet vs SwinUnet/Dataset/processed/Kvasir-SEG/masks/cju773hsyyosz0817pk1e7sjq.png,618,530,0.108384,True,1
cju7787c5yy3l080159mwqsnj.jpg,cju7787c5yy3l080159mwqsnj,train,/Users/brian/Desktop/VCL318/Swin-ViT/ViTUnet vs SwinUnet/Dataset/processed/Kvasir-SEG/images/cju7787c5yy3l080159mwqsnj.jpg,/Users/brian/Desktop/VCL318/Swin-ViT/ViTUnet vs SwinUnet/Dataset/processed/Kvasir-SEG/masks/cju7787c5yy3l080159mwqsnj.png,622,530,0.056522,True,1
cju77b3wyz4160755qis4ljsb.jpg,cju77b3wyz4160755qis4ljsb,train,/Users/brian/Desktop/VCL318/Swin-ViT/ViTUnet vs SwinUnet/Dataset/processed/Kvasir-SEG/images/cju77b3wyz4160755qis4ljsb.jpg,/Users/brian/Desktop/VCL318/Swin-ViT/ViTUnet vs SwinUnet/Dataset/processed/Kvasir-SEG/masks/cju77b3wyz4160755qis4ljsb.png,571,530,0.042309,True,1
cju77bvg0yv4r0987yh60xmjo.jpg,cju77bvg0yv4r0987yh60xmjo,train,/Users/brian/Desktop/VCL318/Swin-ViT/ViTUnet vs SwinUnet/Dataset/processed/Kvasir-SEG/images/cju77bvg0yv4r0987yh60xmjo.jpg,/Users/brian/Desktop/VCL318/Swin-ViT/ViTUnet vs SwinUnet/Dataset/processed/Kvasir-SEG/masks/cju77bvg0yv4r0987yh60xmjo.png,616,546,0.077027,True,1
cju77idwfz36d0871tzfzz51i.jpg,cju77idwfz36d0871tzfzz51i,train,/Users/brian/Desktop/VCL318/Swin-ViT/ViTUnet vs SwinUnet/Dataset/processed/Kvasir-SEG/images/cju77idwfz36d0871tzfzz51i.jpg,/Users/brian/Desktop/VCL318/Swin-ViT/ViTUnet vs SwinUnet/Dataset/processed/Kvasir-SEG/masks/cju77idwfz36d0871tzfzz51i.png,605,528,0.189898,True,1
cju77j66ez52p08019xygi0co.jpg,cju77j66ez52p08019xygi0co,train,/Users/brian/Desktop/VCL318/Swin-ViT/ViTUnet vs SwinUnet/Dataset/processed/Kvasir-SEG/images/cju77j66ez52p08019xygi0co.jpg,/Users/brian/Desktop/VCL318/Swin-ViT/ViTUnet vs SwinUnet/Dataset/processed/Kvasir-SEG/masks/cju77j66ez52p08019xygi0co.png,613,530,0.031297,True,1
cju77q10sz9ug0801449wu1nu.jpg,cju77q10sz9ug0801449wu1nu,train,/Users/brian/Desktop/VCL318/Swin-ViT/ViTUnet vs SwinUnet/Dataset/processed/Kvasir-SEG/images/cju77q10sz9ug0801449wu1nu.jpg,/Users/brian/Desktop/VCL318/Swin-ViT/ViTUnet vs SwinUnet/Dataset/processed/Kvasir-SEG/masks/cju77q10sz9ug0801449wu1nu.png,608,528,0.101812,True,1
cju77re6fz5bb0817vp9redjg.jpg,cju77re6fz5bb0817vp9redjg,train,/Users/brian/Desktop/VCL318/Swin-ViT/ViTUnet vs SwinUnet/Dataset/processed/Kvasir-SEG/images/cju77re6fz5bb0817vp9redjg.jpg,/Users/brian/Desktop/VCL318/Swin-ViT/ViTUnet vs SwinUnet/Dataset/processed/Kvasir-SEG/masks/cju77re6fz5bb0817vp9redjg.png,443,530,0.090353,True,1
cju77t0razbvm080106o56289.jpg,cju77t0razbvm080106o56289,train,/Users/brian/Desktop/VCL318/Swin-ViT/ViTUnet vs SwinUnet/Dataset/processed/Kvasir-SEG/images/cju77t0razbvm080106o56289.jpg,/Users/brian/Desktop/VCL318/Swin-ViT/ViTUnet vs SwinUnet/Dataset/processed/Kvasir-SEG/masks/cju77t0razbvm080106o56289.png,570,528,0.559875,True,1
cju77u1sjz77b0817ft44r3fk.jpg,cju77u1sjz77b0817ft44r3fk,train,/Users/brian/Desktop/VCL318/Swin-ViT/ViTUnet vs SwinUnet/Dataset/processed/Kvasir-SEG/images/cju77u1sjz77b0817ft44r3fk.jpg,/Users/brian/Desktop/VCL318/Swin-ViT/ViTUnet vs SwinUnet/Dataset/processed/Kvasir-SEG/masks/cju77u1sjz77b0817ft44r3fk.png,622,531,0.116958,True,1
cju77vvcwzcm50850lzoykuva.jpg,cju77vvcwzcm50850lzoykuva,train,/Users/brian/Desktop/VCL318/Swin-ViT/ViTUnet vs SwinUnet/Dataset/processed/Kvasir-SEG/images/cju77vvcwzcm50850lzoykuva.jpg,/Users/brian/Desktop/VCL318/Swin-ViT/ViTUnet vs SwinUnet/Dataset/processed/Kvasir-SEG/masks/cju77vvcwzcm50850lzoykuva.png,618,529,0.078202,True,1
cju783tmkzkqu081803g7q5vk.jpg,cju783tmkzkqu081803g7q5vk,train,/Users/brian/Desktop/VCL318/Swin-ViT/ViTUnet vs SwinUnet/Dataset/processed/Kvasir-SEG/images/cju783tmkzkqu081803g7q5vk.jpg,/Users/brian/Desktop/VCL318/Swin-ViT/ViTUnet vs SwinUnet/Dataset/processed/Kvasir-SEG/masks/cju783tmkzkqu081803g7q5vk.png,618,494,0.11432,True,1
cju784jpdzeae0987q5ypq883.jpg,cju784jpdzeae0987q5ypq883,train,/Users/brian/Desktop/VCL318/Swin-ViT/ViTUnet vs SwinUnet/Dataset/processed/Kvasir-SEG/images/cju784jpdzeae0987q5ypq883.jpg,/Users/brian/Desktop/VCL318/Swin-ViT/ViTUnet vs SwinUnet/Dataset/processed/Kvasir-SEG/masks/cju784jpdzeae0987q5ypq883.png,580,531,0.109212,True,1
cju785htizjzo08017tvlhtg4.jpg,cju785htizjzo08017tvlhtg4,train,/Users/brian/Desktop/VCL318/Swin-ViT/ViTUnet vs SwinUnet/Dataset/processed/Kvasir-SEG/images/cju785htizjzo08017tvlhtg4.jpg,/Users/brian/Desktop/VCL318/Swin-ViT/ViTUnet vs SwinUnet/Dataset/processed/Kvasir-SEG/masks/cju785htizjzo08017tvlhtg4.png,546,530,0.102416,True,1
cju787jnjzjuj0871p94nck9g.jpg,cju787jnjzjuj0871p94nck9g,train,/Users/brian/Desktop/VCL318/Swin-ViT/ViTUnet vs SwinUnet/Dataset/processed/Kvasir-SEG/images/cju787jnjzjuj0871p94nck9g.jpg,/Users/brian/Desktop/VCL318/Swin-ViT/ViTUnet vs SwinUnet/Dataset/processed/Kvasir-SEG/masks/cju787jnjzjuj0871p94nck9g.png,626,546,0.126122,True,1
cju7adqyj1jcx08712r1ro5gx.jpg,cju7adqyj1jcx08712r1ro5gx,train,/Users/brian/Desktop/VCL318/Swin-ViT/ViTUnet vs SwinUnet/Dataset/processed/Kvasir-SEG/images/cju7adqyj1jcx08712r1ro5gx.jpg,/Users/brian/Desktop/VCL318/Swin-ViT/ViTUnet vs SwinUnet/Dataset/processed/Kvasir-SEG/masks/cju7adqyj1jcx08712r1ro5gx.png,622,480,0.278859,True,1
cju7ae7bq1f820987toc8si1d.jpg,cju7ae7bq1f820987toc8si1d,train,/Users/brian/Desktop/VCL318/Swin-ViT/ViTUnet vs SwinUnet/Dataset/processed/Kvasir-SEG/images/cju7ae7bq1f820987toc8si1d.jpg,/Users/brian/Desktop/VCL318/Swin-ViT/ViTUnet vs SwinUnet/Dataset/processed/Kvasir-SEG/masks/cju7ae7bq1f820987toc8si1d.png,509,530,0.036687,True,1
cju7afqon1ip40850ue2308b6.jpg,cju7afqon1ip40850ue2308b6,train,/Users/brian/Desktop/VCL318/Swin-ViT/ViTUnet vs SwinUnet/Dataset/processed/Kvasir-SEG/images/cju7afqon1ip40850ue2308b6.jpg,/Users/brian/Desktop/VCL318/Swin-ViT/ViTUnet vs SwinUnet/Dataset/processed/Kvasir-SEG/masks/cju7afqon1ip40850ue2308b6.png,617,528,0.047367,True,1
cju7ahtkb1jr90801jck4kbds.jpg,cju7ahtkb1jr90801jck4kbds,train,/Users/brian/Desktop/VCL318/Swin-ViT/ViTUnet vs SwinUnet/Dataset/processed/Kvasir-SEG/images/cju7ahtkb1jr90801jck4kbds.jpg,/Users/brian/Desktop/VCL318/Swin-ViT/ViTUnet vs SwinUnet/Dataset/processed/Kvasir-SEG/masks/cju7ahtkb1jr90801jck4kbds.png,602,546,0.130752,True,1
cju7aifyo1p3n07552nxjx51f.jpg,cju7aifyo1p3n07552nxjx51f,train,/Users/brian/Desktop/VCL318/Swin-ViT/ViTUnet vs SwinUnet/Dataset/processed/Kvasir-SEG/images/cju7aifyo1p3n07552nxjx51f.jpg,/Users/brian/Desktop/VCL318/Swin-ViT/ViTUnet vs SwinUnet/Dataset/processed/Kvasir-SEG/masks/cju7aifyo1p3n07552nxjx51f.png,622,531,0.05868,True,1
cju7ajnbo1gvm098749rdouk0.jpg,cju7ajnbo1gvm098749rdouk0,train,/Users/brian/Desktop/VCL318/Swin-ViT/ViTUnet vs SwinUnet/Dataset/processed/Kvasir-SEG/images/cju7ajnbo1gvm098749rdouk0.jpg,/Users/brian/Desktop/VCL318/Swin-ViT/ViTUnet vs SwinUnet/Dataset/processed/Kvasir-SEG/masks/cju7ajnbo1gvm098749rdouk0.png,626,546,0.226708,True,2
cju7aklv31h4309871m29l4e7.jpg,cju7aklv31h4309871m29l4e7,train,/Users/brian/Desktop/VCL318/Swin-ViT/ViTUnet vs SwinUnet/Dataset/processed/Kvasir-SEG/images/cju7aklv31h4309871m29l4e7.jpg,/Users/brian/Desktop/VCL318/Swin-ViT/ViTUnet vs SwinUnet/Dataset/processed/Kvasir-SEG/masks/cju7aklv31h4309871m29l4e7.png,615,529,0.102012,True,1
cju7alcgr1lsr0871riqk84z7.jpg,cju7alcgr1lsr0871riqk84z7,train,/Users/brian/Desktop/VCL318/Swin-ViT/ViTUnet vs SwinUnet/Dataset/processed/Kvasir-SEG/images/cju7alcgr1lsr0871riqk84z7.jpg,/Users/brian/Desktop/VCL318/Swin-ViT/ViTUnet vs SwinUnet/Dataset/processed/Kvasir-SEG/masks/cju7alcgr1lsr0871riqk84z7.png,622,530,0.097661,True,1
cju7amjna1ly40871ugiokehb.jpg,cju7amjna1ly40871ugiokehb,train,/Users/brian/Desktop/VCL318/Swin-ViT/ViTUnet vs SwinUnet/Dataset/processed/Kvasir-SEG/images/cju7amjna1ly40871ugiokehb.jpg,/Users/brian/Desktop/VCL318/Swin-ViT/ViTUnet vs SwinUnet/Dataset/processed/Kvasir-SEG/masks/cju7amjna1ly40871ugiokehb.png,552,531,0.141809,True,1
cju7ap09p1kz10850ldccjebj.jpg,cju7ap09p1kz10850ldccjebj,train,/Users/brian/Desktop/VCL318/Swin-ViT/ViTUnet vs SwinUnet/Dataset/processed/Kvasir-SEG/images/cju7ap09p1kz10850ldccjebj.jpg,/Users/brian/Desktop/VCL318/Swin-ViT/ViTUnet vs SwinUnet/Dataset/processed/Kvasir-SEG/masks/cju7ap09p1kz10850ldccjebj.png,626,546,0.049307,True,1
cju7apr0c1qqm0755s7msqot4.jpg,cju7apr0c1qqm0755s7msqot4,train,/Users/brian/Desktop/VCL318/Swin-ViT/ViTUnet vs SwinUnet/Dataset/processed/Kvasir-SEG/images/cju7apr0c1qqm0755s7msqot4.jpg,/Users/brian/Desktop/VCL318/Swin-ViT/ViTUnet vs SwinUnet/Dataset/processed/Kvasir-SEG/masks/cju7apr0c1qqm0755s7msqot4.png,584,530,0.132289,True,1
cju7aqkue1i2k09879uzcpt8r.jpg,cju7aqkue1i2k09879uzcpt8r,train,/Users/brian/Desktop/VCL318/Swin-ViT/ViTUnet vs SwinUnet/Dataset/processed/Kvasir-SEG/images/cju7aqkue1i2k09879uzcpt8r.jpg,/Users/brian/Desktop/VCL318/Swin-ViT/ViTUnet vs SwinUnet/Dataset/processed/Kvasir-SEG/masks/cju7aqkue1i2k09879uzcpt8r.png,621,530,0.060219,True,1
cju7atnm31if40817pqclnjer.jpg,cju7atnm31if40817pqclnjer,train,/Users/brian/Desktop/VCL318/Swin-ViT/ViTUnet vs SwinUnet/Dataset/processed/Kvasir-SEG/images/cju7atnm31if40817pqclnjer.jpg,/Users/brian/Desktop/VCL318/Swin-ViT/ViTUnet vs SwinUnet/Dataset/processed/Kvasir-SEG/masks/cju7atnm31if40817pqclnjer.png,622,531,0.16214,True,1
cju7avvi51iox0817ym55y6tt.jpg,cju7avvi51iox0817ym55y6tt,train,/Users/brian/Desktop/VCL318/Swin-ViT/ViTUnet vs SwinUnet/Dataset/processed/Kvasir-SEG/images/cju7avvi51iox0817ym55y6tt.jpg,/Users/brian/Desktop/VCL318/Swin-ViT/ViTUnet vs SwinUnet/Dataset/processed/Kvasir-SEG/masks/cju7avvi51iox0817ym55y6tt.png,626,546,0.517434,True,1
cju7azuu31mia0801pf9ib5ed.jpg,cju7azuu31mia0801pf9ib5ed,train,/Users/brian/Desktop/VCL318/Swin-ViT/ViTUnet vs SwinUnet/Dataset/processed/Kvasir-SEG/images/cju7azuu31mia0801pf9ib5ed.jpg,/Users/brian/Desktop/VCL318/Swin-ViT/ViTUnet vs SwinUnet/Dataset/processed/Kvasir-SEG/masks/cju7azuu31mia0801pf9ib5ed.png,605,530,0.07007,True,1
cju7b10ce1mnm08011c5bwyr4.jpg,cju7b10ce1mnm08011c5bwyr4,train,/Users/brian/Desktop/VCL318/Swin-ViT/ViTUnet vs SwinUnet/Dataset/processed/Kvasir-SEG/images/cju7b10ce1mnm08011c5bwyr4.jpg,/Users/brian/Desktop/VCL318/Swin-ViT/ViTUnet vs SwinUnet/Dataset/processed/Kvasir-SEG/masks/cju7b10ce1mnm08011c5bwyr4.png,622,530,0.170236,True,1
cju7b1ygu1msd0801hywhy0mc.jpg,cju7b1ygu1msd0801hywhy0mc,train,/Users/brian/Desktop/VCL318/Swin-ViT/ViTUnet vs SwinUnet/Dataset/processed/Kvasir-SEG/images/cju7b1ygu1msd0801hywhy0mc.jpg,/Users/brian/Desktop/VCL318/Swin-ViT/ViTUnet vs SwinUnet/Dataset/processed/Kvasir-SEG/masks/cju7b1ygu1msd0801hywhy0mc.png,617,530,0.150442,True,1
cju7b3f5h1sm40755i572jden.jpg,cju7b3f5h1sm40755i572jden,train,/Users/brian/Desktop/VCL318/Swin-ViT/ViTUnet vs SwinUnet/Dataset/processed/Kvasir-SEG/images/cju7b3f5h1sm40755i572jden.jpg,/Users/brian/Desktop/VCL318/Swin-ViT/ViTUnet vs SwinUnet/Dataset/processed/Kvasir-SEG/masks/cju7b3f5h1sm40755i572jden.png,622,531,0.146965,True,1
cju7b4mtw1n9n080186209f3d.jpg,cju7b4mtw1n9n080186209f3d,train,/Users/brian/Desktop/VCL318/Swin-ViT/ViTUnet vs SwinUnet/Dataset/processed/Kvasir-SEG/images/cju7b4mtw1n9n080186209f3d.jpg,/Users/brian/Desktop/VCL318/Swin-ViT/ViTUnet vs SwinUnet/Dataset/processed/Kvasir-SEG/masks/cju7b4mtw1n9n080186209f3d.png,600,528,0.04262,True,1
cju7b5afm1nfw0801xqm8bf8q.jpg,cju7b5afm1nfw0801xqm8bf8q,train,/Users/brian/Desktop/VCL318/Swin-ViT/ViTUnet vs SwinUnet/Dataset/processed/Kvasir-SEG/images/cju7b5afm1nfw0801xqm8bf8q.jpg,/Users/brian/Desktop/VCL318/Swin-ViT/ViTUnet vs SwinUnet/Dataset/processed/Kvasir-SEG/masks/cju7b5afm1nfw0801xqm8bf8q.png,599,531,0.056595,True,1
cju7b9vcs1luz0987ta60j1dy.jpg,cju7b9vcs1luz0987ta60j1dy,train,/Users/brian/Desktop/VCL318/Swin-ViT/ViTUnet vs SwinUnet/Dataset/processed/Kvasir-SEG/images/cju7b9vcs1luz0987ta60j1dy.jpg,/Users/brian/Desktop/VCL318/Swin-ViT/ViTUnet vs SwinUnet/Dataset/processed/Kvasir-SEG/masks/cju7b9vcs1luz0987ta60j1dy.png,626,547,0.130815,True,1
cju7bc95p1mdm0817yqj5jc6j.jpg,cju7bc95p1mdm0817yqj5jc6j,train,/Users/brian/Desktop/VCL318/Swin-ViT/ViTUnet vs SwinUnet/Dataset/processed/Kvasir-SEG/images/cju7bc95p1mdm0817yqj5jc6j.jpg,/Users/brian/Desktop/VCL318/Swin-ViT/ViTUnet vs SwinUnet/Dataset/processed/Kvasir-SEG/masks/cju7bc95p1mdm0817yqj5jc6j.png,622,529,0.087215,True,1
cju7bd1qu1mx409877xjxibox.jpg,cju7bd1qu1mx409877xjxibox,train,/Users/brian/Desktop/VCL318/Swin-ViT/ViTUnet vs SwinUnet/Dataset/processed/Kvasir-SEG/images/cju7bd1qu1mx409877xjxibox.jpg,/Users/brian/Desktop/VCL318/Swin-ViT/ViTUnet vs SwinUnet/Dataset/processed/Kvasir-SEG/masks/cju7bd1qu1mx409877xjxibox.png,570,530,0.093714,True,1
cju7bduyq1rjf08719giru9ho.jpg,cju7bduyq1rjf08719giru9ho,train,/Users/brian/Desktop/VCL318/Swin-ViT/ViTUnet vs SwinUnet/Dataset/processed/Kvasir-SEG/images/cju7bduyq1rjf08719giru9ho.jpg,/Users/brian/Desktop/VCL318/Swin-ViT/ViTUnet vs SwinUnet/Dataset/processed/Kvasir-SEG/masks/cju7bduyq1rjf08719giru9ho.png,622,508,0.119895,True,1
cju7bf1lp1shi081835vs84lc.jpg,cju7bf1lp1shi081835vs84lc,train,/Users/brian/Desktop/VCL318/Swin-ViT/ViTUnet vs SwinUnet/Dataset/processed/Kvasir-SEG/images/cju7bf1lp1shi081835vs84lc.jpg,/Users/brian/Desktop/VCL318/Swin-ViT/ViTUnet vs SwinUnet/Dataset/processed/Kvasir-SEG/masks/cju7bf1lp1shi081835vs84lc.png,570,530,0.363055,True,1
cju7bfx651qr80801cs7epotb.jpg,cju7bfx651qr80801cs7epotb,train,/Users/brian/Desktop/VCL318/Swin-ViT/ViTUnet vs SwinUnet/Dataset/processed/Kvasir-SEG/images/cju7bfx651qr80801cs7epotb.jpg,/Users/brian/Desktop/VCL318/Swin-ViT/ViTUnet vs SwinUnet/Dataset/processed/Kvasir-SEG/masks/cju7bfx651qr80801cs7epotb.png,622,528,0.183855,True,1
cju7bgnvb1sf808717qa799ir.jpg,cju7bgnvb1sf808717qa799ir,train,/Users/brian/Desktop/VCL318/Swin-ViT/ViTUnet vs SwinUnet/Dataset/processed/Kvasir-SEG/images/cju7bgnvb1sf808717qa799ir.jpg,/Users/brian/Desktop/VCL318/Swin-ViT/ViTUnet vs SwinUnet/Dataset/processed/Kvasir-SEG/masks/cju7bgnvb1sf808717qa799ir.png,590,528,0.187323,True,1
cju7cl8zm1xcu0817ado0jpas.jpg,cju7cl8zm1xcu0817ado0jpas,train,/Users/brian/Desktop/VCL318/Swin-ViT/ViTUnet vs SwinUnet/Dataset/processed/Kvasir-SEG/images/cju7cl8zm1xcu0817ado0jpas.jpg,/Users/brian/Desktop/VCL318/Swin-ViT/ViTUnet vs SwinUnet/Dataset/processed/Kvasir-SEG/masks/cju7cl8zm1xcu0817ado0jpas.png,570,530,0.33618,True,1
cju7crgxa28550755wbsgqkel.jpg,cju7crgxa28550755wbsgqkel,train,/Users/brian/Desktop/VCL318/Swin-ViT/ViTUnet vs SwinUnet/Dataset/processed/Kvasir-SEG/images/cju7crgxa28550755wbsgqkel.jpg,/Users/brian/Desktop/VCL318/Swin-ViT/ViTUnet vs SwinUnet/Dataset/processed/Kvasir-SEG/masks/cju7crgxa28550755wbsgqkel.png,622,504,0.145521,True,1
cju7csvlb22fr0850lvm45n3x.jpg,cju7csvlb22fr0850lvm45n3x,train,/Users/brian/Desktop/VCL318/Swin-ViT/ViTUnet vs SwinUnet/Dataset/processed/Kvasir-SEG/images/cju7csvlb22fr0850lvm45n3x.jpg,/Users/brian/Desktop/VCL318/Swin-ViT/ViTUnet vs SwinUnet/Dataset/processed/Kvasir-SEG/masks/cju7csvlb22fr0850lvm45n3x.png,622,530,0.294051,True,1
cju7ctvqn25dy08186g442m1r.jpg,cju7ctvqn25dy08186g442m1r,train,/Users/brian/Desktop/VCL318/Swin-ViT/ViTUnet vs SwinUnet/Dataset/processed/Kvasir-SEG/images/cju7ctvqn25dy08186g442m1r.jpg,/Users/brian/Desktop/VCL318/Swin-ViT/ViTUnet vs SwinUnet/Dataset/processed/Kvasir-SEG/masks/cju7ctvqn25dy08186g442m1r.png,622,531,0.138212,True,1
cju7cue9b232j0801qdzk1ykj.jpg,cju7cue9b232j0801qdzk1ykj,train,/Users/brian/Desktop/VCL318/Swin-ViT/ViTUnet vs SwinUnet/Dataset/processed/Kvasir-SEG/images/cju7cue9b232j0801qdzk1ykj.jpg,/Users/brian/Desktop/VCL318/Swin-ViT/ViTUnet vs SwinUnet/Dataset/processed/Kvasir-SEG/masks/cju7cue9b232j0801qdzk1ykj.png,613,528,0.086605,True,1
cju7cufm7298k0755j09uf3of.jpg,cju7cufm7298k0755j09uf3of,train,/Users/brian/Desktop/VCL318/Swin-ViT/ViTUnet vs SwinUnet/Dataset/processed/Kvasir-SEG/images/cju7cufm7298k0755j09uf3of.jpg,/Users/brian/Desktop/VCL318/Swin-ViT/ViTUnet vs SwinUnet/Dataset/processed/Kvasir-SEG/masks/cju7cufm7298k0755j09uf3of.png,614,531,0.118196,True,1
cju7d1tvt25bu08019dvw3uff.jpg,cju7d1tvt25bu08019dvw3uff,train,/Users/brian/Desktop/VCL318/Swin-ViT/ViTUnet vs SwinUnet/Dataset/processed/Kvasir-SEG/images/cju7d1tvt25bu08019dvw3uff.jpg,/Users/brian/Desktop/VCL318/Swin-ViT/ViTUnet vs SwinUnet/Dataset/processed/Kvasir-SEG/masks/cju7d1tvt25bu08019dvw3uff.png,571,531,0.278116,True,1
cju7d2q1k27nf08715zshsckt.jpg,cju7d2q1k27nf08715zshsckt,train,/Users/brian/Desktop/VCL318/Swin-ViT/ViTUnet vs SwinUnet/Dataset/processed/Kvasir-SEG/images/cju7d2q1k27nf08715zshsckt.jpg,/Users/brian/Desktop/VCL318/Swin-ViT/ViTUnet vs SwinUnet/Dataset/processed/Kvasir-SEG/masks/cju7d2q1k27nf08715zshsckt.png,620,530,0.218977,True,1
cju7d3oc82cho0755dajlwldz.jpg,cju7d3oc82cho0755dajlwldz,train,/Users/brian/Desktop/VCL318/Swin-ViT/ViTUnet vs SwinUnet/Dataset/processed/Kvasir-SEG/images/cju7d3oc82cho0755dajlwldz.jpg,/Users/brian/Desktop/VCL318/Swin-ViT/ViTUnet vs SwinUnet/Dataset/processed/Kvasir-SEG/masks/cju7d3oc82cho0755dajlwldz.png,622,529,0.17205,True,1
cju7d5m0p23kn09871rk7pu3v.jpg,cju7d5m0p23kn09871rk7pu3v,train,/Users/brian/Desktop/VCL318/Swin-ViT/ViTUnet vs SwinUnet/Dataset/processed/Kvasir-SEG/images/cju7d5m0p23kn09871rk7pu3v.jpg,/Users/brian/Desktop/VCL318/Swin-ViT/ViTUnet vs SwinUnet/Dataset/processed/Kvasir-SEG/masks/cju7d5m0p23kn09871rk7pu3v.png,563,531,0.380331,True,1
cju7d7aut2a2p0818z4uxc6cd.jpg,cju7d7aut2a2p0818z4uxc6cd,train,/Users/brian/Desktop/VCL318/Swin-ViT/ViTUnet vs SwinUnet/Dataset/processed/Kvasir-SEG/images/cju7d7aut2a2p0818z4uxc6cd.jpg,/Users/brian/Desktop/VCL318/Swin-ViT/ViTUnet vs SwinUnet/Dataset/processed/Kvasir-SEG/masks/cju7d7aut2a2p0818z4uxc6cd.png,621,530,0.016957,True,1
cju7d7tly27h408016fyp5nr7.jpg,cju7d7tly27h408016fyp5nr7,train,/Users/brian/Desktop/VCL318/Swin-ViT/ViTUnet vs SwinUnet/Dataset/processed/Kvasir-SEG/images/cju7d7tly27h408016fyp5nr7.jpg,/Users/brian/Desktop/VCL318/Swin-ViT/ViTUnet vs SwinUnet/Dataset/processed/Kvasir-SEG/masks/cju7d7tly27h408016fyp5nr7.png,528,528,0.156189,True,1
cju7da88w2eod0755wejzynvt.jpg,cju7da88w2eod0755wejzynvt,train,/Users/brian/Desktop/VCL318/Swin-ViT/ViTUnet vs SwinUnet/Dataset/processed/Kvasir-SEG/images/cju7da88w2eod0755wejzynvt.jpg,/Users/brian/Desktop/VCL318/Swin-ViT/ViTUnet vs SwinUnet/Dataset/processed/Kvasir-SEG/masks/cju7da88w2eod0755wejzynvt.png,622,484,0.034553,True,1
cju7db7lp2f400755tntd1ohf.jpg,cju7db7lp2f400755tntd1ohf,train,/Users/brian/Desktop/VCL318/Swin-ViT/ViTUnet vs SwinUnet/Dataset/processed/Kvasir-SEG/images/cju7db7lp2f400755tntd1ohf.jpg,/Users/brian/Desktop/VCL318/Swin-ViT/ViTUnet vs SwinUnet/Dataset/processed/Kvasir-SEG/masks/cju7db7lp2f400755tntd1ohf.png,612,522,0.263989,True,1
cju7dbppn28nx085097654msi.jpg,cju7dbppn28nx085097654msi,train,/Users/brian/Desktop/VCL318/Swin-ViT/ViTUnet vs SwinUnet/Dataset/processed/Kvasir-SEG/images/cju7dbppn28nx085097654msi.jpg,/Users/brian/Desktop/VCL318/Swin-ViT/ViTUnet vs SwinUnet/Dataset/processed/Kvasir-SEG/masks/cju7dbppn28nx085097654msi.png,626,546,0.295592,True,1
cju7dda8w2br20818zhsuz8s7.jpg,cju7dda8w2br20818zhsuz8s7,train,/Users/brian/Desktop/VCL318/Swin-ViT/ViTUnet vs SwinUnet/Dataset/processed/Kvasir-SEG/images/cju7dda8w2br20818zhsuz8s7.jpg,/Users/brian/Desktop/VCL318/Swin-ViT/ViTUnet vs SwinUnet/Dataset/processed/Kvasir-SEG/masks/cju7dda8w2br20818zhsuz8s7.png,564,530,0.367389,True,1
cju7ddtz729960801uazp1knc.jpg,cju7ddtz729960801uazp1knc,train,/Users/brian/Desktop/VCL318/Swin-ViT/ViTUnet vs SwinUnet/Dataset/processed/Kvasir-SEG/images/cju7ddtz729960801uazp1knc.jpg,/Users/brian/Desktop/VCL318/Swin-ViT/ViTUnet vs SwinUnet/Dataset/processed/Kvasir-SEG/masks/cju7ddtz729960801uazp1knc.png,622,528,0.172467,True,2
cju7deifq2fzn0755lc8idyh8.jpg,cju7deifq2fzn0755lc8idyh8,train,/Users/brian/Desktop/VCL318/Swin-ViT/ViTUnet vs SwinUnet/Dataset/processed/Kvasir-SEG/images/cju7deifq2fzn0755lc8idyh8.jpg,/Users/brian/Desktop/VCL318/Swin-ViT/ViTUnet vs SwinUnet/Dataset/processed/Kvasir-SEG/masks/cju7deifq2fzn0755lc8idyh8.png,626,547,0.078307,True,1
cju7dff9529h208503w60lbil.jpg,cju7dff9529h208503w60lbil,train,/Users/brian/Desktop/VCL318/Swin-ViT/ViTUnet vs SwinUnet/Dataset/processed/Kvasir-SEG/images/cju7dff9529h208503w60lbil.jpg,/Users/brian/Desktop/VCL318/Swin-ViT/ViTUnet vs SwinUnet/Dataset/processed/Kvasir-SEG/masks/cju7dff9529h208503w60lbil.png,619,530,0.512028,True,1
cju7dglf226g50987ohbthl19.jpg,cju7dglf226g50987ohbthl19,train,/Users/brian/Desktop/VCL318/Swin-ViT/ViTUnet vs SwinUnet/Dataset/processed/Kvasir-SEG/images/cju7dglf226g50987ohbthl19.jpg,/Users/brian/Desktop/VCL318/Swin-ViT/ViTUnet vs SwinUnet/Dataset/processed/Kvasir-SEG/masks/cju7dglf226g50987ohbthl19.png,621,528,0.168872,True,1
cju7dhpsc2dnn0818025m6857.jpg,cju7dhpsc2dnn0818025m6857,train,/Users/brian/Desktop/VCL318/Swin-ViT/ViTUnet vs SwinUnet/Dataset/processed/Kvasir-SEG/images/cju7dhpsc2dnn0818025m6857.jpg,/Users/brian/Desktop/VCL318/Swin-ViT/ViTUnet vs SwinUnet/Dataset/processed/Kvasir-SEG/masks/cju7dhpsc2dnn0818025m6857.png,554,531,0.491757,True,1
cju7dizi82h2i0755doucgnt3.jpg,cju7dizi82h2i0755doucgnt3,train,/Users/brian/Desktop/VCL318/Swin-ViT/ViTUnet vs SwinUnet/Dataset/processed/Kvasir-SEG/images/cju7dizi82h2i0755doucgnt3.jpg,/Users/brian/Desktop/VCL318/Swin-ViT/ViTUnet vs SwinUnet/Dataset/processed/Kvasir-SEG/masks/cju7dizi82h2i0755doucgnt3.png,622,529,0.075462,True,1
cju7dlk532dsh0871zvr6qz0r.jpg,cju7dlk532dsh0871zvr6qz0r,train,/Users/brian/Desktop/VCL318/Swin-ViT/ViTUnet vs SwinUnet/Dataset/processed/Kvasir-SEG/images/cju7dlk532dsh0871zvr6qz0r.jpg,/Users/brian/Desktop/VCL318/Swin-ViT/ViTUnet vs SwinUnet/Dataset/processed/Kvasir-SEG/masks/cju7dlk532dsh0871zvr6qz0r.png,627,547,0.1853,True,1
cju7dmlgf2ebw0871ieqas5fh.jpg,cju7dmlgf2ebw0871ieqas5fh,train,/Users/brian/Desktop/VCL318/Swin-ViT/ViTUnet vs SwinUnet/Dataset/processed/Kvasir-SEG/images/cju7dmlgf2ebw0871ieqas5fh.jpg,/Users/brian/Desktop/VCL318/Swin-ViT/ViTUnet vs SwinUnet/Dataset/processed/Kvasir-SEG/masks/cju7dmlgf2ebw0871ieqas5fh.png,608,529,0.087118,True,3
cju7do8c72dbo0801vxfzxdc4.jpg,cju7do8c72dbo0801vxfzxdc4,train,/Users/brian/Desktop/VCL318/Swin-ViT/ViTUnet vs SwinUnet/Dataset/processed/Kvasir-SEG/images/cju7do8c72dbo0801vxfzxdc4.jpg,/Users/brian/Desktop/VCL318/Swin-ViT/ViTUnet vs SwinUnet/Dataset/processed/Kvasir-SEG/masks/cju7do8c72dbo0801vxfzxdc4.png,626,547,0.041075,True,1
cju7dp3dw2k4n0755zhe003ad.jpg,cju7dp3dw2k4n0755zhe003ad,train,/Users/brian/Desktop/VCL318/Swin-ViT/ViTUnet vs SwinUnet/Dataset/processed/Kvasir-SEG/images/cju7dp3dw2k4n0755zhe003ad.jpg,/Users/brian/Desktop/VCL318/Swin-ViT/ViTUnet vs SwinUnet/Dataset/processed/Kvasir-SEG/masks/cju7dp3dw2k4n0755zhe003ad.png,626,546,0.065194,True,1
cju7druhp2gp308715i6km7be.jpg,cju7druhp2gp308715i6km7be,train,/Users/brian/Desktop/VCL318/Swin-ViT/ViTUnet vs SwinUnet/Dataset/processed/Kvasir-SEG/images/cju7druhp2gp308715i6km7be.jpg,/Users/brian/Desktop/VCL318/Swin-ViT/ViTUnet vs SwinUnet/Dataset/processed/Kvasir-SEG/masks/cju7druhp2gp308715i6km7be.png,626,546,0.322192,True,1
cju7dsrtb2f8i085064kwugfk.jpg,cju7dsrtb2f8i085064kwugfk,train,/Users/brian/Desktop/VCL318/Swin-ViT/ViTUnet vs SwinUnet/Dataset/processed/Kvasir-SEG/images/cju7dsrtb2f8i085064kwugfk.jpg,/Users/brian/Desktop/VCL318/Swin-ViT/ViTUnet vs SwinUnet/Dataset/processed/Kvasir-SEG/masks/cju7dsrtb2f8i085064kwugfk.png,584,530,0.083594,True,1
cju7dtb1e2j0t0818deq51ib3.jpg,cju7dtb1e2j0t0818deq51ib3,train,/Users/brian/Desktop/VCL318/Swin-ViT/ViTUnet vs SwinUnet/Dataset/processed/Kvasir-SEG/images/cju7dtb1e2j0t0818deq51ib3.jpg,/Users/brian/Desktop/VCL318/Swin-ViT/ViTUnet vs SwinUnet/Dataset/processed/Kvasir-SEG/masks/cju7dtb1e2j0t0818deq51ib3.png,622,528,0.161417,True,1
cju7dubap2g0w0801fgl42mg9.jpg,cju7dubap2g0w0801fgl42mg9,train,/Users/brian/Desktop/VCL318/Swin-ViT/ViTUnet vs SwinUnet/Dataset/processed/Kvasir-SEG/images/cju7dubap2g0w0801fgl42mg9.jpg,/Users/brian/Desktop/VCL318/Swin-ViT/ViTUnet vs SwinUnet/Dataset/processed/Kvasir-SEG/masks/cju7dubap2g0w0801fgl42mg9.png,623,528,0.253213,True,1
cju7dvl5m2n4t0755hlnnjjet.jpg,cju7dvl5m2n4t0755hlnnjjet,train,/Users/brian/Desktop/VCL318/Swin-ViT/ViTUnet vs SwinUnet/Dataset/processed/Kvasir-SEG/images/cju7dvl5m2n4t0755hlnnjjet.jpg,/Users/brian/Desktop/VCL318/Swin-ViT/ViTUnet vs SwinUnet/Dataset/processed/Kvasir-SEG/masks/cju7dvl5m2n4t0755hlnnjjet.png,537,530,0.027708,True,1
cju7dwe282dc309876rco45ts.jpg,cju7dwe282dc309876rco45ts,train,/Users/brian/Desktop/VCL318/Swin-ViT/ViTUnet vs SwinUnet/Dataset/processed/Kvasir-SEG/images/cju7dwe282dc309876rco45ts.jpg,/Users/brian/Desktop/VCL318/Swin-ViT/ViTUnet vs SwinUnet/Dataset/processed/Kvasir-SEG/masks/cju7dwe282dc309876rco45ts.png,622,530,0.318437,True,1
cju7dxffn2eam0817qxosfwch.jpg,cju7dxffn2eam0817qxosfwch,train,/Users/brian/Desktop/VCL318/Swin-ViT/ViTUnet vs SwinUnet/Dataset/processed/Kvasir-SEG/images/cju7dxffn2eam0817qxosfwch.jpg,/Users/brian/Desktop/VCL318/Swin-ViT/ViTUnet vs SwinUnet/Dataset/processed/Kvasir-SEG/masks/cju7dxffn2eam0817qxosfwch.png,626,546,0.174341,True,1
cju7dymur2od30755eg8yv2ht.jpg,cju7dymur2od30755eg8yv2ht,train,/Users/brian/Desktop/VCL318/Swin-ViT/ViTUnet vs SwinUnet/Dataset/processed/Kvasir-SEG/images/cju7dymur2od30755eg8yv2ht.jpg,/Users/brian/Desktop/VCL318/Swin-ViT/ViTUnet vs SwinUnet/Dataset/processed/Kvasir-SEG/masks/cju7dymur2od30755eg8yv2ht.png,622,530,0.140718,True,1
cju7dz5yy2i7z0801ausi7rna.jpg,cju7dz5yy2i7z0801ausi7rna,train,/Users/brian/Desktop/VCL318/Swin-ViT/ViTUnet vs SwinUnet/Dataset/processed/Kvasir-SEG/images/cju7dz5yy2i7z0801ausi7rna.jpg,/Users/brian/Desktop/VCL318/Swin-ViT/ViTUnet vs SwinUnet/Dataset/processed/Kvasir-SEG/masks/cju7dz5yy2i7z0801ausi7rna.png,619,529,0.02882,True,1
cju7ea4om2l910801bohqjccy.jpg,cju7ea4om2l910801bohqjccy,train,/Users/brian/Desktop/VCL318/Swin-ViT/ViTUnet vs SwinUnet/Dataset/processed/Kvasir-SEG/images/cju7ea4om2l910801bohqjccy.jpg,/Users/brian/Desktop/VCL318/Swin-ViT/ViTUnet vs SwinUnet/Dataset/processed/Kvasir-SEG/masks/cju7ea4om2l910801bohqjccy.png,626,546,0.056317,True,1
cju7ecl9i2i060987xawjp4l0.jpg,cju7ecl9i2i060987xawjp4l0,train,/Users/brian/Desktop/VCL318/Swin-ViT/ViTUnet vs SwinUnet/Dataset/processed/Kvasir-SEG/images/cju7ecl9i2i060987xawjp4l0.jpg,/Users/brian/Desktop/VCL318/Swin-ViT/ViTUnet vs SwinUnet/Dataset/processed/Kvasir-SEG/masks/cju7ecl9i2i060987xawjp4l0.png,622,529,0.235565,True,1
cju7eea9b2m0z0801ynqv1fqu.jpg,cju7eea9b2m0z0801ynqv1fqu,train,/Users/brian/Desktop/VCL318/Swin-ViT/ViTUnet vs SwinUnet/Dataset/processed/Kvasir-SEG/images/cju7eea9b2m0z0801ynqv1fqu.jpg,/Users/brian/Desktop/VCL318/Swin-ViT/ViTUnet vs SwinUnet/Dataset/processed/Kvasir-SEG/masks/cju7eea9b2m0z0801ynqv1fqu.png,1224,1012,0.113442,True,2
cju7efffp2ivf0817etg3jehl.jpg,cju7efffp2ivf0817etg3jehl,train,/Users/brian/Desktop/VCL318/Swin-ViT/ViTUnet vs SwinUnet/Dataset/processed/Kvasir-SEG/images/cju7efffp2ivf0817etg3jehl.jpg,/Users/brian/Desktop/VCL318/Swin-ViT/ViTUnet vs SwinUnet/Dataset/processed/Kvasir-SEG/masks/cju7efffp2ivf0817etg3jehl.png,626,546,0.435713,True,1
cju7ehljc2or70871261br8ai.jpg,cju7ehljc2or70871261br8ai,train,/Users/brian/Desktop/VCL318/Swin-ViT/ViTUnet vs SwinUnet/Dataset/processed/Kvasir-SEG/images/cju7ehljc2or70871261br8ai.jpg,/Users/brian/Desktop/VCL318/Swin-ViT/ViTUnet vs SwinUnet/Dataset/processed/Kvasir-SEG/masks/cju7ehljc2or70871261br8ai.png,569,531,0.54559,True,1
cju7ejm2l2ncl0801wq6y84nw.jpg,cju7ejm2l2ncl0801wq6y84nw,train,/Users/brian/Desktop/VCL318/Swin-ViT/ViTUnet vs SwinUnet/Dataset/processed/Kvasir-SEG/images/cju7ejm2l2ncl0801wq6y84nw.jpg,/Users/brian/Desktop/VCL318/Swin-ViT/ViTUnet vs SwinUnet/Dataset/processed/Kvasir-SEG/masks/cju7ejm2l2ncl0801wq6y84nw.png,626,546,0.067997,True,1
cju7ekbo32pft0871fv7kzwb9.jpg,cju7ekbo32pft0871fv7kzwb9,train,/Users/brian/Desktop/VCL318/Swin-ViT/ViTUnet vs SwinUnet/Dataset/processed/Kvasir-SEG/images/cju7ekbo32pft0871fv7kzwb9.jpg,/Users/brian/Desktop/VCL318/Swin-ViT/ViTUnet vs SwinUnet/Dataset/processed/Kvasir-SEG/masks/cju7ekbo32pft0871fv7kzwb9.png,571,521,0.030461,True,1
cju7el6xv2k520817qxx9wdr5.jpg,cju7el6xv2k520817qxx9wdr5,train,/Users/brian/Desktop/VCL318/Swin-ViT/ViTUnet vs SwinUnet/Dataset/processed/Kvasir-SEG/images/cju7el6xv2k520817qxx9wdr5.jpg,/Users/brian/Desktop/VCL318/Swin-ViT/ViTUnet vs SwinUnet/Dataset/processed/Kvasir-SEG/masks/cju7el6xv2k520817qxx9wdr5.png,626,546,0.252039,True,1
cju7emdni2py40871ivhxjtut.jpg,cju7emdni2py40871ivhxjtut,train,/Users/brian/Desktop/VCL318/Swin-ViT/ViTUnet vs SwinUnet/Dataset/processed/Kvasir-SEG/images/cju7emdni2py40871ivhxjtut.jpg,/Users/brian/Desktop/VCL318/Swin-ViT/ViTUnet vs SwinUnet/Dataset/processed/Kvasir-SEG/masks/cju7emdni2py40871ivhxjtut.png,622,529,0.354324,True,1
cju7eotqi2qea0871y8yc7tqh.jpg,cju7eotqi2qea0871y8yc7tqh,train,/Users/brian/Desktop/VCL318/Swin-ViT/ViTUnet vs SwinUnet/Dataset/processed/Kvasir-SEG/images/cju7eotqi2qea0871y8yc7tqh.jpg,/Users/brian/Desktop/VCL318/Swin-ViT/ViTUnet vs SwinUnet/Dataset/processed/Kvasir-SEG/masks/cju7eotqi2qea0871y8yc7tqh.png,626,546,0.65145,True,1
cju7epwj82koz098713apjnzo.jpg,cju7epwj82koz098713apjnzo,train,/Users/brian/Desktop/VCL318/Swin-ViT/ViTUnet vs SwinUnet/Dataset/processed/Kvasir-SEG/images/cju7epwj82koz098713apjnzo.jpg,/Users/brian/Desktop/VCL318/Swin-ViT/ViTUnet vs SwinUnet/Dataset/processed/Kvasir-SEG/masks/cju7epwj82koz098713apjnzo.png,622,528,0.071196,True,1
cju7er4kc2opa0801anuxc0eb.jpg,cju7er4kc2opa0801anuxc0eb,train,/Users/brian/Desktop/VCL318/Swin-ViT/ViTUnet vs SwinUnet/Dataset/processed/Kvasir-SEG/images/cju7er4kc2opa0801anuxc0eb.jpg,/Users/brian/Desktop/VCL318/Swin-ViT/ViTUnet vs SwinUnet/Dataset/processed/Kvasir-SEG/masks/cju7er4kc2opa0801anuxc0eb.png,622,528,0.173067,True,1
cju7es23b2vcp0755gpbm9s7v.jpg,cju7es23b2vcp0755gpbm9s7v,train,/Users/brian/Desktop/VCL318/Swin-ViT/ViTUnet vs SwinUnet/Dataset/processed/Kvasir-SEG/images/cju7es23b2vcp0755gpbm9s7v.jpg,/Users/brian/Desktop/VCL318/Swin-ViT/ViTUnet vs SwinUnet/Dataset/processed/Kvasir-SEG/masks/cju7es23b2vcp0755gpbm9s7v.png,584,529,0.373718,True,1
cju7et17a2vjk0755e743npl1.jpg,cju7et17a2vjk0755e743npl1,train,/Users/brian/Desktop/VCL318/Swin-ViT/ViTUnet vs SwinUnet/Dataset/processed/Kvasir-SEG/images/cju7et17a2vjk0755e743npl1.jpg,/Users/brian/Desktop/VCL318/Swin-ViT/ViTUnet vs SwinUnet/Dataset/processed/Kvasir-SEG/masks/cju7et17a2vjk0755e743npl1.png,626,546,0.04053,True,2
cju7etr3y2p4t0801cdzjj8ab.jpg,cju7etr3y2p4t0801cdzjj8ab,train,/Users/brian/Desktop/VCL318/Swin-ViT/ViTUnet vs SwinUnet/Dataset/processed/Kvasir-SEG/images/cju7etr3y2p4t0801cdzjj8ab.jpg,/Users/brian/Desktop/VCL318/Swin-ViT/ViTUnet vs SwinUnet/Dataset/processed/Kvasir-SEG/masks/cju7etr3y2p4t0801cdzjj8ab.png,623,528,0.080588,True,1
cju7eueum2oqn0850rodmx8zo.jpg,cju7eueum2oqn0850rodmx8zo,train,/Users/brian/Desktop/VCL318/Swin-ViT/ViTUnet vs SwinUnet/Dataset/processed/Kvasir-SEG/images/cju7eueum2oqn0850rodmx8zo.jpg,/Users/brian/Desktop/VCL318/Swin-ViT/ViTUnet vs SwinUnet/Dataset/processed/Kvasir-SEG/masks/cju7eueum2oqn0850rodmx8zo.png,562,530,0.084617,True,1
cju7evxt12m730987rxivne3x.jpg,cju7evxt12m730987rxivne3x,train,/Users/brian/Desktop/VCL318/Swin-ViT/ViTUnet vs SwinUnet/Dataset/processed/Kvasir-SEG/images/cju7evxt12m730987rxivne3x.jpg,/Users/brian/Desktop/VCL318/Swin-ViT/ViTUnet vs SwinUnet/Dataset/processed/Kvasir-SEG/masks/cju7evxt12m730987rxivne3x.png,510,528,0.379122,True,1
cju7ey10f2rvf0871bwbi9x82.jpg,cju7ey10f2rvf0871bwbi9x82,train,/Users/brian/Desktop/VCL318/Swin-ViT/ViTUnet vs SwinUnet/Dataset/processed/Kvasir-SEG/images/cju7ey10f2rvf0871bwbi9x82.jpg,/Users/brian/Desktop/VCL318/Swin-ViT/ViTUnet vs SwinUnet/Dataset/processed/Kvasir-SEG/masks/cju7ey10f2rvf0871bwbi9x82.png,622,530,0.059155,True,1
cju7ez7r22qbc08015xfoz2wb.jpg,cju7ez7r22qbc08015xfoz2wb,train,/Users/brian/Desktop/VCL318/Swin-ViT/ViTUnet vs SwinUnet/Dataset/processed/Kvasir-SEG/images/cju7ez7r22qbc08015xfoz2wb.jpg,/Users/brian/Desktop/VCL318/Swin-ViT/ViTUnet vs SwinUnet/Dataset/processed/Kvasir-SEG/masks/cju7ez7r22qbc08015xfoz2wb.png,612,530,0.329631,True,1
cju7ezs7g2mxm098787atbran.jpg,cju7ezs7g2mxm098787atbran,train,/Users/brian/Desktop/VCL318/Swin-ViT/ViTUnet vs SwinUnet/Dataset/processed/Kvasir-SEG/images/cju7ezs7g2mxm098787atbran.jpg,/Users/brian/Desktop/VCL318/Swin-ViT/ViTUnet vs SwinUnet/Dataset/processed/Kvasir-SEG/masks/cju7ezs7g2mxm098787atbran.png,622,530,0.047185,True,1
cju7f0ec32txj08184asb8w5f.jpg,cju7f0ec32txj08184asb8w5f,train,/Users/brian/Desktop/VCL318/Swin-ViT/ViTUnet vs SwinUnet/Dataset/processed/Kvasir-SEG/images/cju7f0ec32txj08184asb8w5f.jpg,/Users/brian/Desktop/VCL318/Swin-ViT/ViTUnet vs SwinUnet/Dataset/processed/Kvasir-SEG/masks/cju7f0ec32txj08184asb8w5f.png,604,445,0.066846,True,1
cju7f4sc62xqj075597xpmuoy.jpg,cju7f4sc62xqj075597xpmuoy,train,/Users/brian/Desktop/VCL318/Swin-ViT/ViTUnet vs SwinUnet/Dataset/processed/Kvasir-SEG/images/cju7f4sc62xqj075597xpmuoy.jpg,/Users/brian/Desktop/VCL318/Swin-ViT/ViTUnet vs SwinUnet/Dataset/processed/Kvasir-SEG/masks/cju7f4sc62xqj075597xpmuoy.png,626,547,0.139699,True,1
cju7f6cqy2ur20818t1saazbm.jpg,cju7f6cqy2ur20818t1saazbm,train,/Users/brian/Desktop/VCL318/Swin-ViT/ViTUnet vs SwinUnet/Dataset/processed/Kvasir-SEG/images/cju7f6cqy2ur20818t1saazbm.jpg,/Users/brian/Desktop/VCL318/Swin-ViT/ViTUnet vs SwinUnet/Dataset/processed/Kvasir-SEG/masks/cju7f6cqy2ur20818t1saazbm.png,626,546,0.127131,True,1
cju7f900s2o0k08175gl1giid.jpg,cju7f900s2o0k08175gl1giid,train,/Users/brian/Desktop/VCL318/Swin-ViT/ViTUnet vs SwinUnet/Dataset/processed/Kvasir-SEG/images/cju7f900s2o0k08175gl1giid.jpg,/Users/brian/Desktop/VCL318/Swin-ViT/ViTUnet vs SwinUnet/Dataset/processed/Kvasir-SEG/masks/cju7f900s2o0k08175gl1giid.png,622,529,0.184246,True,1
cju7f9umg2olj0987fj5y285w.jpg,cju7f9umg2olj0987fj5y285w,train,/Users/brian/Desktop/VCL318/Swin-ViT/ViTUnet vs SwinUnet/Dataset/processed/Kvasir-SEG/images/cju7f9umg2olj0987fj5y285w.jpg,/Users/brian/Desktop/VCL318/Swin-ViT/ViTUnet vs SwinUnet/Dataset/processed/Kvasir-SEG/masks/cju7f9umg2olj0987fj5y285w.png,622,529,0.146409,True,1
cju7fcgbe2z3p07550vaflqdb.jpg,cju7fcgbe2z3p07550vaflqdb,train,/Users/brian/Desktop/VCL318/Swin-ViT/ViTUnet vs SwinUnet/Dataset/processed/Kvasir-SEG/images/cju7fcgbe2z3p07550vaflqdb.jpg,/Users/brian/Desktop/VCL318/Swin-ViT/ViTUnet vs SwinUnet/Dataset/processed/Kvasir-SEG/masks/cju7fcgbe2z3p07550vaflqdb.png,620,530,0.09518,True,1
cju7fd6yt2p740987wkr8exo1.jpg,cju7fd6yt2p740987wkr8exo1,train,/Users/brian/Desktop/VCL318/Swin-ViT/ViTUnet vs SwinUnet/Dataset/processed/Kvasir-SEG/images/cju7fd6yt2p740987wkr8exo1.jpg,/Users/brian/Desktop/VCL318/Swin-ViT/ViTUnet vs SwinUnet/Dataset/processed/Kvasir-SEG/masks/cju7fd6yt2p740987wkr8exo1.png,613,530,0.030903,True,1
cju7fen322ou10817ziqkob4k.jpg,cju7fen322ou10817ziqkob4k,train,/Users/brian/Desktop/VCL318/Swin-ViT/ViTUnet vs SwinUnet/Dataset/processed/Kvasir-SEG/images/cju7fen322ou10817ziqkob4k.jpg,/Users/brian/Desktop/VCL318/Swin-ViT/ViTUnet vs SwinUnet/Dataset/processed/Kvasir-SEG/masks/cju7fen322ou10817ziqkob4k.png,622,528,0.118606,True,3
cju7ff97z2ow40817u2r83my5.jpg,cju7ff97z2ow40817u2r83my5,train,/Users/brian/Desktop/VCL318/Swin-ViT/ViTUnet vs SwinUnet/Dataset/processed/Kvasir-SEG/images/cju7ff97z2ow40817u2r83my5.jpg,/Users/brian/Desktop/VCL318/Swin-ViT/ViTUnet vs SwinUnet/Dataset/processed/Kvasir-SEG/masks/cju7ff97z2ow40817u2r83my5.png,622,529,0.028592,True,1
cju7flevb2wii08188otgs9p2.jpg,cju7flevb2wii08188otgs9p2,train,/Users/brian/Desktop/VCL318/Swin-ViT/ViTUnet vs SwinUnet/Dataset/processed/Kvasir-SEG/images/cju7flevb2wii08188otgs9p2.jpg,/Users/brian/Desktop/VCL318/Swin-ViT/ViTUnet vs SwinUnet/Dataset/processed/Kvasir-SEG/masks/cju7flevb2wii08188otgs9p2.png,600,528,0.660148,True,1
cju7fmvpk2q170987v6i3ola8.jpg,cju7fmvpk2q170987v6i3ola8,train,/Users/brian/Desktop/VCL318/Swin-ViT/ViTUnet vs SwinUnet/Dataset/processed/Kvasir-SEG/images/cju7fmvpk2q170987v6i3ola8.jpg,/Users/brian/Desktop/VCL318/Swin-ViT/ViTUnet vs SwinUnet/Dataset/processed/Kvasir-SEG/masks/cju7fmvpk2q170987v6i3ola8.png,620,531,0.183923,True,1
cju7fnfv02tt90801djnix9m8.jpg,cju7fnfv02tt90801djnix9m8,train,/Users/brian/Desktop/VCL318/Swin-ViT/ViTUnet vs SwinUnet/Dataset/processed/Kvasir-SEG/images/cju7fnfv02tt90801djnix9m8.jpg,/Users/brian/Desktop/VCL318/Swin-ViT/ViTUnet vs SwinUnet/Dataset/processed/Kvasir-SEG/masks/cju7fnfv02tt90801djnix9m8.png,622,528,0.019028,True,1
cju7fob3x301u0755x985pmmq.jpg,cju7fob3x301u0755x985pmmq,train,/Users/brian/Desktop/VCL318/Swin-ViT/ViTUnet vs SwinUnet/Dataset/processed/Kvasir-SEG/images/cju7fob3x301u0755x985pmmq.jpg,/Users/brian/Desktop/VCL318/Swin-ViT/ViTUnet vs SwinUnet/Dataset/processed/Kvasir-SEG/masks/cju7fob3x301u0755x985pmmq.png,577,528,0.118356,True,1
cju7fpfzq2wyf0818xxd1oziv.jpg,cju7fpfzq2wyf0818xxd1oziv,train,/Users/brian/Desktop/VCL318/Swin-ViT/ViTUnet vs SwinUnet/Dataset/processed/Kvasir-SEG/images/cju7fpfzq2wyf0818xxd1oziv.jpg,/Users/brian/Desktop/VCL318/Swin-ViT/ViTUnet vs SwinUnet/Dataset/processed/Kvasir-SEG/masks/cju7fpfzq2wyf0818xxd1oziv.png,570,530,0.206723,True,1
cju7fq7mm2pw508176uk5ugtx.jpg,cju7fq7mm2pw508176uk5ugtx,train,/Users/brian/Desktop/VCL318/Swin-ViT/ViTUnet vs SwinUnet/Dataset/processed/Kvasir-SEG/images/cju7fq7mm2pw508176uk5ugtx.jpg,/Users/brian/Desktop/VCL318/Swin-ViT/ViTUnet vs SwinUnet/Dataset/processed/Kvasir-SEG/masks/cju7fq7mm2pw508176uk5ugtx.png,571,506,0.301434,True,1
cju7frtqu2xa20818wq8r9fzf.jpg,cju7frtqu2xa20818wq8r9fzf,train,/Users/brian/Desktop/VCL318/Swin-ViT/ViTUnet vs SwinUnet/Dataset/processed/Kvasir-SEG/images/cju7frtqu2xa20818wq8r9fzf.jpg,/Users/brian/Desktop/VCL318/Swin-ViT/ViTUnet vs SwinUnet/Dataset/processed/Kvasir-SEG/masks/cju7frtqu2xa20818wq8r9fzf.png,619,531,0.177861,True,1
cju7g7ba42z310987bqzbi2bq.jpg,cju7g7ba42z310987bqzbi2bq,train,/Users/brian/Desktop/VCL318/Swin-ViT/ViTUnet vs SwinUnet/Dataset/processed/Kvasir-SEG/images/cju7g7ba42z310987bqzbi2bq.jpg,/Users/brian/Desktop/VCL318/Swin-ViT/ViTUnet vs SwinUnet/Dataset/processed/Kvasir-SEG/masks/cju7g7ba42z310987bqzbi2bq.png,588,530,0.368473,True,1
cju83h9ysjwe808716nt35oah.jpg,cju83h9ysjwe808716nt35oah,train,/Users/brian/Desktop/VCL318/Swin-ViT/ViTUnet vs SwinUnet/Dataset/processed/Kvasir-SEG/images/cju83h9ysjwe808716nt35oah.jpg,/Users/brian/Desktop/VCL318/Swin-ViT/ViTUnet vs SwinUnet/Dataset/processed/Kvasir-SEG/masks/cju83h9ysjwe808716nt35oah.png,571,531,0.046768,True,1
cju83ipu3jwpx0801z5pvguf8.jpg,cju83ipu3jwpx0801z5pvguf8,train,/Users/brian/Desktop/VCL318/Swin-ViT/ViTUnet vs SwinUnet/Dataset/processed/Kvasir-SEG/images/cju83ipu3jwpx0801z5pvguf8.jpg,/Users/brian/Desktop/VCL318/Swin-ViT/ViTUnet vs SwinUnet/Dataset/processed/Kvasir-SEG/masks/cju83ipu3jwpx0801z5pvguf8.png,622,529,0.030404,True,1
cju83k8fyjsxr0817d6nxs6r4.jpg,cju83k8fyjsxr0817d6nxs6r4,train,/Users/brian/Desktop/VCL318/Swin-ViT/ViTUnet vs SwinUnet/Dataset/processed/Kvasir-SEG/images/cju83k8fyjsxr0817d6nxs6r4.jpg,/Users/brian/Desktop/VCL318/Swin-ViT/ViTUnet vs SwinUnet/Dataset/processed/Kvasir-SEG/masks/cju83k8fyjsxr0817d6nxs6r4.png,621,528,0.110721,True,1
cju83kxitjv340987z09m0ezy.jpg,cju83kxitjv340987z09m0ezy,train,/Users/brian/Desktop/VCL318/Swin-ViT/ViTUnet vs SwinUnet/Dataset/processed/Kvasir-SEG/images/cju83kxitjv340987z09m0ezy.jpg,/Users/brian/Desktop/VCL318/Swin-ViT/ViTUnet vs SwinUnet/Dataset/processed/Kvasir-SEG/masks/cju83kxitjv340987z09m0ezy.png,626,546,0.040261,True,1
cju83mki1jv5w0817kubxm31r.jpg,cju83mki1jv5w0817kubxm31r,train,/Users/brian/Desktop/VCL318/Swin-ViT/ViTUnet vs SwinUnet/Dataset/processed/Kvasir-SEG/images/cju83mki1jv5w0817kubxm31r.jpg,/Users/brian/Desktop/VCL318/Swin-ViT/ViTUnet vs SwinUnet/Dataset/processed/Kvasir-SEG/masks/cju83mki1jv5w0817kubxm31r.png,625,547,0.265688,True,1
cju83qd0yjyht0817ktkfl268.jpg,cju83qd0yjyht0817ktkfl268,train,/Users/brian/Desktop/VCL318/Swin-ViT/ViTUnet vs SwinUnet/Dataset/processed/Kvasir-SEG/images/cju83qd0yjyht0817ktkfl268.jpg,/Users/brian/Desktop/VCL318/Swin-ViT/ViTUnet vs SwinUnet/Dataset/processed/Kvasir-SEG/masks/cju83qd0yjyht0817ktkfl268.png,572,531,0.420206,True,1
cju83rcnzkbsj0755x5anfrcg.jpg,cju83rcnzkbsj0755x5anfrcg,train,/Users/brian/Desktop/VCL318/Swin-ViT/ViTUnet vs SwinUnet/Dataset/processed/Kvasir-SEG/images/cju83rcnzkbsj0755x5anfrcg.jpg,/Users/brian/Desktop/VCL318/Swin-ViT/ViTUnet vs SwinUnet/Dataset/processed/Kvasir-SEG/masks/cju83rcnzkbsj0755x5anfrcg.png,572,529,0.091996,True,1
cju83u9ftk3ni0987qnhlcinv.jpg,cju83u9ftk3ni0987qnhlcinv,train,/Users/brian/Desktop/VCL318/Swin-ViT/ViTUnet vs SwinUnet/Dataset/processed/Kvasir-SEG/images/cju83u9ftk3ni0987qnhlcinv.jpg,/Users/brian/Desktop/VCL318/Swin-ViT/ViTUnet vs SwinUnet/Dataset/processed/Kvasir-SEG/masks/cju83u9ftk3ni0987qnhlcinv.png,576,476,0.304108,True,1
cju83vvmik9wa08710yeh7cuk.jpg,cju83vvmik9wa08710yeh7cuk,train,/Users/brian/Desktop/VCL318/Swin-ViT/ViTUnet vs SwinUnet/Dataset/processed/Kvasir-SEG/images/cju83vvmik9wa08710yeh7cuk.jpg,/Users/brian/Desktop/VCL318/Swin-ViT/ViTUnet vs SwinUnet/Dataset/processed/Kvasir-SEG/masks/cju83vvmik9wa08710yeh7cuk.png,570,530,0.072003,True,1
cju83wwn1k55e0850kw6i2d81.jpg,cju83wwn1k55e0850kw6i2d81,train,/Users/brian/Desktop/VCL318/Swin-ViT/ViTUnet vs SwinUnet/Dataset/processed/Kvasir-SEG/images/cju83wwn1k55e0850kw6i2d81.jpg,/Users/brian/Desktop/VCL318/Swin-ViT/ViTUnet vs SwinUnet/Dataset/processed/Kvasir-SEG/masks/cju83wwn1k55e0850kw6i2d81.png,622,527,0.070251,True,1
cju83yddek68q0850d2x7zfkm.jpg,cju83yddek68q0850d2x7zfkm,train,/Users/brian/Desktop/VCL318/Swin-ViT/ViTUnet vs SwinUnet/Dataset/processed/Kvasir-SEG/images/cju83yddek68q0850d2x7zfkm.jpg,/Users/brian/Desktop/VCL318/Swin-ViT/ViTUnet vs SwinUnet/Dataset/processed/Kvasir-SEG/masks/cju83yddek68q0850d2x7zfkm.png,622,529,0.177624,True,1
cju8402x1kcy70801t6kz6bdi.jpg,cju8402x1kcy70801t6kz6bdi,train,/Users/brian/Desktop/VCL318/Swin-ViT/ViTUnet vs SwinUnet/Dataset/processed/Kvasir-SEG/images/cju8402x1kcy70801t6kz6bdi.jpg,/Users/brian/Desktop/VCL318/Swin-ViT/ViTUnet vs SwinUnet/Dataset/processed/Kvasir-SEG/masks/cju8402x1kcy70801t6kz6bdi.png,626,547,0.169577,True,1
cju8418jhkf7d0818ga2v0xq0.jpg,cju8418jhkf7d0818ga2v0xq0,train,/Users/brian/Desktop/VCL318/Swin-ViT/ViTUnet vs SwinUnet/Dataset/processed/Kvasir-SEG/images/cju8418jhkf7d0818ga2v0xq0.jpg,/Users/brian/Desktop/VCL318/Swin-ViT/ViTUnet vs SwinUnet/Dataset/processed/Kvasir-SEG/masks/cju8418jhkf7d0818ga2v0xq0.png,626,546,0.413542,True,1
cju8432cmkgq90871cxe4iptl.jpg,cju8432cmkgq90871cxe4iptl,train,/Users/brian/Desktop/VCL318/Swin-ViT/ViTUnet vs SwinUnet/Dataset/processed/Kvasir-SEG/images/cju8432cmkgq90871cxe4iptl.jpg,/Users/brian/Desktop/VCL318/Swin-ViT/ViTUnet vs SwinUnet/Dataset/processed/Kvasir-SEG/masks/cju8432cmkgq90871cxe4iptl.png,626,546,0.300732,True,1
cju847pxykriq0755268ktrk2.jpg,cju847pxykriq0755268ktrk2,train,/Users/brian/Desktop/VCL318/Swin-ViT/ViTUnet vs SwinUnet/Dataset/processed/Kvasir-SEG/images/cju847pxykriq0755268ktrk2.jpg,/Users/brian/Desktop/VCL318/Swin-ViT/ViTUnet vs SwinUnet/Dataset/processed/Kvasir-SEG/masks/cju847pxykriq0755268ktrk2.png,606,531,0.212809,True,1
cju849c23kgnk0817cgv2hw1e.jpg,cju849c23kgnk0817cgv2hw1e,train,/Users/brian/Desktop/VCL318/Swin-ViT/ViTUnet vs SwinUnet/Dataset/processed/Kvasir-SEG/images/cju849c23kgnk0817cgv2hw1e.jpg,/Users/brian/Desktop/VCL318/Swin-ViT/ViTUnet vs SwinUnet/Dataset/processed/Kvasir-SEG/masks/cju849c23kgnk0817cgv2hw1e.png,622,531,0.080471,True,1
cju84aoa3ktwn0755pfl4gfwd.jpg,cju84aoa3ktwn0755pfl4gfwd,train,/Users/brian/Desktop/VCL318/Swin-ViT/ViTUnet vs SwinUnet/Dataset/processed/Kvasir-SEG/images/cju84aoa3ktwn0755pfl4gfwd.jpg,/Users/brian/Desktop/VCL318/Swin-ViT/ViTUnet vs SwinUnet/Dataset/processed/Kvasir-SEG/masks/cju84aoa3ktwn0755pfl4gfwd.png,626,547,0.343848,True,1
cju84dsvaklpx098750hp83x4.jpg,cju84dsvaklpx098750hp83x4,train,/Users/brian/Desktop/VCL318/Swin-ViT/ViTUnet vs SwinUnet/Dataset/processed/Kvasir-SEG/images/cju84dsvaklpx098750hp83x4.jpg,/Users/brian/Desktop/VCL318/Swin-ViT/ViTUnet vs SwinUnet/Dataset/processed/Kvasir-SEG/masks/cju84dsvaklpx098750hp83x4.png,570,530,0.382062,True,1
cju84ffdzkrjn08183jh1fxmb.jpg,cju84ffdzkrjn08183jh1fxmb,train,/Users/brian/Desktop/VCL318/Swin-ViT/ViTUnet vs SwinUnet/Dataset/processed/Kvasir-SEG/images/cju84ffdzkrjn08183jh1fxmb.jpg,/Users/brian/Desktop/VCL318/Swin-ViT/ViTUnet vs SwinUnet/Dataset/processed/Kvasir-SEG/masks/cju84ffdzkrjn08183jh1fxmb.png,616,529,0.076958,True,1
cju84ih17kp5l09876bkooocl.jpg,cju84ih17kp5l09876bkooocl,train,/Users/brian/Desktop/VCL318/Swin-ViT/ViTUnet vs SwinUnet/Dataset/processed/Kvasir-SEG/images/cju84ih17kp5l09876bkooocl.jpg,/Users/brian/Desktop/VCL318/Swin-ViT/ViTUnet vs SwinUnet/Dataset/processed/Kvasir-SEG/masks/cju84ih17kp5l09876bkooocl.png,622,531,0.110194,True,1
cju84jdl9kv0i0871eog9b3i9.jpg,cju84jdl9kv0i0871eog9b3i9,train,/Users/brian/Desktop/VCL318/Swin-ViT/ViTUnet vs SwinUnet/Dataset/processed/Kvasir-SEG/images/cju84jdl9kv0i0871eog9b3i9.jpg,/Users/brian/Desktop/VCL318/Swin-ViT/ViTUnet vs SwinUnet/Dataset/processed/Kvasir-SEG/masks/cju84jdl9kv0i0871eog9b3i9.png,1348,1070,0.215538,True,1
cju84kplnl1y30755ropua1b0.jpg,cju84kplnl1y30755ropua1b0,train,/Users/brian/Desktop/VCL318/Swin-ViT/ViTUnet vs SwinUnet/Dataset/processed/Kvasir-SEG/images/cju84kplnl1y30755ropua1b0.jpg,/Users/brian/Desktop/VCL318/Swin-ViT/ViTUnet vs SwinUnet/Dataset/processed/Kvasir-SEG/masks/cju84kplnl1y30755ropua1b0.png,622,528,0.489163,True,1
cju857ad0l88m0817qx4cwxnf.jpg,cju857ad0l88m0817qx4cwxnf,train,/Users/brian/Desktop/VCL318/Swin-ViT/ViTUnet vs SwinUnet/Dataset/processed/Kvasir-SEG/images/cju857ad0l88m0817qx4cwxnf.jpg,/Users/brian/Desktop/VCL318/Swin-ViT/ViTUnet vs SwinUnet/Dataset/processed/Kvasir-SEG/masks/cju857ad0l88m0817qx4cwxnf.png,623,529,0.127033,True,1
cju858eswlepn0871pzvdrhj1.jpg,cju858eswlepn0871pzvdrhj1,train,/Users/brian/Desktop/VCL318/Swin-ViT/ViTUnet vs SwinUnet/Dataset/processed/Kvasir-SEG/images/cju858eswlepn0871pzvdrhj1.jpg,/Users/brian/Desktop/VCL318/Swin-ViT/ViTUnet vs SwinUnet/Dataset/processed/Kvasir-SEG/masks/cju858eswlepn0871pzvdrhj1.png,570,530,0.226144,True,1
cju85a8h8llwm07559wxg4t5w.jpg,cju85a8h8llwm07559wxg4t5w,train,/Users/brian/Desktop/VCL318/Swin-ViT/ViTUnet vs SwinUnet/Dataset/processed/Kvasir-SEG/images/cju85a8h8llwm07559wxg4t5w.jpg,/Users/brian/Desktop/VCL318/Swin-ViT/ViTUnet vs SwinUnet/Dataset/processed/Kvasir-SEG/masks/cju85a8h8llwm07559wxg4t5w.png,622,529,0.058744,True,1
cju85bf1algsq0871y9gtlq97.jpg,cju85bf1algsq0871y9gtlq97,train,/Users/brian/Desktop/VCL318/Swin-ViT/ViTUnet vs SwinUnet/Dataset/processed/Kvasir-SEG/images/cju85bf1algsq0871y9gtlq97.jpg,/Users/brian/Desktop/VCL318/Swin-ViT/ViTUnet vs SwinUnet/Dataset/processed/Kvasir-SEG/masks/cju85bf1algsq0871y9gtlq97.png,475,528,0.085024,True,1
cju85citjlnfm0755i4rk5tqj.jpg,cju85citjlnfm0755i4rk5tqj,train,/Users/brian/Desktop/VCL318/Swin-ViT/ViTUnet vs SwinUnet/Dataset/processed/Kvasir-SEG/images/cju85citjlnfm0755i4rk5tqj.jpg,/Users/brian/Desktop/VCL318/Swin-ViT/ViTUnet vs SwinUnet/Dataset/processed/Kvasir-SEG/masks/cju85citjlnfm0755i4rk5tqj.png,623,547,0.023452,True,1
cju85dx63lic408017f0l0400.jpg,cju85dx63lic408017f0l0400,train,/Users/brian/Desktop/VCL318/Swin-ViT/ViTUnet vs SwinUnet/Dataset/processed/Kvasir-SEG/images/cju85dx63lic408017f0l0400.jpg,/Users/brian/Desktop/VCL318/Swin-ViT/ViTUnet vs SwinUnet/Dataset/processed/Kvasir-SEG/masks/cju85dx63lic408017f0l0400.png,595,528,0.030812,True,1
cju85fc11ljr40818edpb0inh.jpg,cju85fc11ljr40818edpb0inh,train,/Users/brian/Desktop/VCL318/Swin-ViT/ViTUnet vs SwinUnet/Dataset/processed/Kvasir-SEG/images/cju85fc11ljr40818edpb0inh.jpg,/Users/brian/Desktop/VCL318/Swin-ViT/ViTUnet vs SwinUnet/Dataset/processed/Kvasir-SEG/masks/cju85fc11ljr40818edpb0inh.png,607,528,0.318828,True,1
cju85hguellg50818kwu3s8d1.jpg,cju85hguellg50818kwu3s8d1,train,/Users/brian/Desktop/VCL318/Swin-ViT/ViTUnet vs SwinUnet/Dataset/processed/Kvasir-SEG/images/cju85hguellg50818kwu3s8d1.jpg,/Users/brian/Desktop/VCL318/Swin-ViT/ViTUnet vs SwinUnet/Dataset/processed/Kvasir-SEG/masks/cju85hguellg50818kwu3s8d1.png,622,528,0.399691,True,1
cju85ia1slh220987y7c20sm2.jpg,cju85ia1slh220987y7c20sm2,train,/Users/brian/Desktop/VCL318/Swin-ViT/ViTUnet vs SwinUnet/Dataset/processed/Kvasir-SEG/images/cju85ia1slh220987y7c20sm2.jpg,/Users/brian/Desktop/VCL318/Swin-ViT/ViTUnet vs SwinUnet/Dataset/processed/Kvasir-SEG/masks/cju85ia1slh220987y7c20sm2.png,622,528,0.073328,True,1
cju85l4yjlops0801fvmnwptf.jpg,cju85l4yjlops0801fvmnwptf,train,/Users/brian/Desktop/VCL318/Swin-ViT/ViTUnet vs SwinUnet/Dataset/processed/Kvasir-SEG/images/cju85l4yjlops0801fvmnwptf.jpg,/Users/brian/Desktop/VCL318/Swin-ViT/ViTUnet vs SwinUnet/Dataset/processed/Kvasir-SEG/masks/cju85l4yjlops0801fvmnwptf.png,570,531,0.350246,True,1
cju85mpuglq8k0818d2it6hzb.jpg,cju85mpuglq8k0818d2it6hzb,train,/Users/brian/Desktop/VCL318/Swin-ViT/ViTUnet vs SwinUnet/Dataset/processed/Kvasir-SEG/images/cju85mpuglq8k0818d2it6hzb.jpg,/Users/brian/Desktop/VCL318/Swin-ViT/ViTUnet vs SwinUnet/Dataset/processed/Kvasir-SEG/masks/cju85mpuglq8k0818d2it6hzb.png,615,546,0.18019,True,1
cju85nr8elly209872w9n5m0s.jpg,cju85nr8elly209872w9n5m0s,train,/Users/brian/Desktop/VCL318/Swin-ViT/ViTUnet vs SwinUnet/Dataset/processed/Kvasir-SEG/images/cju85nr8elly209872w9n5m0s.jpg,/Users/brian/Desktop/VCL318/Swin-ViT/ViTUnet vs SwinUnet/Dataset/processed/Kvasir-SEG/masks/cju85nr8elly209872w9n5m0s.png,615,529,0.060999,True,1
cju85omszllp30850b6rm9mi3.jpg,cju85omszllp30850b6rm9mi3,train,/Users/brian/Desktop/VCL318/Swin-ViT/ViTUnet vs SwinUnet/Dataset/processed/Kvasir-SEG/images/cju85omszllp30850b6rm9mi3.jpg,/Users/brian/Desktop/VCL318/Swin-ViT/ViTUnet vs SwinUnet/Dataset/processed/Kvasir-SEG/masks/cju85omszllp30850b6rm9mi3.png,622,531,0.122513,True,1
cju85plp7lmkw0850rx42jdpf.jpg,cju85plp7lmkw0850rx42jdpf,train,/Users/brian/Desktop/VCL318/Swin-ViT/ViTUnet vs SwinUnet/Dataset/processed/Kvasir-SEG/images/cju85plp7lmkw0850rx42jdpf.jpg,/Users/brian/Desktop/VCL318/Swin-ViT/ViTUnet vs SwinUnet/Dataset/processed/Kvasir-SEG/masks/cju85plp7lmkw0850rx42jdpf.png,596,530,0.306787,True,1
cju85qefyln6v0850szeb9byi.jpg,cju85qefyln6v0850szeb9byi,train,/Users/brian/Desktop/VCL318/Swin-ViT/ViTUnet vs SwinUnet/Dataset/processed/Kvasir-SEG/images/cju85qefyln6v0850szeb9byi.jpg,/Users/brian/Desktop/VCL318/Swin-ViT/ViTUnet vs SwinUnet/Dataset/processed/Kvasir-SEG/masks/cju85qefyln6v0850szeb9byi.png,570,529,0.384191,True,1
cju87li0zn3yb0817kbwgjiz8.jpg,cju87li0zn3yb0817kbwgjiz8,train,/Users/brian/Desktop/VCL318/Swin-ViT/ViTUnet vs SwinUnet/Dataset/processed/Kvasir-SEG/images/cju87li0zn3yb0817kbwgjiz8.jpg,/Users/brian/Desktop/VCL318/Swin-ViT/ViTUnet vs SwinUnet/Dataset/processed/Kvasir-SEG/masks/cju87li0zn3yb0817kbwgjiz8.png,562,449,0.632937,True,1
cju87mrypnb1e0818scv1mxxg.jpg,cju87mrypnb1e0818scv1mxxg,train,/Users/brian/Desktop/VCL318/Swin-ViT/ViTUnet vs SwinUnet/Dataset/processed/Kvasir-SEG/images/cju87mrypnb1e0818scv1mxxg.jpg,/Users/brian/Desktop/VCL318/Swin-ViT/ViTUnet vs SwinUnet/Dataset/processed/Kvasir-SEG/masks/cju87mrypnb1e0818scv1mxxg.png,615,530,0.040785,True,1
cju87nkyrnb970801q84m47yt.jpg,cju87nkyrnb970801q84m47yt,train,/Users/brian/Desktop/VCL318/Swin-ViT/ViTUnet vs SwinUnet/Dataset/processed/Kvasir-SEG/images/cju87nkyrnb970801q84m47yt.jpg,/Users/brian/Desktop/VCL318/Swin-ViT/ViTUnet vs SwinUnet/Dataset/processed/Kvasir-SEG/masks/cju87nkyrnb970801q84m47yt.png,620,530,0.091649,True,1
cju87ox0kncom0801b98hqnd2.jpg,cju87ox0kncom0801b98hqnd2,train,/Users/brian/Desktop/VCL318/Swin-ViT/ViTUnet vs SwinUnet/Dataset/processed/Kvasir-SEG/images/cju87ox0kncom0801b98hqnd2.jpg,/Users/brian/Desktop/VCL318/Swin-ViT/ViTUnet vs SwinUnet/Dataset/processed/Kvasir-SEG/masks/cju87ox0kncom0801b98hqnd2.png,626,546,0.065121,True,1
cju87q6yoneim0871dl4phvkd.jpg,cju87q6yoneim0871dl4phvkd,train,/Users/brian/Desktop/VCL318/Swin-ViT/ViTUnet vs SwinUnet/Dataset/processed/Kvasir-SEG/images/cju87q6yoneim0871dl4phvkd.jpg,/Users/brian/Desktop/VCL318/Swin-ViT/ViTUnet vs SwinUnet/Dataset/processed/Kvasir-SEG/masks/cju87q6yoneim0871dl4phvkd.png,626,546,0.258417,True,1
cju87r56lnkyp0755hz30leew.jpg,cju87r56lnkyp0755hz30leew,train,/Users/brian/Desktop/VCL318/Swin-ViT/ViTUnet vs SwinUnet/Dataset/processed/Kvasir-SEG/images/cju87r56lnkyp0755hz30leew.jpg,/Users/brian/Desktop/VCL318/Swin-ViT/ViTUnet vs SwinUnet/Dataset/processed/Kvasir-SEG/masks/cju87r56lnkyp0755hz30leew.png,566,429,0.308055,True,1
cju87tyddnnad0755bj0wxahe.jpg,cju87tyddnnad0755bj0wxahe,train,/Users/brian/Desktop/VCL318/Swin-ViT/ViTUnet vs SwinUnet/Dataset/processed/Kvasir-SEG/images/cju87tyddnnad0755bj0wxahe.jpg,/Users/brian/Desktop/VCL318/Swin-ViT/ViTUnet vs SwinUnet/Dataset/processed/Kvasir-SEG/masks/cju87tyddnnad0755bj0wxahe.png,551,477,0.451457,True,1
cju87vqa0ndwg0850onjdz7ol.jpg,cju87vqa0ndwg0850onjdz7ol,train,/Users/brian/Desktop/VCL318/Swin-ViT/ViTUnet vs SwinUnet/Dataset/processed/Kvasir-SEG/images/cju87vqa0ndwg0850onjdz7ol.jpg,/Users/brian/Desktop/VCL318/Swin-ViT/ViTUnet vs SwinUnet/Dataset/processed/Kvasir-SEG/masks/cju87vqa0ndwg0850onjdz7ol.png,556,530,0.673317,True,1
cju87xn2snfmv0987sc3d9xnq.jpg,cju87xn2snfmv0987sc3d9xnq,train,/Users/brian/Desktop/VCL318/Swin-ViT/ViTUnet vs SwinUnet/Dataset/processed/Kvasir-SEG/images/cju87xn2snfmv0987sc3d9xnq.jpg,/Users/brian/Desktop/VCL318/Swin-ViT/ViTUnet vs SwinUnet/Dataset/processed/Kvasir-SEG/masks/cju87xn2snfmv0987sc3d9xnq.png,604,530,0.164919,True,1
cju87zv8lni0o0850hbbecbq6.jpg,cju87zv8lni0o0850hbbecbq6,train,/Users/brian/Desktop/VCL318/Swin-ViT/ViTUnet vs SwinUnet/Dataset/processed/Kvasir-SEG/images/cju87zv8lni0o0850hbbecbq6.jpg,/Users/brian/Desktop/VCL318/Swin-ViT/ViTUnet vs SwinUnet/Dataset/processed/Kvasir-SEG/masks/cju87zv8lni0o0850hbbecbq6.png,622,528,0.014177,True,1
cju885ikhnmkn09878s2lqtuh.jpg,cju885ikhnmkn09878s2lqtuh,train,/Users/brian/Desktop/VCL318/Swin-ViT/ViTUnet vs SwinUnet/Dataset/processed/Kvasir-SEG/images/cju885ikhnmkn09878s2lqtuh.jpg,/Users/brian/Desktop/VCL318/Swin-ViT/ViTUnet vs SwinUnet/Dataset/processed/Kvasir-SEG/masks/cju885ikhnmkn09878s2lqtuh.png,570,530,0.099282,True,1
cju886ryxnsl50801r93jai7q.jpg,cju886ryxnsl50801r93jai7q,train,/Users/brian/Desktop/VCL318/Swin-ViT/ViTUnet vs SwinUnet/Dataset/processed/Kvasir-SEG/images/cju886ryxnsl50801r93jai7q.jpg,/Users/brian/Desktop/VCL318/Swin-ViT/ViTUnet vs SwinUnet/Dataset/processed/Kvasir-SEG/masks/cju886ryxnsl50801r93jai7q.png,622,530,0.128087,True,1
cju887ftknop008177nnjt46y.jpg,cju887ftknop008177nnjt46y,train,/Users/brian/Desktop/VCL318/Swin-ViT/ViTUnet vs SwinUnet/Dataset/processed/Kvasir-SEG/images/cju887ftknop008177nnjt46y.jpg,/Users/brian/Desktop/VCL318/Swin-ViT/ViTUnet vs SwinUnet/Dataset/processed/Kvasir-SEG/masks/cju887ftknop008177nnjt46y.png,619,528,0.036266,True,1
cju888fr7nveu0818r9uwtiit.jpg,cju888fr7nveu0818r9uwtiit,train,/Users/brian/Desktop/VCL318/Swin-ViT/ViTUnet vs SwinUnet/Dataset/processed/Kvasir-SEG/images/cju888fr7nveu0818r9uwtiit.jpg,/Users/brian/Desktop/VCL318/Swin-ViT/ViTUnet vs SwinUnet/Dataset/processed/Kvasir-SEG/masks/cju888fr7nveu0818r9uwtiit.png,571,530,0.13151,True,1
cju88aq6vo1ij0755c2ey7z7n.jpg,cju88aq6vo1ij0755c2ey7z7n,train,/Users/brian/Desktop/VCL318/Swin-ViT/ViTUnet vs SwinUnet/Dataset/processed/Kvasir-SEG/images/cju88aq6vo1ij0755c2ey7z7n.jpg,/Users/brian/Desktop/VCL318/Swin-ViT/ViTUnet vs SwinUnet/Dataset/processed/Kvasir-SEG/masks/cju88aq6vo1ij0755c2ey7z7n.png,570,530,0.239643,True,1
cju88cddensj00987788yotmg.jpg,cju88cddensj00987788yotmg,train,/Users/brian/Desktop/VCL318/Swin-ViT/ViTUnet vs SwinUnet/Dataset/processed/Kvasir-SEG/images/cju88cddensj00987788yotmg.jpg,/Users/brian/Desktop/VCL318/Swin-ViT/ViTUnet vs SwinUnet/Dataset/processed/Kvasir-SEG/masks/cju88cddensj00987788yotmg.png,622,531,0.056515,True,1
cju88evxanv9r08176zkeovec.jpg,cju88evxanv9r08176zkeovec,train,/Users/brian/Desktop/VCL318/Swin-ViT/ViTUnet vs SwinUnet/Dataset/processed/Kvasir-SEG/images/cju88evxanv9r08176zkeovec.jpg,/Users/brian/Desktop/VCL318/Swin-ViT/ViTUnet vs SwinUnet/Dataset/processed/Kvasir-SEG/masks/cju88evxanv9r08176zkeovec.png,570,530,0.142929,True,1
cju88fpm4o0tl0871w1i6a4ds.jpg,cju88fpm4o0tl0871w1i6a4ds,train,/Users/brian/Desktop/VCL318/Swin-ViT/ViTUnet vs SwinUnet/Dataset/processed/Kvasir-SEG/images/cju88fpm4o0tl0871w1i6a4ds.jpg,/Users/brian/Desktop/VCL318/Swin-ViT/ViTUnet vs SwinUnet/Dataset/processed/Kvasir-SEG/masks/cju88fpm4o0tl0871w1i6a4ds.png,611,423,0.023246,True,1
cju88gx09o2vk0818610zody3.jpg,cju88gx09o2vk0818610zody3,train,/Users/brian/Desktop/VCL318/Swin-ViT/ViTUnet vs SwinUnet/Dataset/processed/Kvasir-SEG/images/cju88gx09o2vk0818610zody3.jpg,/Users/brian/Desktop/VCL318/Swin-ViT/ViTUnet vs SwinUnet/Dataset/processed/Kvasir-SEG/masks/cju88gx09o2vk0818610zody3.png,626,547,0.069686,True,1
cju88itqbny720987hxizbj5y.jpg,cju88itqbny720987hxizbj5y,train,/Users/brian/Desktop/VCL318/Swin-ViT/ViTUnet vs SwinUnet/Dataset/processed/Kvasir-SEG/images/cju88itqbny720987hxizbj5y.jpg,/Users/brian/Desktop/VCL318/Swin-ViT/ViTUnet vs SwinUnet/Dataset/processed/Kvasir-SEG/masks/cju88itqbny720987hxizbj5y.png,570,530,0.212906,True,1
cju88k75inzyb0850ccv5x3vk.jpg,cju88k75inzyb0850ccv5x3vk,train,/Users/brian/Desktop/VCL318/Swin-ViT/ViTUnet vs SwinUnet/Dataset/processed/Kvasir-SEG/images/cju88k75inzyb0850ccv5x3vk.jpg,/Users/brian/Desktop/VCL318/Swin-ViT/ViTUnet vs SwinUnet/Dataset/processed/Kvasir-SEG/masks/cju88k75inzyb0850ccv5x3vk.png,549,531,0.242735,True,1
cju88l66no10s0850rsda7ej1.jpg,cju88l66no10s0850rsda7ej1,train,/Users/brian/Desktop/VCL318/Swin-ViT/ViTUnet vs SwinUnet/Dataset/processed/Kvasir-SEG/images/cju88l66no10s0850rsda7ej1.jpg,/Users/brian/Desktop/VCL318/Swin-ViT/ViTUnet vs SwinUnet/Dataset/processed/Kvasir-SEG/masks/cju88l66no10s0850rsda7ej1.png,571,530,0.81182,True,1
cju88nroho44508500129f1nh.jpg,cju88nroho44508500129f1nh,train,/Users/brian/Desktop/VCL318/Swin-ViT/ViTUnet vs SwinUnet/Dataset/processed/Kvasir-SEG/images/cju88nroho44508500129f1nh.jpg,/Users/brian/Desktop/VCL318/Swin-ViT/ViTUnet vs SwinUnet/Dataset/processed/Kvasir-SEG/masks/cju88nroho44508500129f1nh.png,621,530,0.025692,True,1
cju88oh0po9gq0801nge4tgr1.jpg,cju88oh0po9gq0801nge4tgr1,train,/Users/brian/Desktop/VCL318/Swin-ViT/ViTUnet vs SwinUnet/Dataset/processed/Kvasir-SEG/images/cju88oh0po9gq0801nge4tgr1.jpg,/Users/brian/Desktop/VCL318/Swin-ViT/ViTUnet vs SwinUnet/Dataset/processed/Kvasir-SEG/masks/cju88oh0po9gq0801nge4tgr1.png,604,531,0.038288,True,1
cju88q6h6obpd0871ckmiabbo.jpg,cju88q6h6obpd0871ckmiabbo,train,/Users/brian/Desktop/VCL318/Swin-ViT/ViTUnet vs SwinUnet/Dataset/processed/Kvasir-SEG/images/cju88q6h6obpd0871ckmiabbo.jpg,/Users/brian/Desktop/VCL318/Swin-ViT/ViTUnet vs SwinUnet/Dataset/processed/Kvasir-SEG/masks/cju88q6h6obpd0871ckmiabbo.png,626,546,0.104334,True,3
cju88rl5eo94l0850kf5wtrm1.jpg,cju88rl5eo94l0850kf5wtrm1,train,/Users/brian/Desktop/VCL318/Swin-ViT/ViTUnet vs SwinUnet/Dataset/processed/Kvasir-SEG/images/cju88rl5eo94l0850kf5wtrm1.jpg,/Users/brian/Desktop/VCL318/Swin-ViT/ViTUnet vs SwinUnet/Dataset/processed/Kvasir-SEG/masks/cju88rl5eo94l0850kf5wtrm1.png,590,530,0.298967,True,1
cju88t4fvokxf07558ymyh281.jpg,cju88t4fvokxf07558ymyh281,train,/Users/brian/Desktop/VCL318/Swin-ViT/ViTUnet vs SwinUnet/Dataset/processed/Kvasir-SEG/images/cju88t4fvokxf07558ymyh281.jpg,/Users/brian/Desktop/VCL318/Swin-ViT/ViTUnet vs SwinUnet/Dataset/processed/Kvasir-SEG/masks/cju88t4fvokxf07558ymyh281.png,570,530,0.052843,True,1
cju88trl3ogi208716qvti51b.jpg,cju88trl3ogi208716qvti51b,train,/Users/brian/Desktop/VCL318/Swin-ViT/ViTUnet vs SwinUnet/Dataset/processed/Kvasir-SEG/images/cju88trl3ogi208716qvti51b.jpg,/Users/brian/Desktop/VCL318/Swin-ViT/ViTUnet vs SwinUnet/Dataset/processed/Kvasir-SEG/masks/cju88trl3ogi208716qvti51b.png,540,530,0.048403,True,1
cju88v2f9oi8w0871hx9auh01.jpg,cju88v2f9oi8w0871hx9auh01,train,/Users/brian/Desktop/VCL318/Swin-ViT/ViTUnet vs SwinUnet/Dataset/processed/Kvasir-SEG/images/cju88v2f9oi8w0871hx9auh01.jpg,/Users/brian/Desktop/VCL318/Swin-ViT/ViTUnet vs SwinUnet/Dataset/processed/Kvasir-SEG/masks/cju88v2f9oi8w0871hx9auh01.png,626,546,0.022332,True,1
cju88vx2uoocy075531lc63n3.jpg,cju88vx2uoocy075531lc63n3,train,/Users/brian/Desktop/VCL318/Swin-ViT/ViTUnet vs SwinUnet/Dataset/processed/Kvasir-SEG/images/cju88vx2uoocy075531lc63n3.jpg,/Users/brian/Desktop/VCL318/Swin-ViT/ViTUnet vs SwinUnet/Dataset/processed/Kvasir-SEG/masks/cju88vx2uoocy075531lc63n3.png,596,508,0.033121,True,1
cju88y1mwoln50871emyfny1g.jpg,cju88y1mwoln50871emyfny1g,train,/Users/brian/Desktop/VCL318/Swin-ViT/ViTUnet vs SwinUnet/Dataset/processed/Kvasir-SEG/images/cju88y1mwoln50871emyfny1g.jpg,/Users/brian/Desktop/VCL318/Swin-ViT/ViTUnet vs SwinUnet/Dataset/processed/Kvasir-SEG/masks/cju88y1mwoln50871emyfny1g.png,621,529,0.354234,True,1
cju88z8bson4h0871nnd7fdxo.jpg,cju88z8bson4h0871nnd7fdxo,train,/Users/brian/Desktop/VCL318/Swin-ViT/ViTUnet vs SwinUnet/Dataset/processed/Kvasir-SEG/images/cju88z8bson4h0871nnd7fdxo.jpg,/Users/brian/Desktop/VCL318/Swin-ViT/ViTUnet vs SwinUnet/Dataset/processed/Kvasir-SEG/masks/cju88z8bson4h0871nnd7fdxo.png,626,546,0.091016,True,1
cju890guyoiti098753yg6cdu.jpg,cju890guyoiti098753yg6cdu,train,/Users/brian/Desktop/VCL318/Swin-ViT/ViTUnet vs SwinUnet/Dataset/processed/Kvasir-SEG/images/cju890guyoiti098753yg6cdu.jpg,/Users/brian/Desktop/VCL318/Swin-ViT/ViTUnet vs SwinUnet/Dataset/processed/Kvasir-SEG/masks/cju890guyoiti098753yg6cdu.png,626,547,0.114026,True,1
cju8914beokbf0850isxpocrk.jpg,cju8914beokbf0850isxpocrk,train,/Users/brian/Desktop/VCL318/Swin-ViT/ViTUnet vs SwinUnet/Dataset/processed/Kvasir-SEG/images/cju8914beokbf0850isxpocrk.jpg,/Users/brian/Desktop/VCL318/Swin-ViT/ViTUnet vs SwinUnet/Dataset/processed/Kvasir-SEG/masks/cju8914beokbf0850isxpocrk.png,626,547,0.020606,True,1
cju892fesoq2g0801n0e0jyia.jpg,cju892fesoq2g0801n0e0jyia,train,/Users/brian/Desktop/VCL318/Swin-ViT/ViTUnet vs SwinUnet/Dataset/processed/Kvasir-SEG/images/cju892fesoq2g0801n0e0jyia.jpg,/Users/brian/Desktop/VCL318/Swin-ViT/ViTUnet vs SwinUnet/Dataset/processed/Kvasir-SEG/masks/cju892fesoq2g0801n0e0jyia.png,589,546,0.214889,True,1
cju893jmdompz0817xn3g1w4h.jpg,cju893jmdompz0817xn3g1w4h,train,/Users/brian/Desktop/VCL318/Swin-ViT/ViTUnet vs SwinUnet/Dataset/processed/Kvasir-SEG/images/cju893jmdompz0817xn3g1w4h.jpg,/Users/brian/Desktop/VCL318/Swin-ViT/ViTUnet vs SwinUnet/Dataset/processed/Kvasir-SEG/masks/cju893jmdompz0817xn3g1w4h.png,626,547,0.161292,True,1
cju89y9h0puti0818i5yw29e6.jpg,cju89y9h0puti0818i5yw29e6,train,/Users/brian/Desktop/VCL318/Swin-ViT/ViTUnet vs SwinUnet/Dataset/processed/Kvasir-SEG/images/cju89y9h0puti0818i5yw29e6.jpg,/Users/brian/Desktop/VCL318/Swin-ViT/ViTUnet vs SwinUnet/Dataset/processed/Kvasir-SEG/masks/cju89y9h0puti0818i5yw29e6.png,626,547,0.287371,True,1
cju8a1jtvpt9m081712iwkca7.jpg,cju8a1jtvpt9m081712iwkca7,train,/Users/brian/Desktop/VCL318/Swin-ViT/ViTUnet vs SwinUnet/Dataset/processed/Kvasir-SEG/images/cju8a1jtvpt9m081712iwkca7.jpg,/Users/brian/Desktop/VCL318/Swin-ViT/ViTUnet vs SwinUnet/Dataset/processed/Kvasir-SEG/masks/cju8a1jtvpt9m081712iwkca7.png,1348,1070,0.18691,True,1
cju8a2itsq4dv0755ntlovpxe.jpg,cju8a2itsq4dv0755ntlovpxe,train,/Users/brian/Desktop/VCL318/Swin-ViT/ViTUnet vs SwinUnet/Dataset/processed/Kvasir-SEG/images/cju8a2itsq4dv0755ntlovpxe.jpg,/Users/brian/Desktop/VCL318/Swin-ViT/ViTUnet vs SwinUnet/Dataset/processed/Kvasir-SEG/masks/cju8a2itsq4dv0755ntlovpxe.png,582,531,0.038341,True,1
cju8a3nhbpwnb0850d37fo2na.jpg,cju8a3nhbpwnb0850d37fo2na,train,/Users/brian/Desktop/VCL318/Swin-ViT/ViTUnet vs SwinUnet/Dataset/processed/Kvasir-SEG/images/cju8a3nhbpwnb0850d37fo2na.jpg,/Users/brian/Desktop/VCL318/Swin-ViT/ViTUnet vs SwinUnet/Dataset/processed/Kvasir-SEG/masks/cju8a3nhbpwnb0850d37fo2na.png,622,528,0.059336,True,1
cju8a56vxpy780850r45yu4wk.jpg,cju8a56vxpy780850r45yu4wk,train,/Users/brian/Desktop/VCL318/Swin-ViT/ViTUnet vs SwinUnet/Dataset/processed/Kvasir-SEG/images/cju8a56vxpy780850r45yu4wk.jpg,/Users/brian/Desktop/VCL318/Swin-ViT/ViTUnet vs SwinUnet/Dataset/processed/Kvasir-SEG/masks/cju8a56vxpy780850r45yu4wk.png,584,530,0.125291,True,1
cju8a84g0q76m0818hwiggkod.jpg,cju8a84g0q76m0818hwiggkod,train,/Users/brian/Desktop/VCL318/Swin-ViT/ViTUnet vs SwinUnet/Dataset/processed/Kvasir-SEG/images/cju8a84g0q76m0818hwiggkod.jpg,/Users/brian/Desktop/VCL318/Swin-ViT/ViTUnet vs SwinUnet/Dataset/processed/Kvasir-SEG/masks/cju8a84g0q76m0818hwiggkod.png,554,529,0.461551,True,1
cju8abobpqbir08189u01huru.jpg,cju8abobpqbir08189u01huru,train,/Users/brian/Desktop/VCL318/Swin-ViT/ViTUnet vs SwinUnet/Dataset/processed/Kvasir-SEG/images/cju8abobpqbir08189u01huru.jpg,/Users/brian/Desktop/VCL318/Swin-ViT/ViTUnet vs SwinUnet/Dataset/processed/Kvasir-SEG/masks/cju8abobpqbir08189u01huru.png,626,547,0.107689,True,1
cju8adb60qbiu080188mxpf8d.jpg,cju8adb60qbiu080188mxpf8d,train,/Users/brian/Desktop/VCL318/Swin-ViT/ViTUnet vs SwinUnet/Dataset/processed/Kvasir-SEG/images/cju8adb60qbiu080188mxpf8d.jpg,/Users/brian/Desktop/VCL318/Swin-ViT/ViTUnet vs SwinUnet/Dataset/processed/Kvasir-SEG/masks/cju8adb60qbiu080188mxpf8d.png,623,528,0.080105,True,1
cju8aeei7q8k308173n9y4klv.jpg,cju8aeei7q8k308173n9y4klv,train,/Users/brian/Desktop/VCL318/Swin-ViT/ViTUnet vs SwinUnet/Dataset/processed/Kvasir-SEG/images/cju8aeei7q8k308173n9y4klv.jpg,/Users/brian/Desktop/VCL318/Swin-ViT/ViTUnet vs SwinUnet/Dataset/processed/Kvasir-SEG/masks/cju8aeei7q8k308173n9y4klv.png,606,528,0.066207,True,1
cju8aj01yqeqm0850lhdz3xdw.jpg,cju8aj01yqeqm0850lhdz3xdw,train,/Users/brian/Desktop/VCL318/Swin-ViT/ViTUnet vs SwinUnet/Dataset/processed/Kvasir-SEG/images/cju8aj01yqeqm0850lhdz3xdw.jpg,/Users/brian/Desktop/VCL318/Swin-ViT/ViTUnet vs SwinUnet/Dataset/processed/Kvasir-SEG/masks/cju8aj01yqeqm0850lhdz3xdw.png,622,531,0.210644,True,1
cju8alhigqn2h0801zksudldd.jpg,cju8alhigqn2h0801zksudldd,train,/Users/brian/Desktop/VCL318/Swin-ViT/ViTUnet vs SwinUnet/Dataset/processed/Kvasir-SEG/images/cju8alhigqn2h0801zksudldd.jpg,/Users/brian/Desktop/VCL318/Swin-ViT/ViTUnet vs SwinUnet/Dataset/processed/Kvasir-SEG/masks/cju8alhigqn2h0801zksudldd.png,614,528,0.29601,True,1
cju8amfdtqi4x09871tygrgqe.jpg,cju8amfdtqi4x09871tygrgqe,train,/Users/brian/Desktop/VCL318/Swin-ViT/ViTUnet vs SwinUnet/Dataset/processed/Kvasir-SEG/images/cju8amfdtqi4x09871tygrgqe.jpg,/Users/brian/Desktop/VCL318/Swin-ViT/ViTUnet vs SwinUnet/Dataset/processed/Kvasir-SEG/masks/cju8amfdtqi4x09871tygrgqe.png,622,530,0.133583,True,1
cju8ando2qqdo0818ck7i1be1.jpg,cju8ando2qqdo0818ck7i1be1,train,/Users/brian/Desktop/VCL318/Swin-ViT/ViTUnet vs SwinUnet/Dataset/processed/Kvasir-SEG/images/cju8ando2qqdo0818ck7i1be1.jpg,/Users/brian/Desktop/VCL318/Swin-ViT/ViTUnet vs SwinUnet/Dataset/processed/Kvasir-SEG/masks/cju8ando2qqdo0818ck7i1be1.png,570,530,0.083909,True,1
cju8apjewqrk00801k5d71gky.jpg,cju8apjewqrk00801k5d71gky,train,/Users/brian/Desktop/VCL318/Swin-ViT/ViTUnet vs SwinUnet/Dataset/processed/Kvasir-SEG/images/cju8apjewqrk00801k5d71gky.jpg,/Users/brian/Desktop/VCL318/Swin-ViT/ViTUnet vs SwinUnet/Dataset/processed/Kvasir-SEG/masks/cju8apjewqrk00801k5d71gky.png,451,530,0.146187,True,1
cju8aqq8uqmoq0987hphto9gg.jpg,cju8aqq8uqmoq0987hphto9gg,train,/Users/brian/Desktop/VCL318/Swin-ViT/ViTUnet vs SwinUnet/Dataset/processed/Kvasir-SEG/images/cju8aqq8uqmoq0987hphto9gg.jpg,/Users/brian/Desktop/VCL318/Swin-ViT/ViTUnet vs SwinUnet/Dataset/processed/Kvasir-SEG/masks/cju8aqq8uqmoq0987hphto9gg.png,626,546,0.265386,True,1
cju8ashhnquqr0801rwduzt7d.jpg,cju8ashhnquqr0801rwduzt7d,train,/Users/brian/Desktop/VCL318/Swin-ViT/ViTUnet vs SwinUnet/Dataset/processed/Kvasir-SEG/images/cju8ashhnquqr0801rwduzt7d.jpg,/Users/brian/Desktop/VCL318/Swin-ViT/ViTUnet vs SwinUnet/Dataset/processed/Kvasir-SEG/masks/cju8ashhnquqr0801rwduzt7d.png,1220,1011,0.072294,True,1
cju8auylgqx0z0871u4o4db7o.jpg,cju8auylgqx0z0871u4o4db7o,train,/Users/brian/Desktop/VCL318/Swin-ViT/ViTUnet vs SwinUnet/Dataset/processed/Kvasir-SEG/images/cju8auylgqx0z0871u4o4db7o.jpg,/Users/brian/Desktop/VCL318/Swin-ViT/ViTUnet vs SwinUnet/Dataset/processed/Kvasir-SEG/masks/cju8auylgqx0z0871u4o4db7o.png,622,531,0.028285,True,1
cju8axq24r4an0755yhv9d4ly.jpg,cju8axq24r4an0755yhv9d4ly,train,/Users/brian/Desktop/VCL318/Swin-ViT/ViTUnet vs SwinUnet/Dataset/processed/Kvasir-SEG/images/cju8axq24r4an0755yhv9d4ly.jpg,/Users/brian/Desktop/VCL318/Swin-ViT/ViTUnet vs SwinUnet/Dataset/processed/Kvasir-SEG/masks/cju8axq24r4an0755yhv9d4ly.png,603,530,0.035301,True,1
cju8ayeq7r1fb0818z1junacy.jpg,cju8ayeq7r1fb0818z1junacy,train,/Users/brian/Desktop/VCL318/Swin-ViT/ViTUnet vs SwinUnet/Dataset/processed/Kvasir-SEG/images/cju8ayeq7r1fb0818z1junacy.jpg,/Users/brian/Desktop/VCL318/Swin-ViT/ViTUnet vs SwinUnet/Dataset/processed/Kvasir-SEG/masks/cju8ayeq7r1fb0818z1junacy.png,602,528,0.041701,True,1
cju8azmhcr66e0755t61atz72.jpg,cju8azmhcr66e0755t61atz72,train,/Users/brian/Desktop/VCL318/Swin-ViT/ViTUnet vs SwinUnet/Dataset/processed/Kvasir-SEG/images/cju8azmhcr66e0755t61atz72.jpg,/Users/brian/Desktop/VCL318/Swin-ViT/ViTUnet vs SwinUnet/Dataset/processed/Kvasir-SEG/masks/cju8azmhcr66e0755t61atz72.png,548,531,0.177781,True,1
cju8b0jr0r2oi0801jiquetd5.jpg,cju8b0jr0r2oi0801jiquetd5,train,/Users/brian/Desktop/VCL318/Swin-ViT/ViTUnet vs SwinUnet/Dataset/processed/Kvasir-SEG/images/cju8b0jr0r2oi0801jiquetd5.jpg,/Users/brian/Desktop/VCL318/Swin-ViT/ViTUnet vs SwinUnet/Dataset/processed/Kvasir-SEG/masks/cju8b0jr0r2oi0801jiquetd5.png,621,528,0.05734,True,1
cju8b1v3br45u087189kku66u.jpg,cju8b1v3br45u087189kku66u,train,/Users/brian/Desktop/VCL318/Swin-ViT/ViTUnet vs SwinUnet/Dataset/processed/Kvasir-SEG/images/cju8b1v3br45u087189kku66u.jpg,/Users/brian/Desktop/VCL318/Swin-ViT/ViTUnet vs SwinUnet/Dataset/processed/Kvasir-SEG/masks/cju8b1v3br45u087189kku66u.png,626,546,0.245023,True,1
cju8b3ka8r64u0801fh18hk7l.jpg,cju8b3ka8r64u0801fh18hk7l,train,/Users/brian/Desktop/VCL318/Swin-ViT/ViTUnet vs SwinUnet/Dataset/processed/Kvasir-SEG/images/cju8b3ka8r64u0801fh18hk7l.jpg,/Users/brian/Desktop/VCL318/Swin-ViT/ViTUnet vs SwinUnet/Dataset/processed/Kvasir-SEG/masks/cju8b3ka8r64u0801fh18hk7l.png,626,546,0.035194,True,1
cju8b4ja9r2s808509d45ma86.jpg,cju8b4ja9r2s808509d45ma86,train,/Users/brian/Desktop/VCL318/Swin-ViT/ViTUnet vs SwinUnet/Dataset/processed/Kvasir-SEG/images/cju8b4ja9r2s808509d45ma86.jpg,/Users/brian/Desktop/VCL318/Swin-ViT/ViTUnet vs SwinUnet/Dataset/processed/Kvasir-SEG/masks/cju8b4ja9r2s808509d45ma86.png,623,529,0.220332,True,1
cju8b542nr81x0871uxnkm9ih.jpg,cju8b542nr81x0871uxnkm9ih,train,/Users/brian/Desktop/VCL318/Swin-ViT/ViTUnet vs SwinUnet/Dataset/processed/Kvasir-SEG/images/cju8b542nr81x0871uxnkm9ih.jpg,/Users/brian/Desktop/VCL318/Swin-ViT/ViTUnet vs SwinUnet/Dataset/processed/Kvasir-SEG/masks/cju8b542nr81x0871uxnkm9ih.png,622,531,0.019435,True,1
cju8b5p40r2c60987ofa0mu03.jpg,cju8b5p40r2c60987ofa0mu03,train,/Users/brian/Desktop/VCL318/Swin-ViT/ViTUnet vs SwinUnet/Dataset/processed/Kvasir-SEG/images/cju8b5p40r2c60987ofa0mu03.jpg,/Users/brian/Desktop/VCL318/Swin-ViT/ViTUnet vs SwinUnet/Dataset/processed/Kvasir-SEG/masks/cju8b5p40r2c60987ofa0mu03.png,598,531,0.045991,True,1
cju8b6rp0r5st0850184f79xt.jpg,cju8b6rp0r5st0850184f79xt,train,/Users/brian/Desktop/VCL318/Swin-ViT/ViTUnet vs SwinUnet/Dataset/processed/Kvasir-SEG/images/cju8b6rp0r5st0850184f79xt.jpg,/Users/brian/Desktop/VCL318/Swin-ViT/ViTUnet vs SwinUnet/Dataset/processed/Kvasir-SEG/masks/cju8b6rp0r5st0850184f79xt.png,626,546,0.274866,True,1
cju8b7aqtr4a00987coba14b7.jpg,cju8b7aqtr4a00987coba14b7,train,/Users/brian/Desktop/VCL318/Swin-ViT/ViTUnet vs SwinUnet/Dataset/processed/Kvasir-SEG/images/cju8b7aqtr4a00987coba14b7.jpg,/Users/brian/Desktop/VCL318/Swin-ViT/ViTUnet vs SwinUnet/Dataset/processed/Kvasir-SEG/masks/cju8b7aqtr4a00987coba14b7.png,622,530,0.035006,True,1
cju8b8yair65w09878pyqtr96.jpg,cju8b8yair65w09878pyqtr96,train,/Users/brian/Desktop/VCL318/Swin-ViT/ViTUnet vs SwinUnet/Dataset/processed/Kvasir-SEG/images/cju8b8yair65w09878pyqtr96.jpg,/Users/brian/Desktop/VCL318/Swin-ViT/ViTUnet vs SwinUnet/Dataset/processed/Kvasir-SEG/masks/cju8b8yair65w09878pyqtr96.png,520,529,0.125778,True,1
cju8bafgqrf4x0818twisk3ea.jpg,cju8bafgqrf4x0818twisk3ea,train,/Users/brian/Desktop/VCL318/Swin-ViT/ViTUnet vs SwinUnet/Dataset/processed/Kvasir-SEG/images/cju8bafgqrf4x0818twisk3ea.jpg,/Users/brian/Desktop/VCL318/Swin-ViT/ViTUnet vs SwinUnet/Dataset/processed/Kvasir-SEG/masks/cju8bafgqrf4x0818twisk3ea.png,531,530,0.175067,True,1
cju8bff9nrfi10850fmfzbf8v.jpg,cju8bff9nrfi10850fmfzbf8v,train,/Users/brian/Desktop/VCL318/Swin-ViT/ViTUnet vs SwinUnet/Dataset/processed/Kvasir-SEG/images/cju8bff9nrfi10850fmfzbf8v.jpg,/Users/brian/Desktop/VCL318/Swin-ViT/ViTUnet vs SwinUnet/Dataset/processed/Kvasir-SEG/masks/cju8bff9nrfi10850fmfzbf8v.png,437,529,0.110134,True,1
cju8bgdmqrksy0801tozdmraa.jpg,cju8bgdmqrksy0801tozdmraa,train,/Users/brian/Desktop/VCL318/Swin-ViT/ViTUnet vs SwinUnet/Dataset/processed/Kvasir-SEG/images/cju8bgdmqrksy0801tozdmraa.jpg,/Users/brian/Desktop/VCL318/Swin-ViT/ViTUnet vs SwinUnet/Dataset/processed/Kvasir-SEG/masks/cju8bgdmqrksy0801tozdmraa.png,622,529,0.042636,True,1
cju8bh8surexp0987o5pzklk1.jpg,cju8bh8surexp0987o5pzklk1,train,/Users/brian/Desktop/VCL318/Swin-ViT/ViTUnet vs SwinUnet/Dataset/processed/Kvasir-SEG/images/cju8bh8surexp0987o5pzklk1.jpg,/Users/brian/Desktop/VCL318/Swin-ViT/ViTUnet vs SwinUnet/Dataset/processed/Kvasir-SEG/masks/cju8bh8surexp0987o5pzklk1.png,577,506,0.227951,True,1
cju8bi8q7rlmn0871abc5ch8k.jpg,cju8bi8q7rlmn0871abc5ch8k,train,/Users/brian/Desktop/VCL318/Swin-ViT/ViTUnet vs SwinUnet/Dataset/processed/Kvasir-SEG/images/cju8bi8q7rlmn0871abc5ch8k.jpg,/Users/brian/Desktop/VCL318/Swin-ViT/ViTUnet vs SwinUnet/Dataset/processed/Kvasir-SEG/masks/cju8bi8q7rlmn0871abc5ch8k.png,622,531,0.064366,True,1
cju8bk8oirjhw0817hgkua2w8.jpg,cju8bk8oirjhw0817hgkua2w8,train,/Users/brian/Desktop/VCL318/Swin-ViT/ViTUnet vs SwinUnet/Dataset/processed/Kvasir-SEG/images/cju8bk8oirjhw0817hgkua2w8.jpg,/Users/brian/Desktop/VCL318/Swin-ViT/ViTUnet vs SwinUnet/Dataset/processed/Kvasir-SEG/masks/cju8bk8oirjhw0817hgkua2w8.png,575,509,0.294531,True,1
cju8bljw9rqk20801kr54akrl.jpg,cju8bljw9rqk20801kr54akrl,train,/Users/brian/Desktop/VCL318/Swin-ViT/ViTUnet vs SwinUnet/Dataset/processed/Kvasir-SEG/images/cju8bljw9rqk20801kr54akrl.jpg,/Users/brian/Desktop/VCL318/Swin-ViT/ViTUnet vs SwinUnet/Dataset/processed/Kvasir-SEG/masks/cju8bljw9rqk20801kr54akrl.png,621,529,0.277262,True,1
cju8bm24yrrdp081829mbo8ic.jpg,cju8bm24yrrdp081829mbo8ic,train,/Users/brian/Desktop/VCL318/Swin-ViT/ViTUnet vs SwinUnet/Dataset/processed/Kvasir-SEG/images/cju8bm24yrrdp081829mbo8ic.jpg,/Users/brian/Desktop/VCL318/Swin-ViT/ViTUnet vs SwinUnet/Dataset/processed/Kvasir-SEG/masks/cju8bm24yrrdp081829mbo8ic.png,626,546,0.076587,True,1
cju8bn7m2rmm70817hgxpb1uq.jpg,cju8bn7m2rmm70817hgxpb1uq,train,/Users/brian/Desktop/VCL318/Swin-ViT/ViTUnet vs SwinUnet/Dataset/processed/Kvasir-SEG/images/cju8bn7m2rmm70817hgxpb1uq.jpg,/Users/brian/Desktop/VCL318/Swin-ViT/ViTUnet vs SwinUnet/Dataset/processed/Kvasir-SEG/masks/cju8bn7m2rmm70817hgxpb1uq.png,626,547,0.223978,True,1
cju8bop5jrsid08716i24fqda.jpg,cju8bop5jrsid08716i24fqda,train,/Users/brian/Desktop/VCL318/Swin-ViT/ViTUnet vs SwinUnet/Dataset/processed/Kvasir-SEG/images/cju8bop5jrsid08716i24fqda.jpg,/Users/brian/Desktop/VCL318/Swin-ViT/ViTUnet vs SwinUnet/Dataset/processed/Kvasir-SEG/masks/cju8bop5jrsid08716i24fqda.png,622,531,0.073449,True,1
cju8bpctzrqkr0850zeldv9kt.jpg,cju8bpctzrqkr0850zeldv9kt,train,/Users/brian/Desktop/VCL318/Swin-ViT/ViTUnet vs SwinUnet/Dataset/processed/Kvasir-SEG/images/cju8bpctzrqkr0850zeldv9kt.jpg,/Users/brian/Desktop/VCL318/Swin-ViT/ViTUnet vs SwinUnet/Dataset/processed/Kvasir-SEG/masks/cju8bpctzrqkr0850zeldv9kt.png,626,546,0.077616,True,1
cju8brv16rx7f0818uf5n89pv.jpg,cju8brv16rx7f0818uf5n89pv,train,/Users/brian/Desktop/VCL318/Swin-ViT/ViTUnet vs SwinUnet/Dataset/processed/Kvasir-SEG/images/cju8brv16rx7f0818uf5n89pv.jpg,/Users/brian/Desktop/VCL318/Swin-ViT/ViTUnet vs SwinUnet/Dataset/processed/Kvasir-SEG/masks/cju8brv16rx7f0818uf5n89pv.png,622,529,0.026082,True,1
cju8bssulrrcy0987h1vq5060.jpg,cju8bssulrrcy0987h1vq5060,train,/Users/brian/Desktop/VCL318/Swin-ViT/ViTUnet vs SwinUnet/Dataset/processed/Kvasir-SEG/images/cju8bssulrrcy0987h1vq5060.jpg,/Users/brian/Desktop/VCL318/Swin-ViT/ViTUnet vs SwinUnet/Dataset/processed/Kvasir-SEG/masks/cju8bssulrrcy0987h1vq5060.png,548,531,0.183667,True,1
cju8buos5rz9b08715lfr0f4f.jpg,cju8buos5rz9b08715lfr0f4f,train,/Users/brian/Desktop/VCL318/Swin-ViT/ViTUnet vs SwinUnet/Dataset/processed/Kvasir-SEG/images/cju8buos5rz9b08715lfr0f4f.jpg,/Users/brian/Desktop/VCL318/Swin-ViT/ViTUnet vs SwinUnet/Dataset/processed/Kvasir-SEG/masks/cju8buos5rz9b08715lfr0f4f.png,576,530,0.215501,True,1
cju8bysfgrzkl081786jwac09.jpg,cju8bysfgrzkl081786jwac09,train,/Users/brian/Desktop/VCL318/Swin-ViT/ViTUnet vs SwinUnet/Dataset/processed/Kvasir-SEG/images/cju8bysfgrzkl081786jwac09.jpg,/Users/brian/Desktop/VCL318/Swin-ViT/ViTUnet vs SwinUnet/Dataset/processed/Kvasir-SEG/masks/cju8bysfgrzkl081786jwac09.png,619,471,0.174029,True,1
cju8bzzy2s66m08016z6mouqt.jpg,cju8bzzy2s66m08016z6mouqt,train,/Users/brian/Desktop/VCL318/Swin-ViT/ViTUnet vs SwinUnet/Dataset/processed/Kvasir-SEG/images/cju8bzzy2s66m08016z6mouqt.jpg,/Users/brian/Desktop/VCL318/Swin-ViT/ViTUnet vs SwinUnet/Dataset/processed/Kvasir-SEG/masks/cju8bzzy2s66m08016z6mouqt.png,622,529,0.068168,True,1
cju8c1a0ws7o208181c6lbsom.jpg,cju8c1a0ws7o208181c6lbsom,train,/Users/brian/Desktop/VCL318/Swin-ViT/ViTUnet vs SwinUnet/Dataset/processed/Kvasir-SEG/images/cju8c1a0ws7o208181c6lbsom.jpg,/Users/brian/Desktop/VCL318/Swin-ViT/ViTUnet vs SwinUnet/Dataset/processed/Kvasir-SEG/masks/cju8c1a0ws7o208181c6lbsom.png,625,546,0.3423,True,1
cju8c2rqzs5t80850d0zky5dy.jpg,cju8c2rqzs5t80850d0zky5dy,train,/Users/brian/Desktop/VCL318/Swin-ViT/ViTUnet vs SwinUnet/Dataset/processed/Kvasir-SEG/images/cju8c2rqzs5t80850d0zky5dy.jpg,/Users/brian/Desktop/VCL318/Swin-ViT/ViTUnet vs SwinUnet/Dataset/processed/Kvasir-SEG/masks/cju8c2rqzs5t80850d0zky5dy.png,615,490,0.311249,True,1
cju8c5223s8j80850b4kealt4.jpg,cju8c5223s8j80850b4kealt4,train,/Users/brian/Desktop/VCL318/Swin-ViT/ViTUnet vs SwinUnet/Dataset/processed/Kvasir-SEG/images/cju8c5223s8j80850b4kealt4.jpg,/Users/brian/Desktop/VCL318/Swin-ViT/ViTUnet vs SwinUnet/Dataset/processed/Kvasir-SEG/masks/cju8c5223s8j80850b4kealt4.png,619,529,0.071266,True,1
cju8c5mxls96t0850wvkvsity.jpg,cju8c5mxls96t0850wvkvsity,train,/Users/brian/Desktop/VCL318/Swin-ViT/ViTUnet vs SwinUnet/Dataset/processed/Kvasir-SEG/images/cju8c5mxls96t0850wvkvsity.jpg,/Users/brian/Desktop/VCL318/Swin-ViT/ViTUnet vs SwinUnet/Dataset/processed/Kvasir-SEG/masks/cju8c5mxls96t0850wvkvsity.png,609,531,0.129996,True,1
cju8c5zcbsdfz0801o5t6jag1.jpg,cju8c5zcbsdfz0801o5t6jag1,train,/Users/brian/Desktop/VCL318/Swin-ViT/ViTUnet vs SwinUnet/Dataset/processed/Kvasir-SEG/images/cju8c5zcbsdfz0801o5t6jag1.jpg,/Users/brian/Desktop/VCL318/Swin-ViT/ViTUnet vs SwinUnet/Dataset/processed/Kvasir-SEG/masks/cju8c5zcbsdfz0801o5t6jag1.png,626,546,0.026214,True,1
cju8c6hnxsdvr0801wn0vrsa6.jpg,cju8c6hnxsdvr0801wn0vrsa6,train,/Users/brian/Desktop/VCL318/Swin-ViT/ViTUnet vs SwinUnet/Dataset/processed/Kvasir-SEG/images/cju8c6hnxsdvr0801wn0vrsa6.jpg,/Users/brian/Desktop/VCL318/Swin-ViT/ViTUnet vs SwinUnet/Dataset/processed/Kvasir-SEG/masks/cju8c6hnxsdvr0801wn0vrsa6.png,617,531,0.011074,True,1
cju8c9akjsdjj0850s67uzlxq.jpg,cju8c9akjsdjj0850s67uzlxq,train,/Users/brian/Desktop/VCL318/Swin-ViT/ViTUnet vs SwinUnet/Dataset/processed/Kvasir-SEG/images/cju8c9akjsdjj0850s67uzlxq.jpg,/Users/brian/Desktop/VCL318/Swin-ViT/ViTUnet vs SwinUnet/Dataset/processed/Kvasir-SEG/masks/cju8c9akjsdjj0850s67uzlxq.png,570,518,0.121168,True,1
cju8ca4geseia0850i2ru11hw.jpg,cju8ca4geseia0850i2ru11hw,train,/Users/brian/Desktop/VCL318/Swin-ViT/ViTUnet vs SwinUnet/Dataset/processed/Kvasir-SEG/images/cju8ca4geseia0850i2ru11hw.jpg,/Users/brian/Desktop/VCL318/Swin-ViT/ViTUnet vs SwinUnet/Dataset/processed/Kvasir-SEG/masks/cju8ca4geseia0850i2ru11hw.png,617,529,0.091368,True,1
cju8cbsyssiqj0871gr4jedjp.jpg,cju8cbsyssiqj0871gr4jedjp,train,/Users/brian/Desktop/VCL318/Swin-ViT/ViTUnet vs SwinUnet/Dataset/processed/Kvasir-SEG/images/cju8cbsyssiqj0871gr4jedjp.jpg,/Users/brian/Desktop/VCL318/Swin-ViT/ViTUnet vs SwinUnet/Dataset/processed/Kvasir-SEG/masks/cju8cbsyssiqj0871gr4jedjp.png,571,531,0.143156,True,1
cju8cdeazsm8h0801jxifmzur.jpg,cju8cdeazsm8h0801jxifmzur,train,/Users/brian/Desktop/VCL318/Swin-ViT/ViTUnet vs SwinUnet/Dataset/processed/Kvasir-SEG/images/cju8cdeazsm8h0801jxifmzur.jpg,/Users/brian/Desktop/VCL318/Swin-ViT/ViTUnet vs SwinUnet/Dataset/processed/Kvasir-SEG/masks/cju8cdeazsm8h0801jxifmzur.png,626,547,0.12722,True,1
cju8ceacrsqkr0755hdz145es.jpg,cju8ceacrsqkr0755hdz145es,train,/Users/brian/Desktop/VCL318/Swin-ViT/ViTUnet vs SwinUnet/Dataset/processed/Kvasir-SEG/images/cju8ceacrsqkr0755hdz145es.jpg,/Users/brian/Desktop/VCL318/Swin-ViT/ViTUnet vs SwinUnet/Dataset/processed/Kvasir-SEG/masks/cju8ceacrsqkr0755hdz145es.png,566,492,0.039174,True,1
cju8cgi2kspp308011nxdtjp6.jpg,cju8cgi2kspp308011nxdtjp6,train,/Users/brian/Desktop/VCL318/Swin-ViT/ViTUnet vs SwinUnet/Dataset/processed/Kvasir-SEG/images/cju8cgi2kspp308011nxdtjp6.jpg,/Users/brian/Desktop/VCL318/Swin-ViT/ViTUnet vs SwinUnet/Dataset/processed/Kvasir-SEG/masks/cju8cgi2kspp308011nxdtjp6.png,619,530,0.02943,True,1
cju8cj10qsrau0871o2dr6ai1.jpg,cju8cj10qsrau0871o2dr6ai1,train,/Users/brian/Desktop/VCL318/Swin-ViT/ViTUnet vs SwinUnet/Dataset/processed/Kvasir-SEG/images/cju8cj10qsrau0871o2dr6ai1.jpg,/Users/brian/Desktop/VCL318/Swin-ViT/ViTUnet vs SwinUnet/Dataset/processed/Kvasir-SEG/masks/cju8cj10qsrau0871o2dr6ai1.png,622,530,0.070906,True,1
cju8clorgsuwn08714toqb7v6.jpg,cju8clorgsuwn08714toqb7v6,train,/Users/brian/Desktop/VCL318/Swin-ViT/ViTUnet vs SwinUnet/Dataset/processed/Kvasir-SEG/images/cju8clorgsuwn08714toqb7v6.jpg,/Users/brian/Desktop/VCL318/Swin-ViT/ViTUnet vs SwinUnet/Dataset/processed/Kvasir-SEG/masks/cju8clorgsuwn08714toqb7v6.png,570,531,0.124452,True,1
cju8cwy02t9eq08185qn12c02.jpg,cju8cwy02t9eq08185qn12c02,train,/Users/brian/Desktop/VCL318/Swin-ViT/ViTUnet vs SwinUnet/Dataset/processed/Kvasir-SEG/images/cju8cwy02t9eq08185qn12c02.jpg,/Users/brian/Desktop/VCL318/Swin-ViT/ViTUnet vs SwinUnet/Dataset/processed/Kvasir-SEG/masks/cju8cwy02t9eq08185qn12c02.png,626,547,0.129375,True,1
cju8czvnztbf40871b4m7t78w.jpg,cju8czvnztbf40871b4m7t78w,train,/Users/brian/Desktop/VCL318/Swin-ViT/ViTUnet vs SwinUnet/Dataset/processed/Kvasir-SEG/images/cju8czvnztbf40871b4m7t78w.jpg,/Users/brian/Desktop/VCL318/Swin-ViT/ViTUnet vs SwinUnet/Dataset/processed/Kvasir-SEG/masks/cju8czvnztbf40871b4m7t78w.png,626,546,0.133518,True,1
cju8d4jgatgpj0871q2ophhkm.jpg,cju8d4jgatgpj0871q2ophhkm,train,/Users/brian/Desktop/VCL318/Swin-ViT/ViTUnet vs SwinUnet/Dataset/processed/Kvasir-SEG/images/cju8d4jgatgpj0871q2ophhkm.jpg,/Users/brian/Desktop/VCL318/Swin-ViT/ViTUnet vs SwinUnet/Dataset/processed/Kvasir-SEG/masks/cju8d4jgatgpj0871q2ophhkm.png,622,531,0.145679,True,1
cju8dic9mtppa0987swn23wbc.jpg,cju8dic9mtppa0987swn23wbc,train,/Users/brian/Desktop/VCL318/Swin-ViT/ViTUnet vs SwinUnet/Dataset/processed/Kvasir-SEG/images/cju8dic9mtppa0987swn23wbc.jpg,/Users/brian/Desktop/VCL318/Swin-ViT/ViTUnet vs SwinUnet/Dataset/processed/Kvasir-SEG/masks/cju8dic9mtppa0987swn23wbc.png,611,531,0.245225,True,1
cju8dk7eztzup08182yxko5zh.jpg,cju8dk7eztzup08182yxko5zh,train,/Users/brian/Desktop/VCL318/Swin-ViT/ViTUnet vs SwinUnet/Dataset/processed/Kvasir-SEG/images/cju8dk7eztzup08182yxko5zh.jpg,/Users/brian/Desktop/VCL318/Swin-ViT/ViTUnet vs SwinUnet/Dataset/processed/Kvasir-SEG/masks/cju8dk7eztzup08182yxko5zh.png,623,528,0.054803,True,1
cju8dm2cau2km0818jsv9eeq2.jpg,cju8dm2cau2km0818jsv9eeq2,train,/Users/brian/Desktop/VCL318/Swin-ViT/ViTUnet vs SwinUnet/Dataset/processed/Kvasir-SEG/images/cju8dm2cau2km0818jsv9eeq2.jpg,/Users/brian/Desktop/VCL318/Swin-ViT/ViTUnet vs SwinUnet/Dataset/processed/Kvasir-SEG/masks/cju8dm2cau2km0818jsv9eeq2.png,626,547,0.117533,True,1
cju8dpa89u6l80818dj6lldh9.jpg,cju8dpa89u6l80818dj6lldh9,train,/Users/brian/Desktop/VCL318/Swin-ViT/ViTUnet vs SwinUnet/Dataset/processed/Kvasir-SEG/images/cju8dpa89u6l80818dj6lldh9.jpg,/Users/brian/Desktop/VCL318/Swin-ViT/ViTUnet vs SwinUnet/Dataset/processed/Kvasir-SEG/masks/cju8dpa89u6l80818dj6lldh9.png,623,529,0.119399,True,1
cju8dqkrqu83i0818ev74qpxq.jpg,cju8dqkrqu83i0818ev74qpxq,train,/Users/brian/Desktop/VCL318/Swin-ViT/ViTUnet vs SwinUnet/Dataset/processed/Kvasir-SEG/images/cju8dqkrqu83i0818ev74qpxq.jpg,/Users/brian/Desktop/VCL318/Swin-ViT/ViTUnet vs SwinUnet/Dataset/processed/Kvasir-SEG/masks/cju8dqkrqu83i0818ev74qpxq.png,1348,1070,0.596208,True,1
cjyzjzssvd8pq0838f4nolj5l.jpg,cjyzjzssvd8pq0838f4nolj5l,train,/Users/brian/Desktop/VCL318/Swin-ViT/ViTUnet vs SwinUnet/Dataset/processed/Kvasir-SEG/images/cjyzjzssvd8pq0838f4nolj5l.jpg,/Users/brian/Desktop/VCL318/Swin-ViT/ViTUnet vs SwinUnet/Dataset/processed/Kvasir-SEG/masks/cjyzjzssvd8pq0838f4nolj5l.png,720,576,0.034235,True,2
cjyzk8qieoboa0848ogj51wwm.jpg,cjyzk8qieoboa0848ogj51wwm,train,/Users/brian/Desktop/VCL318/Swin-ViT/ViTUnet vs SwinUnet/Dataset/processed/Kvasir-SEG/images/cjyzk8qieoboa0848ogj51wwm.jpg,/Users/brian/Desktop/VCL318/Swin-ViT/ViTUnet vs SwinUnet/Dataset/processed/Kvasir-SEG/masks/cjyzk8qieoboa0848ogj51wwm.png,720,576,0.473638,True,1
cjyzkmjy8evns070165gf9dmq.jpg,cjyzkmjy8evns070165gf9dmq,train,/Users/brian/Desktop/VCL318/Swin-ViT/ViTUnet vs SwinUnet/Dataset/processed/Kvasir-SEG/images/cjyzkmjy8evns070165gf9dmq.jpg,/Users/brian/Desktop/VCL318/Swin-ViT/ViTUnet vs SwinUnet/Dataset/processed/Kvasir-SEG/masks/cjyzkmjy8evns070165gf9dmq.png,720,576,0.097222,True,1
cjyzkpsbjdsjq07211dfi4sru.jpg,cjyzkpsbjdsjq07211dfi4sru,train,/Users/brian/Desktop/VCL318/Swin-ViT/ViTUnet vs SwinUnet/Dataset/processed/Kvasir-SEG/images/cjyzkpsbjdsjq07211dfi4sru.jpg,/Users/brian/Desktop/VCL318/Swin-ViT/ViTUnet vs SwinUnet/Dataset/processed/Kvasir-SEG/masks/cjyzkpsbjdsjq07211dfi4sru.png,720,576,0.02458,True,1
cjyzl833ndne80838pzuq6ila.jpg,cjyzl833ndne80838pzuq6ila,train,/Users/brian/Desktop/VCL318/Swin-ViT/ViTUnet vs SwinUnet/Dataset/processed/Kvasir-SEG/images/cjyzl833ndne80838pzuq6ila.jpg,/Users/brian/Desktop/VCL318/Swin-ViT/ViTUnet vs SwinUnet/Dataset/processed/Kvasir-SEG/masks/cjyzl833ndne80838pzuq6ila.png,720,576,0.135378,True,1
cjyztzaqtrv430848l8xgcerw.jpg,cjyztzaqtrv430848l8xgcerw,train,/Users/brian/Desktop/VCL318/Swin-ViT/ViTUnet vs SwinUnet/Dataset/processed/Kvasir-SEG/images/cjyztzaqtrv430848l8xgcerw.jpg,/Users/brian/Desktop/VCL318/Swin-ViT/ViTUnet vs SwinUnet/Dataset/processed/Kvasir-SEG/masks/cjyztzaqtrv430848l8xgcerw.png,720,576,0.196096,True,1
cjyzu3reghjya0794w7pwoi50.jpg,cjyzu3reghjya0794w7pwoi50,train,/Users/brian/Desktop/VCL318/Swin-ViT/ViTUnet vs SwinUnet/Dataset/processed/Kvasir-SEG/images/cjyzu3reghjya0794w7pwoi50.jpg,/Users/brian/Desktop/VCL318/Swin-ViT/ViTUnet vs SwinUnet/Dataset/processed/Kvasir-SEG/masks/cjyzu3reghjya0794w7pwoi50.png,720,576,0.120737,True,1
cjyzu9th0qt4r0a46pyl4zik0.jpg,cjyzu9th0qt4r0a46pyl4zik0,train,/Users/brian/Desktop/VCL318/Swin-ViT/ViTUnet vs SwinUnet/Dataset/processed/Kvasir-SEG/images/cjyzu9th0qt4r0a46pyl4zik0.jpg,/Users/brian/Desktop/VCL318/Swin-ViT/ViTUnet vs SwinUnet/Dataset/processed/Kvasir-SEG/masks/cjyzu9th0qt4r0a46pyl4zik0.png,720,576,0.065992,True,1
cjyzufihqquiw0a46jatrbwln.jpg,cjyzufihqquiw0a46jatrbwln,train,/Users/brian/Desktop/VCL318/Swin-ViT/ViTUnet vs SwinUnet/Dataset/processed/Kvasir-SEG/images/cjyzufihqquiw0a46jatrbwln.jpg,/Users/brian/Desktop/VCL318/Swin-ViT/ViTUnet vs SwinUnet/Dataset/processed/Kvasir-SEG/masks/cjyzufihqquiw0a46jatrbwln.png,720,576,0.396969,True,1
cjyzuio1qgh040763k56deohv.jpg,cjyzuio1qgh040763k56deohv,train,/Users/brian/Desktop/VCL318/Swin-ViT/ViTUnet vs SwinUnet/Dataset/processed/Kvasir-SEG/images/cjyzuio1qgh040763k56deohv.jpg,/Users/brian/Desktop/VCL318/Swin-ViT/ViTUnet vs SwinUnet/Dataset/processed/Kvasir-SEG/masks/cjyzuio1qgh040763k56deohv.png,720,576,0.012498,True,1
cjyzul1qggwwj07216mhiv5sy.jpg,cjyzul1qggwwj07216mhiv5sy,train,/Users/brian/Desktop/VCL318/Swin-ViT/ViTUnet vs SwinUnet/Dataset/processed/Kvasir-SEG/images/cjyzul1qggwwj07216mhiv5sy.jpg,/Users/brian/Desktop/VCL318/Swin-ViT/ViTUnet vs SwinUnet/Dataset/processed/Kvasir-SEG/masks/cjyzul1qggwwj07216mhiv5sy.png,1920,1072,0.045657,True,1
cjyzurzvohqnr0794es1itzek.jpg,cjyzurzvohqnr0794es1itzek,train,/Users/brian/Desktop/VCL318/Swin-ViT/ViTUnet vs SwinUnet/Dataset/processed/Kvasir-SEG/images/cjyzurzvohqnr0794es1itzek.jpg,/Users/brian/Desktop/VCL318/Swin-ViT/ViTUnet vs SwinUnet/Dataset/processed/Kvasir-SEG/masks/cjyzurzvohqnr0794es1itzek.png,720,576,0.147362,True,1
cjz14qsk2wci60794un9ozwmw.jpg,cjz14qsk2wci60794un9ozwmw,train,/Users/brian/Desktop/VCL318/Swin-ViT/ViTUnet vs SwinUnet/Dataset/processed/Kvasir-SEG/images/cjz14qsk2wci60794un9ozwmw.jpg,/Users/brian/Desktop/VCL318/Swin-ViT/ViTUnet vs SwinUnet/Dataset/processed/Kvasir-SEG/masks/cjz14qsk2wci60794un9ozwmw.png,720,576,0.109399,True,1
ck2395w2mb4vu07480otsu6tw.jpg,ck2395w2mb4vu07480otsu6tw,train,/Users/brian/Desktop/VCL318/Swin-ViT/ViTUnet vs SwinUnet/Dataset/processed/Kvasir-SEG/images/ck2395w2mb4vu07480otsu6tw.jpg,/Users/brian/Desktop/VCL318/Swin-ViT/ViTUnet vs SwinUnet/Dataset/processed/Kvasir-SEG/masks/ck2395w2mb4vu07480otsu6tw.png,720,576,0.124332,True,1
ck2bxknhjvs1x0794iogrq49k.jpg,ck2bxknhjvs1x0794iogrq49k,train,/Users/brian/Desktop/VCL318/Swin-ViT/ViTUnet vs SwinUnet/Dataset/processed/Kvasir-SEG/images/ck2bxknhjvs1x0794iogrq49k.jpg,/Users/brian/Desktop/VCL318/Swin-ViT/ViTUnet vs SwinUnet/Dataset/processed/Kvasir-SEG/masks/ck2bxknhjvs1x0794iogrq49k.png,603,528,0.119802,True,2
ck2bxlujamu330725szlc2jdu.jpg,ck2bxlujamu330725szlc2jdu,train,/Users/brian/Desktop/VCL318/Swin-ViT/ViTUnet vs SwinUnet/Dataset/processed/Kvasir-SEG/images/ck2bxlujamu330725szlc2jdu.jpg,/Users/brian/Desktop/VCL318/Swin-ViT/ViTUnet vs SwinUnet/Dataset/processed/Kvasir-SEG/masks/ck2bxlujamu330725szlc2jdu.png,720,576,0.037994,True,1
ck2bxpfgxu2mk0748gsh7xelu.jpg,ck2bxpfgxu2mk0748gsh7xelu,train,/Users/brian/Desktop/VCL318/Swin-ViT/ViTUnet vs SwinUnet/Dataset/processed/Kvasir-SEG/images/ck2bxpfgxu2mk0748gsh7xelu.jpg,/Users/brian/Desktop/VCL318/Swin-ViT/ViTUnet vs SwinUnet/Dataset/processed/Kvasir-SEG/masks/ck2bxpfgxu2mk0748gsh7xelu.png,621,531,0.066699,True,1
ck2bxqz3evvg20794iiyv5v2m.jpg,ck2bxqz3evvg20794iiyv5v2m,train,/Users/brian/Desktop/VCL318/Swin-ViT/ViTUnet vs SwinUnet/Dataset/processed/Kvasir-SEG/images/ck2bxqz3evvg20794iiyv5v2m.jpg,/Users/brian/Desktop/VCL318/Swin-ViT/ViTUnet vs SwinUnet/Dataset/processed/Kvasir-SEG/masks/ck2bxqz3evvg20794iiyv5v2m.png,720,576,0.087249,True,1
ck2bxskgxxzfv08386xkqtqdy.jpg,ck2bxskgxxzfv08386xkqtqdy,train,/Users/brian/Desktop/VCL318/Swin-ViT/ViTUnet vs SwinUnet/Dataset/processed/Kvasir-SEG/images/ck2bxskgxxzfv08386xkqtqdy.jpg,/Users/brian/Desktop/VCL318/Swin-ViT/ViTUnet vs SwinUnet/Dataset/processed/Kvasir-SEG/masks/ck2bxskgxxzfv08386xkqtqdy.png,585,530,0.07093,True,2
ck2bxw18mmz1k0725litqq2mc.jpg,ck2bxw18mmz1k0725litqq2mc,train,/Users/brian/Desktop/VCL318/Swin-ViT/ViTUnet vs SwinUnet/Dataset/processed/Kvasir-SEG/images/ck2bxw18mmz1k0725litqq2mc.jpg,/Users/brian/Desktop/VCL318/Swin-ViT/ViTUnet vs SwinUnet/Dataset/processed/Kvasir-SEG/masks/ck2bxw18mmz1k0725litqq2mc.png,600,528,0.305694,True,1
ck2da7fwcjfis07218r1rvm95.jpg,ck2da7fwcjfis07218r1rvm95,train,/Users/brian/Desktop/VCL318/Swin-ViT/ViTUnet vs SwinUnet/Dataset/processed/Kvasir-SEG/images/ck2da7fwcjfis07218r1rvm95.jpg,/Users/brian/Desktop/VCL318/Swin-ViT/ViTUnet vs SwinUnet/Dataset/processed/Kvasir-SEG/masks/ck2da7fwcjfis07218r1rvm95.png,720,576,0.037389,True,1
cju0s2a9ekvms080138tjjpxr.jpg,cju0s2a9ekvms080138tjjpxr,val,/Users/brian/Desktop/VCL318/Swin-ViT/ViTUnet vs SwinUnet/Dataset/processed/Kvasir-SEG/images/cju0s2a9ekvms080138tjjpxr.jpg,/Users/brian/Desktop/VCL318/Swin-ViT/ViTUnet vs SwinUnet/Dataset/processed/Kvasir-SEG/masks/cju0s2a9ekvms080138tjjpxr.png,626,547,0.207122,True,1
cju16jgnyzp970878melv7r25.jpg,cju16jgnyzp970878melv7r25,val,/Users/brian/Desktop/VCL318/Swin-ViT/ViTUnet vs SwinUnet/Dataset/processed/Kvasir-SEG/images/cju16jgnyzp970878melv7r25.jpg,/Users/brian/Desktop/VCL318/Swin-ViT/ViTUnet vs SwinUnet/Dataset/processed/Kvasir-SEG/masks/cju16jgnyzp970878melv7r25.png,560,529,0.116446,True,1
cju17otoe119u0799nqcbl8n1.jpg,cju17otoe119u0799nqcbl8n1,val,/Users/brian/Desktop/VCL318/Swin-ViT/ViTUnet vs SwinUnet/Dataset/processed/Kvasir-SEG/images/cju17otoe119u0799nqcbl8n1.jpg,/Users/brian/Desktop/VCL318/Swin-ViT/ViTUnet vs SwinUnet/Dataset/processed/Kvasir-SEG/masks/cju17otoe119u0799nqcbl8n1.png,519,511,0.61688,True,1
cju1amqw6p8pw0993d9gc5crl.jpg,cju1amqw6p8pw0993d9gc5crl,val,/Users/brian/Desktop/VCL318/Swin-ViT/ViTUnet vs SwinUnet/Dataset/processed/Kvasir-SEG/images/cju1amqw6p8pw0993d9gc5crl.jpg,/Users/brian/Desktop/VCL318/Swin-ViT/ViTUnet vs SwinUnet/Dataset/processed/Kvasir-SEG/masks/cju1amqw6p8pw0993d9gc5crl.png,622,547,0.024477,True,1
cju1c8ffau5770835g0g343o8.jpg,cju1c8ffau5770835g0g343o8,val,/Users/brian/Desktop/VCL318/Swin-ViT/ViTUnet vs SwinUnet/Dataset/processed/Kvasir-SEG/images/cju1c8ffau5770835g0g343o8.jpg,/Users/brian/Desktop/VCL318/Swin-ViT/ViTUnet vs SwinUnet/Dataset/processed/Kvasir-SEG/masks/cju1c8ffau5770835g0g343o8.png,622,529,0.035616,True,1
cju1dg44i4z3w0801nyz4p6zf.jpg,cju1dg44i4z3w0801nyz4p6zf,val,/Users/brian/Desktop/VCL318/Swin-ViT/ViTUnet vs SwinUnet/Dataset/processed/Kvasir-SEG/images/cju1dg44i4z3w0801nyz4p6zf.jpg,/Users/brian/Desktop/VCL318/Swin-ViT/ViTUnet vs SwinUnet/Dataset/processed/Kvasir-SEG/masks/cju1dg44i4z3w0801nyz4p6zf.png,623,528,0.00884,True,1
cju1drnhbrb9409935wi7vkhg.jpg,cju1drnhbrb9409935wi7vkhg,val,/Users/brian/Desktop/VCL318/Swin-ViT/ViTUnet vs SwinUnet/Dataset/processed/Kvasir-SEG/images/cju1drnhbrb9409935wi7vkhg.jpg,/Users/brian/Desktop/VCL318/Swin-ViT/ViTUnet vs SwinUnet/Dataset/processed/Kvasir-SEG/masks/cju1drnhbrb9409935wi7vkhg.png,619,529,0.365288,True,1
cju1euant5l960878iqj5vvto.jpg,cju1euant5l960878iqj5vvto,val,/Users/brian/Desktop/VCL318/Swin-ViT/ViTUnet vs SwinUnet/Dataset/processed/Kvasir-SEG/images/cju1euant5l960878iqj5vvto.jpg,/Users/brian/Desktop/VCL318/Swin-ViT/ViTUnet vs SwinUnet/Dataset/processed/Kvasir-SEG/masks/cju1euant5l960878iqj5vvto.png,622,531,0.058044,True,1
cju1fjsb4sipq09931lvd8e41.jpg,cju1fjsb4sipq09931lvd8e41,val,/Users/brian/Desktop/VCL318/Swin-ViT/ViTUnet vs SwinUnet/Dataset/processed/Kvasir-SEG/images/cju1fjsb4sipq09931lvd8e41.jpg,/Users/brian/Desktop/VCL318/Swin-ViT/ViTUnet vs SwinUnet/Dataset/processed/Kvasir-SEG/masks/cju1fjsb4sipq09931lvd8e41.png,622,530,0.069532,True,1
cju1fm3id6gl50801r3fok20c.jpg,cju1fm3id6gl50801r3fok20c,val,/Users/brian/Desktop/VCL318/Swin-ViT/ViTUnet vs SwinUnet/Dataset/processed/Kvasir-SEG/images/cju1fm3id6gl50801r3fok20c.jpg,/Users/brian/Desktop/VCL318/Swin-ViT/ViTUnet vs SwinUnet/Dataset/processed/Kvasir-SEG/masks/cju1fm3id6gl50801r3fok20c.png,622,531,0.026493,True,1
cju1fyb1d69et0878muzdak9u.jpg,cju1fyb1d69et0878muzdak9u,val,/Users/brian/Desktop/VCL318/Swin-ViT/ViTUnet vs SwinUnet/Dataset/processed/Kvasir-SEG/images/cju1fyb1d69et0878muzdak9u.jpg,/Users/brian/Desktop/VCL318/Swin-ViT/ViTUnet vs SwinUnet/Dataset/processed/Kvasir-SEG/masks/cju1fyb1d69et0878muzdak9u.png,622,528,0.098838,True,1
cju1gghyjwxt80835vx0wgxw0.jpg,cju1gghyjwxt80835vx0wgxw0,val,/Users/brian/Desktop/VCL318/Swin-ViT/ViTUnet vs SwinUnet/Dataset/processed/Kvasir-SEG/images/cju1gghyjwxt80835vx0wgxw0.jpg,/Users/brian/Desktop/VCL318/Swin-ViT/ViTUnet vs SwinUnet/Dataset/processed/Kvasir-SEG/masks/cju1gghyjwxt80835vx0wgxw0.png,621,529,0.209681,True,1
cju1hirfi7ekp0855q0vgm9qq.jpg,cju1hirfi7ekp0855q0vgm9qq,val,/Users/brian/Desktop/VCL318/Swin-ViT/ViTUnet vs SwinUnet/Dataset/processed/Kvasir-SEG/images/cju1hirfi7ekp0855q0vgm9qq.jpg,/Users/brian/Desktop/VCL318/Swin-ViT/ViTUnet vs SwinUnet/Dataset/processed/Kvasir-SEG/masks/cju1hirfi7ekp0855q0vgm9qq.png,605,529,0.046697,True,1
cju1hmff8tkp809931jps6fbr.jpg,cju1hmff8tkp809931jps6fbr,val,/Users/brian/Desktop/VCL318/Swin-ViT/ViTUnet vs SwinUnet/Dataset/processed/Kvasir-SEG/images/cju1hmff8tkp809931jps6fbr.jpg,/Users/brian/Desktop/VCL318/Swin-ViT/ViTUnet vs SwinUnet/Dataset/processed/Kvasir-SEG/masks/cju1hmff8tkp809931jps6fbr.png,587,530,0.390634,True,1
cju2oq5570avm079959o20op1.jpg,cju2oq5570avm079959o20op1,val,/Users/brian/Desktop/VCL318/Swin-ViT/ViTUnet vs SwinUnet/Dataset/processed/Kvasir-SEG/images/cju2oq5570avm079959o20op1.jpg,/Users/brian/Desktop/VCL318/Swin-ViT/ViTUnet vs SwinUnet/Dataset/processed/Kvasir-SEG/masks/cju2oq5570avm079959o20op1.png,626,547,0.198533,True,1
cju2qqn5ys4uo0988ewrt2ip2.jpg,cju2qqn5ys4uo0988ewrt2ip2,val,/Users/brian/Desktop/VCL318/Swin-ViT/ViTUnet vs SwinUnet/Dataset/processed/Kvasir-SEG/images/cju2qqn5ys4uo0988ewrt2ip2.jpg,/Users/brian/Desktop/VCL318/Swin-ViT/ViTUnet vs SwinUnet/Dataset/processed/Kvasir-SEG/masks/cju2qqn5ys4uo0988ewrt2ip2.png,626,546,0.51366,True,1
cju2qs32r1vys07999conmbvx.jpg,cju2qs32r1vys07999conmbvx,val,/Users/brian/Desktop/VCL318/Swin-ViT/ViTUnet vs SwinUnet/Dataset/processed/Kvasir-SEG/images/cju2qs32r1vys07999conmbvx.jpg,/Users/brian/Desktop/VCL318/Swin-ViT/ViTUnet vs SwinUnet/Dataset/processed/Kvasir-SEG/masks/cju2qs32r1vys07999conmbvx.png,622,528,0.016363,True,1
cju2qtee81yd708787bsjr75d.jpg,cju2qtee81yd708787bsjr75d,val,/Users/brian/Desktop/VCL318/Swin-ViT/ViTUnet vs SwinUnet/Dataset/processed/Kvasir-SEG/images/cju2qtee81yd708787bsjr75d.jpg,/Users/brian/Desktop/VCL318/Swin-ViT/ViTUnet vs SwinUnet/Dataset/processed/Kvasir-SEG/masks/cju2qtee81yd708787bsjr75d.png,511,530,0.111107,True,1
cju2qu37qobl50993aw7ghcfq.jpg,cju2qu37qobl50993aw7ghcfq,val,/Users/brian/Desktop/VCL318/Swin-ViT/ViTUnet vs SwinUnet/Dataset/processed/Kvasir-SEG/images/cju2qu37qobl50993aw7ghcfq.jpg,/Users/brian/Desktop/VCL318/Swin-ViT/ViTUnet vs SwinUnet/Dataset/processed/Kvasir-SEG/masks/cju2qu37qobl50993aw7ghcfq.png,543,528,0.045821,True,1
cju2sszfq3uye0878sucelzk2.jpg,cju2sszfq3uye0878sucelzk2,val,/Users/brian/Desktop/VCL318/Swin-ViT/ViTUnet vs SwinUnet/Dataset/processed/Kvasir-SEG/images/cju2sszfq3uye0878sucelzk2.jpg,/Users/brian/Desktop/VCL318/Swin-ViT/ViTUnet vs SwinUnet/Dataset/processed/Kvasir-SEG/masks/cju2sszfq3uye0878sucelzk2.png,622,531,0.616833,True,1
cju2t3ibkuecr0835o7si16zv.jpg,cju2t3ibkuecr0835o7si16zv,val,/Users/brian/Desktop/VCL318/Swin-ViT/ViTUnet vs SwinUnet/Dataset/processed/Kvasir-SEG/images/cju2t3ibkuecr0835o7si16zv.jpg,/Users/brian/Desktop/VCL318/Swin-ViT/ViTUnet vs SwinUnet/Dataset/processed/Kvasir-SEG/masks/cju2t3ibkuecr0835o7si16zv.png,613,530,0.038198,True,1
cju2y0z6g87p10878fpk5d3rq.jpg,cju2y0z6g87p10878fpk5d3rq,val,/Users/brian/Desktop/VCL318/Swin-ViT/ViTUnet vs SwinUnet/Dataset/processed/Kvasir-SEG/images/cju2y0z6g87p10878fpk5d3rq.jpg,/Users/brian/Desktop/VCL318/Swin-ViT/ViTUnet vs SwinUnet/Dataset/processed/Kvasir-SEG/masks/cju2y0z6g87p10878fpk5d3rq.png,554,530,0.233955,True,1
cju2y26c588bo07993ksd8eoz.jpg,cju2y26c588bo07993ksd8eoz,val,/Users/brian/Desktop/VCL318/Swin-ViT/ViTUnet vs SwinUnet/Dataset/processed/Kvasir-SEG/images/cju2y26c588bo07993ksd8eoz.jpg,/Users/brian/Desktop/VCL318/Swin-ViT/ViTUnet vs SwinUnet/Dataset/processed/Kvasir-SEG/masks/cju2y26c588bo07993ksd8eoz.png,621,530,0.073536,True,1
cju2ysg748ru80878sp6j0gm0.jpg,cju2ysg748ru80878sp6j0gm0,val,/Users/brian/Desktop/VCL318/Swin-ViT/ViTUnet vs SwinUnet/Dataset/processed/Kvasir-SEG/images/cju2ysg748ru80878sp6j0gm0.jpg,/Users/brian/Desktop/VCL318/Swin-ViT/ViTUnet vs SwinUnet/Dataset/processed/Kvasir-SEG/masks/cju2ysg748ru80878sp6j0gm0.png,572,547,0.304918,True,1
cju2yw4s7z7p20988lmf2gdgd.jpg,cju2yw4s7z7p20988lmf2gdgd,val,/Users/brian/Desktop/VCL318/Swin-ViT/ViTUnet vs SwinUnet/Dataset/processed/Kvasir-SEG/images/cju2yw4s7z7p20988lmf2gdgd.jpg,/Users/brian/Desktop/VCL318/Swin-ViT/ViTUnet vs SwinUnet/Dataset/processed/Kvasir-SEG/masks/cju2yw4s7z7p20988lmf2gdgd.png,571,530,0.077068,True,1
cju2zy1e49pqk0878t6ncqn12.jpg,cju2zy1e49pqk0878t6ncqn12,val,/Users/brian/Desktop/VCL318/Swin-ViT/ViTUnet vs SwinUnet/Dataset/processed/Kvasir-SEG/images/cju2zy1e49pqk0878t6ncqn12.jpg,/Users/brian/Desktop/VCL318/Swin-ViT/ViTUnet vs SwinUnet/Dataset/processed/Kvasir-SEG/masks/cju2zy1e49pqk0878t6ncqn12.png,622,529,0.032483,True,1
cju30gxjq0djk0988jytm49rs.jpg,cju30gxjq0djk0988jytm49rs,val,/Users/brian/Desktop/VCL318/Swin-ViT/ViTUnet vs SwinUnet/Dataset/processed/Kvasir-SEG/images/cju30gxjq0djk0988jytm49rs.jpg,/Users/brian/Desktop/VCL318/Swin-ViT/ViTUnet vs SwinUnet/Dataset/processed/Kvasir-SEG/masks/cju30gxjq0djk0988jytm49rs.png,622,530,0.080277,True,1
cju310f6val1v0855xo8tc3gu.jpg,cju310f6val1v0855xo8tc3gu,val,/Users/brian/Desktop/VCL318/Swin-ViT/ViTUnet vs SwinUnet/Dataset/processed/Kvasir-SEG/images/cju310f6val1v0855xo8tc3gu.jpg,/Users/brian/Desktop/VCL318/Swin-ViT/ViTUnet vs SwinUnet/Dataset/processed/Kvasir-SEG/masks/cju310f6val1v0855xo8tc3gu.png,622,531,0.576435,True,1
cju31y80qbawn0801twwm2l5s.jpg,cju31y80qbawn0801twwm2l5s,val,/Users/brian/Desktop/VCL318/Swin-ViT/ViTUnet vs SwinUnet/Dataset/processed/Kvasir-SEG/images/cju31y80qbawn0801twwm2l5s.jpg,/Users/brian/Desktop/VCL318/Swin-ViT/ViTUnet vs SwinUnet/Dataset/processed/Kvasir-SEG/masks/cju31y80qbawn0801twwm2l5s.png,569,495,0.189668,True,1
cju324q101fhe08350wae9cif.jpg,cju324q101fhe08350wae9cif,val,/Users/brian/Desktop/VCL318/Swin-ViT/ViTUnet vs SwinUnet/Dataset/processed/Kvasir-SEG/images/cju324q101fhe08350wae9cif.jpg,/Users/brian/Desktop/VCL318/Swin-ViT/ViTUnet vs SwinUnet/Dataset/processed/Kvasir-SEG/masks/cju324q101fhe08350wae9cif.png,618,530,0.098238,True,1
cju32jcdabepz0878d0cznmfe.jpg,cju32jcdabepz0878d0cznmfe,val,/Users/brian/Desktop/VCL318/Swin-ViT/ViTUnet vs SwinUnet/Dataset/processed/Kvasir-SEG/images/cju32jcdabepz0878d0cznmfe.jpg,/Users/brian/Desktop/VCL318/Swin-ViT/ViTUnet vs SwinUnet/Dataset/processed/Kvasir-SEG/masks/cju32jcdabepz0878d0cznmfe.png,622,530,0.141236,True,1
cju32pzh9bpw10855q4vaxfhe.jpg,cju32pzh9bpw10855q4vaxfhe,val,/Users/brian/Desktop/VCL318/Swin-ViT/ViTUnet vs SwinUnet/Dataset/processed/Kvasir-SEG/images/cju32pzh9bpw10855q4vaxfhe.jpg,/Users/brian/Desktop/VCL318/Swin-ViT/ViTUnet vs SwinUnet/Dataset/processed/Kvasir-SEG/masks/cju32pzh9bpw10855q4vaxfhe.png,621,546,0.055004,True,1
cju330ofbc2l30801th5g3hw6.jpg,cju330ofbc2l30801th5g3hw6,val,/Users/brian/Desktop/VCL318/Swin-ViT/ViTUnet vs SwinUnet/Dataset/processed/Kvasir-SEG/images/cju330ofbc2l30801th5g3hw6.jpg,/Users/brian/Desktop/VCL318/Swin-ViT/ViTUnet vs SwinUnet/Dataset/processed/Kvasir-SEG/masks/cju330ofbc2l30801th5g3hw6.png,495,529,0.039782,True,1
cju334jzo261t0835yqudnfs1.jpg,cju334jzo261t0835yqudnfs1,val,/Users/brian/Desktop/VCL318/Swin-ViT/ViTUnet vs SwinUnet/Dataset/processed/Kvasir-SEG/images/cju334jzo261t0835yqudnfs1.jpg,/Users/brian/Desktop/VCL318/Swin-ViT/ViTUnet vs SwinUnet/Dataset/processed/Kvasir-SEG/masks/cju334jzo261t0835yqudnfs1.png,623,528,0.200131,True,1
cju33x0f22peh0988g0ln7w5v.jpg,cju33x0f22peh0988g0ln7w5v,val,/Users/brian/Desktop/VCL318/Swin-ViT/ViTUnet vs SwinUnet/Dataset/processed/Kvasir-SEG/images/cju33x0f22peh0988g0ln7w5v.jpg,/Users/brian/Desktop/VCL318/Swin-ViT/ViTUnet vs SwinUnet/Dataset/processed/Kvasir-SEG/masks/cju33x0f22peh0988g0ln7w5v.png,597,528,0.026744,True,1
cju34ds2531520988qjpqt6e3.jpg,cju34ds2531520988qjpqt6e3,val,/Users/brian/Desktop/VCL318/Swin-ViT/ViTUnet vs SwinUnet/Dataset/processed/Kvasir-SEG/images/cju34ds2531520988qjpqt6e3.jpg,/Users/brian/Desktop/VCL318/Swin-ViT/ViTUnet vs SwinUnet/Dataset/processed/Kvasir-SEG/masks/cju34ds2531520988qjpqt6e3.png,617,531,0.18207,True,1
cju34o6dbd2lo0855aqlcy1hs.jpg,cju34o6dbd2lo0855aqlcy1hs,val,/Users/brian/Desktop/VCL318/Swin-ViT/ViTUnet vs SwinUnet/Dataset/processed/Kvasir-SEG/images/cju34o6dbd2lo0855aqlcy1hs.jpg,/Users/brian/Desktop/VCL318/Swin-ViT/ViTUnet vs SwinUnet/Dataset/processed/Kvasir-SEG/masks/cju34o6dbd2lo0855aqlcy1hs.png,623,476,0.046465,True,1
cju34ouumcznz07996gg1xq7v.jpg,cju34ouumcznz07996gg1xq7v,val,/Users/brian/Desktop/VCL318/Swin-ViT/ViTUnet vs SwinUnet/Dataset/processed/Kvasir-SEG/images/cju34ouumcznz07996gg1xq7v.jpg,/Users/brian/Desktop/VCL318/Swin-ViT/ViTUnet vs SwinUnet/Dataset/processed/Kvasir-SEG/masks/cju34ouumcznz07996gg1xq7v.png,626,547,0.175915,True,1
cju34ymm8d6700799uop0cw33.jpg,cju34ymm8d6700799uop0cw33,val,/Users/brian/Desktop/VCL318/Swin-ViT/ViTUnet vs SwinUnet/Dataset/processed/Kvasir-SEG/images/cju34ymm8d6700799uop0cw33.jpg,/Users/brian/Desktop/VCL318/Swin-ViT/ViTUnet vs SwinUnet/Dataset/processed/Kvasir-SEG/masks/cju34ymm8d6700799uop0cw33.png,621,531,0.048261,True,1
cju35atpxdjot0855q46aqrd0.jpg,cju35atpxdjot0855q46aqrd0,val,/Users/brian/Desktop/VCL318/Swin-ViT/ViTUnet vs SwinUnet/Dataset/processed/Kvasir-SEG/images/cju35atpxdjot0855q46aqrd0.jpg,/Users/brian/Desktop/VCL318/Swin-ViT/ViTUnet vs SwinUnet/Dataset/processed/Kvasir-SEG/masks/cju35atpxdjot0855q46aqrd0.png,626,546,0.079246,True,1
cju35c4wzdhow0799h6eq4sgs.jpg,cju35c4wzdhow0799h6eq4sgs,val,/Users/brian/Desktop/VCL318/Swin-ViT/ViTUnet vs SwinUnet/Dataset/processed/Kvasir-SEG/images/cju35c4wzdhow0799h6eq4sgs.jpg,/Users/brian/Desktop/VCL318/Swin-ViT/ViTUnet vs SwinUnet/Dataset/processed/Kvasir-SEG/masks/cju35c4wzdhow0799h6eq4sgs.png,599,531,0.122118,True,1
cju35eg0tdmjt085525sb4bua.jpg,cju35eg0tdmjt085525sb4bua,val,/Users/brian/Desktop/VCL318/Swin-ViT/ViTUnet vs SwinUnet/Dataset/processed/Kvasir-SEG/images/cju35eg0tdmjt085525sb4bua.jpg,/Users/brian/Desktop/VCL318/Swin-ViT/ViTUnet vs SwinUnet/Dataset/processed/Kvasir-SEG/masks/cju35eg0tdmjt085525sb4bua.png,599,528,0.076984,True,1
cju35k2fr3vc50988c85qkrwg.jpg,cju35k2fr3vc50988c85qkrwg,val,/Users/brian/Desktop/VCL318/Swin-ViT/ViTUnet vs SwinUnet/Dataset/processed/Kvasir-SEG/images/cju35k2fr3vc50988c85qkrwg.jpg,/Users/brian/Desktop/VCL318/Swin-ViT/ViTUnet vs SwinUnet/Dataset/processed/Kvasir-SEG/masks/cju35k2fr3vc50988c85qkrwg.png,570,530,0.065223,True,2
cju3tvffffx5f0818t5ov22al.jpg,cju3tvffffx5f0818t5ov22al,val,/Users/brian/Desktop/VCL318/Swin-ViT/ViTUnet vs SwinUnet/Dataset/processed/Kvasir-SEG/images/cju3tvffffx5f0818t5ov22al.jpg,/Users/brian/Desktop/VCL318/Swin-ViT/ViTUnet vs SwinUnet/Dataset/processed/Kvasir-SEG/masks/cju3tvffffx5f0818t5ov22al.png,622,530,0.227729,True,1
cju3tx1qyg0c907552fglumhc.jpg,cju3tx1qyg0c907552fglumhc,val,/Users/brian/Desktop/VCL318/Swin-ViT/ViTUnet vs SwinUnet/Dataset/processed/Kvasir-SEG/images/cju3tx1qyg0c907552fglumhc.jpg,/Users/brian/Desktop/VCL318/Swin-ViT/ViTUnet vs SwinUnet/Dataset/processed/Kvasir-SEG/masks/cju3tx1qyg0c907552fglumhc.png,622,529,0.078438,True,1
cju3uhb79gcgr0871orbrbi3x.jpg,cju3uhb79gcgr0871orbrbi3x,val,/Users/brian/Desktop/VCL318/Swin-ViT/ViTUnet vs SwinUnet/Dataset/processed/Kvasir-SEG/images/cju3uhb79gcgr0871orbrbi3x.jpg,/Users/brian/Desktop/VCL318/Swin-ViT/ViTUnet vs SwinUnet/Dataset/processed/Kvasir-SEG/masks/cju3uhb79gcgr0871orbrbi3x.png,622,531,0.046042,True,10
cju3x4blzieu30850x10uuvbm.jpg,cju3x4blzieu30850x10uuvbm,val,/Users/brian/Desktop/VCL318/Swin-ViT/ViTUnet vs SwinUnet/Dataset/processed/Kvasir-SEG/images/cju3x4blzieu30850x10uuvbm.jpg,/Users/brian/Desktop/VCL318/Swin-ViT/ViTUnet vs SwinUnet/Dataset/processed/Kvasir-SEG/masks/cju3x4blzieu30850x10uuvbm.png,1210,1011,0.070664,True,2
cju40jl7skiuo0817p0smlgg8.jpg,cju40jl7skiuo0817p0smlgg8,val,/Users/brian/Desktop/VCL318/Swin-ViT/ViTUnet vs SwinUnet/Dataset/processed/Kvasir-SEG/images/cju40jl7skiuo0817p0smlgg8.jpg,/Users/brian/Desktop/VCL318/Swin-ViT/ViTUnet vs SwinUnet/Dataset/processed/Kvasir-SEG/masks/cju40jl7skiuo0817p0smlgg8.png,601,506,0.316686,True,1
cju40poe4kt9s0755f9cnm3h5.jpg,cju40poe4kt9s0755f9cnm3h5,val,/Users/brian/Desktop/VCL318/Swin-ViT/ViTUnet vs SwinUnet/Dataset/processed/Kvasir-SEG/images/cju40poe4kt9s0755f9cnm3h5.jpg,/Users/brian/Desktop/VCL318/Swin-ViT/ViTUnet vs SwinUnet/Dataset/processed/Kvasir-SEG/masks/cju40poe4kt9s0755f9cnm3h5.png,1348,1070,0.277985,True,1
cju412uwlkva50850d1ps1ww7.jpg,cju412uwlkva50850d1ps1ww7,val,/Users/brian/Desktop/VCL318/Swin-ViT/ViTUnet vs SwinUnet/Dataset/processed/Kvasir-SEG/images/cju412uwlkva50850d1ps1ww7.jpg,/Users/brian/Desktop/VCL318/Swin-ViT/ViTUnet vs SwinUnet/Dataset/processed/Kvasir-SEG/masks/cju412uwlkva50850d1ps1ww7.png,616,547,0.406497,True,1
cju418rckl3ur08012psrx1r1.jpg,cju418rckl3ur08012psrx1r1,val,/Users/brian/Desktop/VCL318/Swin-ViT/ViTUnet vs SwinUnet/Dataset/processed/Kvasir-SEG/images/cju418rckl3ur08012psrx1r1.jpg,/Users/brian/Desktop/VCL318/Swin-ViT/ViTUnet vs SwinUnet/Dataset/processed/Kvasir-SEG/masks/cju418rckl3ur08012psrx1r1.png,622,530,0.135919,True,1
cju41kd7yl4nm0850gil5qqwh.jpg,cju41kd7yl4nm0850gil5qqwh,val,/Users/brian/Desktop/VCL318/Swin-ViT/ViTUnet vs SwinUnet/Dataset/processed/Kvasir-SEG/images/cju41kd7yl4nm0850gil5qqwh.jpg,/Users/brian/Desktop/VCL318/Swin-ViT/ViTUnet vs SwinUnet/Dataset/processed/Kvasir-SEG/masks/cju41kd7yl4nm0850gil5qqwh.png,535,531,0.075763,True,1
cju430pm2lz0y0755jkhcc3d1.jpg,cju430pm2lz0y0755jkhcc3d1,val,/Users/brian/Desktop/VCL318/Swin-ViT/ViTUnet vs SwinUnet/Dataset/processed/Kvasir-SEG/images/cju430pm2lz0y0755jkhcc3d1.jpg,/Users/brian/Desktop/VCL318/Swin-ViT/ViTUnet vs SwinUnet/Dataset/processed/Kvasir-SEG/masks/cju430pm2lz0y0755jkhcc3d1.png,626,547,0.22517,True,2
cju43h43am1dy08176gwfhmnt.jpg,cju43h43am1dy08176gwfhmnt,val,/Users/brian/Desktop/VCL318/Swin-ViT/ViTUnet vs SwinUnet/Dataset/processed/Kvasir-SEG/images/cju43h43am1dy08176gwfhmnt.jpg,/Users/brian/Desktop/VCL318/Swin-ViT/ViTUnet vs SwinUnet/Dataset/processed/Kvasir-SEG/masks/cju43h43am1dy08176gwfhmnt.png,594,530,0.027844,True,1
cju43jcqim2cp08172dvjvyui.jpg,cju43jcqim2cp08172dvjvyui,val,/Users/brian/Desktop/VCL318/Swin-ViT/ViTUnet vs SwinUnet/Dataset/processed/Kvasir-SEG/images/cju43jcqim2cp08172dvjvyui.jpg,/Users/brian/Desktop/VCL318/Swin-ViT/ViTUnet vs SwinUnet/Dataset/processed/Kvasir-SEG/masks/cju43jcqim2cp08172dvjvyui.png,626,547,0.030092,True,1
cju43kj2pm34f0850l28ahpni.jpg,cju43kj2pm34f0850l28ahpni,val,/Users/brian/Desktop/VCL318/Swin-ViT/ViTUnet vs SwinUnet/Dataset/processed/Kvasir-SEG/images/cju43kj2pm34f0850l28ahpni.jpg,/Users/brian/Desktop/VCL318/Swin-ViT/ViTUnet vs SwinUnet/Dataset/processed/Kvasir-SEG/masks/cju43kj2pm34f0850l28ahpni.png,622,528,0.012155,True,1
cju5bbtwsa8cl0987wgfsqpao.jpg,cju5bbtwsa8cl0987wgfsqpao,val,/Users/brian/Desktop/VCL318/Swin-ViT/ViTUnet vs SwinUnet/Dataset/processed/Kvasir-SEG/images/cju5bbtwsa8cl0987wgfsqpao.jpg,/Users/brian/Desktop/VCL318/Swin-ViT/ViTUnet vs SwinUnet/Dataset/processed/Kvasir-SEG/masks/cju5bbtwsa8cl0987wgfsqpao.png,595,531,0.100761,True,1
cju5bmhdcafs909878qfzrqzi.jpg,cju5bmhdcafs909878qfzrqzi,val,/Users/brian/Desktop/VCL318/Swin-ViT/ViTUnet vs SwinUnet/Dataset/processed/Kvasir-SEG/images/cju5bmhdcafs909878qfzrqzi.jpg,/Users/brian/Desktop/VCL318/Swin-ViT/ViTUnet vs SwinUnet/Dataset/processed/Kvasir-SEG/masks/cju5bmhdcafs909878qfzrqzi.png,561,528,0.151282,True,1
cju5bycdkalkb09875f7bfrvx.jpg,cju5bycdkalkb09875f7bfrvx,val,/Users/brian/Desktop/VCL318/Swin-ViT/ViTUnet vs SwinUnet/Dataset/processed/Kvasir-SEG/images/cju5bycdkalkb09875f7bfrvx.jpg,/Users/brian/Desktop/VCL318/Swin-ViT/ViTUnet vs SwinUnet/Dataset/processed/Kvasir-SEG/masks/cju5bycdkalkb09875f7bfrvx.png,603,530,0.25257,True,1
cju5ew4h9cqaf0818rrczkmqh.jpg,cju5ew4h9cqaf0818rrczkmqh,val,/Users/brian/Desktop/VCL318/Swin-ViT/ViTUnet vs SwinUnet/Dataset/processed/Kvasir-SEG/images/cju5ew4h9cqaf0818rrczkmqh.jpg,/Users/brian/Desktop/VCL318/Swin-ViT/ViTUnet vs SwinUnet/Dataset/processed/Kvasir-SEG/masks/cju5ew4h9cqaf0818rrczkmqh.png,570,530,0.242463,True,1
cju5ft6mcd5q40987rhjgbrr6.jpg,cju5ft6mcd5q40987rhjgbrr6,val,/Users/brian/Desktop/VCL318/Swin-ViT/ViTUnet vs SwinUnet/Dataset/processed/Kvasir-SEG/images/cju5ft6mcd5q40987rhjgbrr6.jpg,/Users/brian/Desktop/VCL318/Swin-ViT/ViTUnet vs SwinUnet/Dataset/processed/Kvasir-SEG/masks/cju5ft6mcd5q40987rhjgbrr6.png,622,530,0.132964,True,1
cju5hi52odyf90817prvcwg45.jpg,cju5hi52odyf90817prvcwg45,val,/Users/brian/Desktop/VCL318/Swin-ViT/ViTUnet vs SwinUnet/Dataset/processed/Kvasir-SEG/images/cju5hi52odyf90817prvcwg45.jpg,/Users/brian/Desktop/VCL318/Swin-ViT/ViTUnet vs SwinUnet/Dataset/processed/Kvasir-SEG/masks/cju5hi52odyf90817prvcwg45.png,568,352,0.212548,True,1
cju5nyu31gv8e0871zpk74a2n.jpg,cju5nyu31gv8e0871zpk74a2n,val,/Users/brian/Desktop/VCL318/Swin-ViT/ViTUnet vs SwinUnet/Dataset/processed/Kvasir-SEG/images/cju5nyu31gv8e0871zpk74a2n.jpg,/Users/brian/Desktop/VCL318/Swin-ViT/ViTUnet vs SwinUnet/Dataset/processed/Kvasir-SEG/masks/cju5nyu31gv8e0871zpk74a2n.png,616,529,0.048609,True,1
cju5tgbzhjllu08174ca41eus.jpg,cju5tgbzhjllu08174ca41eus,val,/Users/brian/Desktop/VCL318/Swin-ViT/ViTUnet vs SwinUnet/Dataset/processed/Kvasir-SEG/images/cju5tgbzhjllu08174ca41eus.jpg,/Users/brian/Desktop/VCL318/Swin-ViT/ViTUnet vs SwinUnet/Dataset/processed/Kvasir-SEG/masks/cju5tgbzhjllu08174ca41eus.png,622,531,0.094628,True,1
cju5wj0faly5008187n6530af.jpg,cju5wj0faly5008187n6530af,val,/Users/brian/Desktop/VCL318/Swin-ViT/ViTUnet vs SwinUnet/Dataset/processed/Kvasir-SEG/images/cju5wj0faly5008187n6530af.jpg,/Users/brian/Desktop/VCL318/Swin-ViT/ViTUnet vs SwinUnet/Dataset/processed/Kvasir-SEG/masks/cju5wj0faly5008187n6530af.png,570,530,0.087574,True,1
cju5wrrs0m2af0818vmnajbtw.jpg,cju5wrrs0m2af0818vmnajbtw,val,/Users/brian/Desktop/VCL318/Swin-ViT/ViTUnet vs SwinUnet/Dataset/processed/Kvasir-SEG/images/cju5wrrs0m2af0818vmnajbtw.jpg,/Users/brian/Desktop/VCL318/Swin-ViT/ViTUnet vs SwinUnet/Dataset/processed/Kvasir-SEG/masks/cju5wrrs0m2af0818vmnajbtw.png,626,547,0.02268,True,1
cju5wuhm1lwm40987vugqn3vv.jpg,cju5wuhm1lwm40987vugqn3vv,val,/Users/brian/Desktop/VCL318/Swin-ViT/ViTUnet vs SwinUnet/Dataset/processed/Kvasir-SEG/images/cju5wuhm1lwm40987vugqn3vv.jpg,/Users/brian/Desktop/VCL318/Swin-ViT/ViTUnet vs SwinUnet/Dataset/processed/Kvasir-SEG/masks/cju5wuhm1lwm40987vugqn3vv.png,613,530,0.087131,True,1
cju5x28nzm7t907558ocq4bt7.jpg,cju5x28nzm7t907558ocq4bt7,val,/Users/brian/Desktop/VCL318/Swin-ViT/ViTUnet vs SwinUnet/Dataset/processed/Kvasir-SEG/images/cju5x28nzm7t907558ocq4bt7.jpg,/Users/brian/Desktop/VCL318/Swin-ViT/ViTUnet vs SwinUnet/Dataset/processed/Kvasir-SEG/masks/cju5x28nzm7t907558ocq4bt7.png,597,546,0.138544,True,1
cju5yhgznmkzb0801cji2vi8j.jpg,cju5yhgznmkzb0801cji2vi8j,val,/Users/brian/Desktop/VCL318/Swin-ViT/ViTUnet vs SwinUnet/Dataset/processed/Kvasir-SEG/images/cju5yhgznmkzb0801cji2vi8j.jpg,/Users/brian/Desktop/VCL318/Swin-ViT/ViTUnet vs SwinUnet/Dataset/processed/Kvasir-SEG/masks/cju5yhgznmkzb0801cji2vi8j.png,568,529,0.028895,True,1
cju6vta3kvazg0817qbeppjtm.jpg,cju6vta3kvazg0817qbeppjtm,val,/Users/brian/Desktop/VCL318/Swin-ViT/ViTUnet vs SwinUnet/Dataset/processed/Kvasir-SEG/images/cju6vta3kvazg0817qbeppjtm.jpg,/Users/brian/Desktop/VCL318/Swin-ViT/ViTUnet vs SwinUnet/Dataset/processed/Kvasir-SEG/masks/cju6vta3kvazg0817qbeppjtm.png,622,528,0.235354,True,1
cju6wll7wvo3y08502pagos8m.jpg,cju6wll7wvo3y08502pagos8m,val,/Users/brian/Desktop/VCL318/Swin-ViT/ViTUnet vs SwinUnet/Dataset/processed/Kvasir-SEG/images/cju6wll7wvo3y08502pagos8m.jpg,/Users/brian/Desktop/VCL318/Swin-ViT/ViTUnet vs SwinUnet/Dataset/processed/Kvasir-SEG/masks/cju6wll7wvo3y08502pagos8m.png,568,497,0.222862,True,1
cju6wt9jvvn500871hjn3t3g0.jpg,cju6wt9jvvn500871hjn3t3g0,val,/Users/brian/Desktop/VCL318/Swin-ViT/ViTUnet vs SwinUnet/Dataset/processed/Kvasir-SEG/images/cju6wt9jvvn500871hjn3t3g0.jpg,/Users/brian/Desktop/VCL318/Swin-ViT/ViTUnet vs SwinUnet/Dataset/processed/Kvasir-SEG/masks/cju6wt9jvvn500871hjn3t3g0.png,622,530,0.183959,True,1
cju6yywx1whbb0871ksgfgf9f.jpg,cju6yywx1whbb0871ksgfgf9f,val,/Users/brian/Desktop/VCL318/Swin-ViT/ViTUnet vs SwinUnet/Dataset/processed/Kvasir-SEG/images/cju6yywx1whbb0871ksgfgf9f.jpg,/Users/brian/Desktop/VCL318/Swin-ViT/ViTUnet vs SwinUnet/Dataset/processed/Kvasir-SEG/masks/cju6yywx1whbb0871ksgfgf9f.png,622,530,0.083859,True,1
cju774fmayxif0818u2g79usw.jpg,cju774fmayxif0818u2g79usw,val,/Users/brian/Desktop/VCL318/Swin-ViT/ViTUnet vs SwinUnet/Dataset/processed/Kvasir-SEG/images/cju774fmayxif0818u2g79usw.jpg,/Users/brian/Desktop/VCL318/Swin-ViT/ViTUnet vs SwinUnet/Dataset/processed/Kvasir-SEG/masks/cju774fmayxif0818u2g79usw.png,622,530,0.058284,True,1
cju7arvfe1ldu0850erdmphgj.jpg,cju7arvfe1ldu0850erdmphgj,val,/Users/brian/Desktop/VCL318/Swin-ViT/ViTUnet vs SwinUnet/Dataset/processed/Kvasir-SEG/images/cju7arvfe1ldu0850erdmphgj.jpg,/Users/brian/Desktop/VCL318/Swin-ViT/ViTUnet vs SwinUnet/Dataset/processed/Kvasir-SEG/masks/cju7arvfe1ldu0850erdmphgj.png,622,529,0.151992,True,1
cju7bb3ss1uoo0755pmhyco7t.jpg,cju7bb3ss1uoo0755pmhyco7t,val,/Users/brian/Desktop/VCL318/Swin-ViT/ViTUnet vs SwinUnet/Dataset/processed/Kvasir-SEG/images/cju7bb3ss1uoo0755pmhyco7t.jpg,/Users/brian/Desktop/VCL318/Swin-ViT/ViTUnet vs SwinUnet/Dataset/processed/Kvasir-SEG/masks/cju7bb3ss1uoo0755pmhyco7t.png,502,529,0.169357,True,1
cju7bmi1v1pnj0987pa52jjok.jpg,cju7bmi1v1pnj0987pa52jjok,val,/Users/brian/Desktop/VCL318/Swin-ViT/ViTUnet vs SwinUnet/Dataset/processed/Kvasir-SEG/images/cju7bmi1v1pnj0987pa52jjok.jpg,/Users/brian/Desktop/VCL318/Swin-ViT/ViTUnet vs SwinUnet/Dataset/processed/Kvasir-SEG/masks/cju7bmi1v1pnj0987pa52jjok.png,614,530,0.134807,True,1
cju7cq6su27qv075574dir0r3.jpg,cju7cq6su27qv075574dir0r3,val,/Users/brian/Desktop/VCL318/Swin-ViT/ViTUnet vs SwinUnet/Dataset/processed/Kvasir-SEG/images/cju7cq6su27qv075574dir0r3.jpg,/Users/brian/Desktop/VCL318/Swin-ViT/ViTUnet vs SwinUnet/Dataset/processed/Kvasir-SEG/masks/cju7cq6su27qv075574dir0r3.png,622,530,0.130619,True,1
cju7d4jk723eu0817bqz2n39m.jpg,cju7d4jk723eu0817bqz2n39m,val,/Users/brian/Desktop/VCL318/Swin-ViT/ViTUnet vs SwinUnet/Dataset/processed/Kvasir-SEG/images/cju7d4jk723eu0817bqz2n39m.jpg,/Users/brian/Desktop/VCL318/Swin-ViT/ViTUnet vs SwinUnet/Dataset/processed/Kvasir-SEG/masks/cju7d4jk723eu0817bqz2n39m.png,615,530,0.125719,True,1
cju7d6ux323ze0987xos3srkx.jpg,cju7d6ux323ze0987xos3srkx,val,/Users/brian/Desktop/VCL318/Swin-ViT/ViTUnet vs SwinUnet/Dataset/processed/Kvasir-SEG/images/cju7d6ux323ze0987xos3srkx.jpg,/Users/brian/Desktop/VCL318/Swin-ViT/ViTUnet vs SwinUnet/Dataset/processed/Kvasir-SEG/masks/cju7d6ux323ze0987xos3srkx.png,621,527,0.37378,True,1
cju7ebe962hr409872ovibahw.jpg,cju7ebe962hr409872ovibahw,val,/Users/brian/Desktop/VCL318/Swin-ViT/ViTUnet vs SwinUnet/Dataset/processed/Kvasir-SEG/images/cju7ebe962hr409872ovibahw.jpg,/Users/brian/Desktop/VCL318/Swin-ViT/ViTUnet vs SwinUnet/Dataset/processed/Kvasir-SEG/masks/cju7ebe962hr409872ovibahw.png,622,530,0.436729,True,1
cju7f5ghb2r5s0801chwkxxh9.jpg,cju7f5ghb2r5s0801chwkxxh9,val,/Users/brian/Desktop/VCL318/Swin-ViT/ViTUnet vs SwinUnet/Dataset/processed/Kvasir-SEG/images/cju7f5ghb2r5s0801chwkxxh9.jpg,/Users/brian/Desktop/VCL318/Swin-ViT/ViTUnet vs SwinUnet/Dataset/processed/Kvasir-SEG/masks/cju7f5ghb2r5s0801chwkxxh9.png,1220,1010,0.297904,True,1
cju7fazv92ywx0755xov2erga.jpg,cju7fazv92ywx0755xov2erga,val,/Users/brian/Desktop/VCL318/Swin-ViT/ViTUnet vs SwinUnet/Dataset/processed/Kvasir-SEG/images/cju7fazv92ywx0755xov2erga.jpg,/Users/brian/Desktop/VCL318/Swin-ViT/ViTUnet vs SwinUnet/Dataset/processed/Kvasir-SEG/masks/cju7fazv92ywx0755xov2erga.png,605,528,0.334254,True,1
cju83syhdk6gs0801rf1rekdl.jpg,cju83syhdk6gs0801rf1rekdl,val,/Users/brian/Desktop/VCL318/Swin-ViT/ViTUnet vs SwinUnet/Dataset/processed/Kvasir-SEG/images/cju83syhdk6gs0801rf1rekdl.jpg,/Users/brian/Desktop/VCL318/Swin-ViT/ViTUnet vs SwinUnet/Dataset/processed/Kvasir-SEG/masks/cju83syhdk6gs0801rf1rekdl.png,626,546,0.092105,True,1
cju843yjskhq30818qre4rwm2.jpg,cju843yjskhq30818qre4rwm2,val,/Users/brian/Desktop/VCL318/Swin-ViT/ViTUnet vs SwinUnet/Dataset/processed/Kvasir-SEG/images/cju843yjskhq30818qre4rwm2.jpg,/Users/brian/Desktop/VCL318/Swin-ViT/ViTUnet vs SwinUnet/Dataset/processed/Kvasir-SEG/masks/cju843yjskhq30818qre4rwm2.png,547,437,0.054748,True,1
cju84gpefknwm098714oq8q61.jpg,cju84gpefknwm098714oq8q61,val,/Users/brian/Desktop/VCL318/Swin-ViT/ViTUnet vs SwinUnet/Dataset/processed/Kvasir-SEG/images/cju84gpefknwm098714oq8q61.jpg,/Users/brian/Desktop/VCL318/Swin-ViT/ViTUnet vs SwinUnet/Dataset/processed/Kvasir-SEG/masks/cju84gpefknwm098714oq8q61.png,622,528,0.131836,True,1
cju85je7vlht70817c9jcjwi4.jpg,cju85je7vlht70817c9jcjwi4,val,/Users/brian/Desktop/VCL318/Swin-ViT/ViTUnet vs SwinUnet/Dataset/processed/Kvasir-SEG/images/cju85je7vlht70817c9jcjwi4.jpg,/Users/brian/Desktop/VCL318/Swin-ViT/ViTUnet vs SwinUnet/Dataset/processed/Kvasir-SEG/masks/cju85je7vlht70817c9jcjwi4.png,1220,1011,0.358232,True,1
cju85rkbnlo1c08503uxcpax1.jpg,cju85rkbnlo1c08503uxcpax1,val,/Users/brian/Desktop/VCL318/Swin-ViT/ViTUnet vs SwinUnet/Dataset/processed/Kvasir-SEG/images/cju85rkbnlo1c08503uxcpax1.jpg,/Users/brian/Desktop/VCL318/Swin-ViT/ViTUnet vs SwinUnet/Dataset/processed/Kvasir-SEG/masks/cju85rkbnlo1c08503uxcpax1.png,622,531,0.17109,True,1
cju87kbcen2av0987usezo8kn.jpg,cju87kbcen2av0987usezo8kn,val,/Users/brian/Desktop/VCL318/Swin-ViT/ViTUnet vs SwinUnet/Dataset/processed/Kvasir-SEG/images/cju87kbcen2av0987usezo8kn.jpg,/Users/brian/Desktop/VCL318/Swin-ViT/ViTUnet vs SwinUnet/Dataset/processed/Kvasir-SEG/masks/cju87kbcen2av0987usezo8kn.png,591,530,0.060939,True,2
cju87z6o6nh73085045bzsx6o.jpg,cju87z6o6nh73085045bzsx6o,val,/Users/brian/Desktop/VCL318/Swin-ViT/ViTUnet vs SwinUnet/Dataset/processed/Kvasir-SEG/images/cju87z6o6nh73085045bzsx6o.jpg,/Users/brian/Desktop/VCL318/Swin-ViT/ViTUnet vs SwinUnet/Dataset/processed/Kvasir-SEG/masks/cju87z6o6nh73085045bzsx6o.png,622,530,0.117218,True,1
cju8828oxnool0801qno9luhr.jpg,cju8828oxnool0801qno9luhr,val,/Users/brian/Desktop/VCL318/Swin-ViT/ViTUnet vs SwinUnet/Dataset/processed/Kvasir-SEG/images/cju8828oxnool0801qno9luhr.jpg,/Users/brian/Desktop/VCL318/Swin-ViT/ViTUnet vs SwinUnet/Dataset/processed/Kvasir-SEG/masks/cju8828oxnool0801qno9luhr.png,622,528,0.190776,True,1
cju884985nlmx0817vzpax3y4.jpg,cju884985nlmx0817vzpax3y4,val,/Users/brian/Desktop/VCL318/Swin-ViT/ViTUnet vs SwinUnet/Dataset/processed/Kvasir-SEG/images/cju884985nlmx0817vzpax3y4.jpg,/Users/brian/Desktop/VCL318/Swin-ViT/ViTUnet vs SwinUnet/Dataset/processed/Kvasir-SEG/masks/cju884985nlmx0817vzpax3y4.png,581,529,0.018403,True,2
cju88msmoo3470817m441j4sg.jpg,cju88msmoo3470817m441j4sg,val,/Users/brian/Desktop/VCL318/Swin-ViT/ViTUnet vs SwinUnet/Dataset/processed/Kvasir-SEG/images/cju88msmoo3470817m441j4sg.jpg,/Users/brian/Desktop/VCL318/Swin-ViT/ViTUnet vs SwinUnet/Dataset/processed/Kvasir-SEG/masks/cju88msmoo3470817m441j4sg.png,615,530,0.15287,True,1
cju89z6pqpqfx0817mfv8ixjc.jpg,cju89z6pqpqfx0817mfv8ixjc,val,/Users/brian/Desktop/VCL318/Swin-ViT/ViTUnet vs SwinUnet/Dataset/processed/Kvasir-SEG/images/cju89z6pqpqfx0817mfv8ixjc.jpg,/Users/brian/Desktop/VCL318/Swin-ViT/ViTUnet vs SwinUnet/Dataset/processed/Kvasir-SEG/masks/cju89z6pqpqfx0817mfv8ixjc.png,622,531,0.014851,True,1
cju8aw9n1qyg10801jkjlmors.jpg,cju8aw9n1qyg10801jkjlmors,val,/Users/brian/Desktop/VCL318/Swin-ViT/ViTUnet vs SwinUnet/Dataset/processed/Kvasir-SEG/images/cju8aw9n1qyg10801jkjlmors.jpg,/Users/brian/Desktop/VCL318/Swin-ViT/ViTUnet vs SwinUnet/Dataset/processed/Kvasir-SEG/masks/cju8aw9n1qyg10801jkjlmors.png,622,530,0.259349,True,1
cju8b2rmgr52s0801p54eyflx.jpg,cju8b2rmgr52s0801p54eyflx,val,/Users/brian/Desktop/VCL318/Swin-ViT/ViTUnet vs SwinUnet/Dataset/processed/Kvasir-SEG/images/cju8b2rmgr52s0801p54eyflx.jpg,/Users/brian/Desktop/VCL318/Swin-ViT/ViTUnet vs SwinUnet/Dataset/processed/Kvasir-SEG/masks/cju8b2rmgr52s0801p54eyflx.png,587,530,0.166468,True,1
cju8c82iosagu0817l74s4m5g.jpg,cju8c82iosagu0817l74s4m5g,val,/Users/brian/Desktop/VCL318/Swin-ViT/ViTUnet vs SwinUnet/Dataset/processed/Kvasir-SEG/images/cju8c82iosagu0817l74s4m5g.jpg,/Users/brian/Desktop/VCL318/Swin-ViT/ViTUnet vs SwinUnet/Dataset/processed/Kvasir-SEG/masks/cju8c82iosagu0817l74s4m5g.png,626,547,0.363496,True,1
cju8cattbsivm0818p446wgel.jpg,cju8cattbsivm0818p446wgel,val,/Users/brian/Desktop/VCL318/Swin-ViT/ViTUnet vs SwinUnet/Dataset/processed/Kvasir-SEG/images/cju8cattbsivm0818p446wgel.jpg,/Users/brian/Desktop/VCL318/Swin-ViT/ViTUnet vs SwinUnet/Dataset/processed/Kvasir-SEG/masks/cju8cattbsivm0818p446wgel.png,621,531,0.392812,True,1
cju8chxndsre008015uisl4si.jpg,cju8chxndsre008015uisl4si,val,/Users/brian/Desktop/VCL318/Swin-ViT/ViTUnet vs SwinUnet/Dataset/processed/Kvasir-SEG/images/cju8chxndsre008015uisl4si.jpg,/Users/brian/Desktop/VCL318/Swin-ViT/ViTUnet vs SwinUnet/Dataset/processed/Kvasir-SEG/masks/cju8chxndsre008015uisl4si.png,605,444,0.036077,True,1
ck2bxiswtxuw80838qkisqjwz.jpg,ck2bxiswtxuw80838qkisqjwz,val,/Users/brian/Desktop/VCL318/Swin-ViT/ViTUnet vs SwinUnet/Dataset/processed/Kvasir-SEG/images/ck2bxiswtxuw80838qkisqjwz.jpg,/Users/brian/Desktop/VCL318/Swin-ViT/ViTUnet vs SwinUnet/Dataset/processed/Kvasir-SEG/masks/ck2bxiswtxuw80838qkisqjwz.png,621,520,0.442388,True,2
